lambdaBS,lambdaUE,loss_thresh,mean_rate,threshold rate
25,2000,20.0000000000000000,75399467.1500550955533981,44437293.8830064013600349
