lambdaBS,lambdaUE,loss_thresh,mean_rate,threshold rate
25,500,60.0000000000000000,161868819.2519365251064301,134635532.3022291958332062
