lambdaBS,lambdaUE,loss_thresh,mean_rate,threshold rate
25,750,70.0000000000000000,172500979.9761629700660706,185404369.0828585624694824
