lambdaBS,lambdaUE,loss_thresh,mean_rate,threshold rate
25,500,60.0000000000000000,217938411.1568375527858734,216396504.9479715824127197
