lambdaBS,lambdaUE,loss_thresh,mean_rate,threshold rate
25,250,20.0000000000000000,239273032.7303931117057800,152191086.7606606185436249
