lambdaBS,lambdaUE,loss_thresh,mean_rate,threshold rate
25,1500,70.0000000000000000,60542622.9864991903305054,47117508.0684685409069061
