lambdaBS,lambdaUE,loss_thresh,mean_rate,threshold rate
25,250,30.0000000000000036,312305433.1622051000595093,268680291.6161234378814697
