lambdaBS,lambdaUE,loss_thresh,mean_rate,threshold rate
25,1000,60.0000000000000000,103538602.1898398250341415,74113006.5370392054319382
