lambdaBS,lambdaUE,loss_thresh,mean_rate,threshold rate
25,750,0.0000000000000000,150346419.1019440889358521,65464569.0748581141233444
