lambdaBS,lambdaUE,loss_thresh,mean_rate,threshold rate
25,500,40.0000000000000000,199786126.1512503325939178,139045771.3316301703453064
