lambdaBS,lambdaUE,loss_thresh,mean_rate,threshold rate
25,250,70.0000000000000000,265872923.2297193408012390,324705484.4164218306541443
