lambdaBS,lambdaUE,loss_thresh,mean_rate,threshold rate
25,750,80.0000000000000000,131212270.4838777333498001,168889774.6058980822563171
