lambdaBS,lambdaUE,loss_thresh,mean_rate,threshold rate
25,500,30.0000000000000036,159687712.3017172217369080,100250649.2863461822271347
