lambdaBS,lambdaUE,loss_thresh,mean_rate,threshold rate
25,750,40.0000000000000000,161877426.1697733700275421,108953244.1102464497089386
