lambdaBS,lambdaUE,loss_thresh,mean_rate,threshold rate
25,2000,10.0000000000000000,51721079.6352816298604012,28473520.5785328187048435
