lambdaBS,lambdaUE,loss_thresh,mean_rate,threshold rate
25,750,70.0000000000000000,139637540.1970115602016449,145193717.9794826805591583
