lambdaBS,lambdaUE,loss_thresh,mean_rate,threshold rate
25,500,10.0000000000000000,147387617.5816494226455688,83565560.6786907613277435
