lambdaBS,lambdaUE,loss_thresh,mean_rate,threshold rate
25,2000,30.0000000000000036,61761642.0200998857617378,39552202.6964312791824341
