lambdaBS,lambdaUE,loss_thresh,mean_rate,threshold rate
25,500,60.0000000000000000,166593563.4842134714126587,141141541.7597836256027222
