lambdaBS,lambdaUE,loss_thresh,mean_rate,threshold rate
25,1500,0.0000000000000000,120905410.4253394901752472,38649036.1707249060273170
