lambdaBS,lambdaUE,loss_thresh,mean_rate,threshold rate
25,2000,40.0000000000000000,49354709.1278658732771873,34530710.4147000014781952
