lambdaBS,lambdaUE,loss_thresh,mean_rate,threshold rate
25,500,30.0000000000000036,207015959.3530932366847992,142886266.7138113975524902
