lambdaBS,lambdaUE,loss_thresh,mean_rate,threshold rate
25,500,80.0000000000000000,214401319.7525389492511749,295475273.5324536561965942
