lambdaBS,lambdaUE,loss_thresh,mean_rate,threshold rate
25,500,10.0000000000000000,217938411.1568375527858734,131920341.8890487849712372
