lambdaBS,lambdaUE,loss_thresh,mean_rate,threshold rate
25,2000,90.0000000000000000,48028662.9549871087074280,54054944.1059092581272125
