lambdaBS,lambdaUE,loss_thresh,mean_rate,threshold rate
25,500,90.0000000000000000,164752846.7565250396728516,352842882.7594096660614014
