lambdaBS,lambdaUE,loss_thresh,mean_rate,threshold rate
25,500,80.0000000000000000,166593563.4842134714126587,237056970.1903002560138702
