lambdaBS,lambdaUE,loss_thresh,mean_rate,threshold rate
25,1000,70.0000000000000000,93646997.9121973067522049,80725438.7569150179624557
