lambdaBS,lambdaUE,loss_thresh,mean_rate,threshold rate
25,250,60.0000000000000000,277455822.2756936550140381,313398039.6744328141212463
