lambdaBS,lambdaUE,loss_thresh,mean_rate,threshold rate
25,250,30.0000000000000036,253185220.4067657887935638,187545751.9547181129455566
