lambdaBS,lambdaUE,loss_thresh,mean_rate,threshold rate
25,1500,30.0000000000000036,85543066.2445224225521088,50610201.4375326931476593
