lambdaBS,lambdaUE,loss_thresh,mean_rate,threshold rate
25,500,0.0000000000000000,193741417.5633775889873505,79102440.2510600537061691
