lambdaBS,lambdaUE,loss_thresh,mean_rate,threshold rate
25,750,50.0000000000000000,161877426.1697733700275421,121337960.8893780261278152
