lambdaBS,lambdaUE,loss_thresh,mean_rate,threshold rate
25,750,60.0000000000000000,170777532.0917022824287415,154589188.0498943626880646
