lambdaBS,lambdaUE,loss_thresh,mean_rate,threshold rate
25,1000,50.0000000000000000,126478633.2569307833909988,88254755.7262411415576935
