lambdaBS,lambdaUE,loss_thresh,mean_rate,threshold rate
25,1500,100.0000000000000000,131268245.0528503805398941,399555233.5427249073982239
