lambdaBS,lambdaUE,loss_thresh,mean_rate,threshold rate
25,250,90.0000000000000000,306394671.5027071237564087,389805235.1943702101707458
