lambdaBS,lambdaUE,loss_thresh,mean_rate,threshold rate
25,2000,60.0000000000000000,62500224.8074901923537254,45651232.1761102154850960
