lambdaBS,lambdaUE,loss_thresh,mean_rate,threshold rate
25,500,50.0000000000000000,221997534.0487715601921082,196857107.7418051362037659
