lambdaBS,lambdaUE,loss_thresh,mean_rate,threshold rate
25,1000,60.0000000000000000,118976417.3674478977918625,86446203.7599322646856308
