lambdaBS,lambdaUE,loss_thresh,mean_rate,threshold rate
25,500,70.0000000000000000,157582473.0646435916423798,151299364.2112959325313568
