lambdaBS,lambdaUE,loss_thresh,mean_rate,threshold rate
25,250,60.0000000000000000,305050831.5635651946067810,335871808.0544785857200623
