lambdaBS,lambdaUE,loss_thresh,mean_rate,threshold rate
25,1500,20.0000000000000000,89100120.5524170547723770,45965007.1161985546350479
