lambdaBS,lambdaUE,loss_thresh,mean_rate,threshold rate
25,1000,90.0000000000000000,113478921.8477745652198792,248600483.6069439351558685
