lambdaBS,lambdaUE,loss_thresh,mean_rate,threshold rate
25,1500,40.0000000000000000,73502658.1937979161739349,47581954.1913408413529396
