lambdaBS,lambdaUE,loss_thresh,mean_rate,threshold rate
25,250,40.0000000000000000,239273032.7303931117057800,184976479.4276767373085022
