lambdaBS,lambdaUE,loss_thresh,mean_rate,threshold rate
25,2000,90.0000000000000000,56148353.5995105504989624,80988750.8144058585166931
