lambdaBS,lambdaUE,loss_thresh,mean_rate,threshold rate
25,1500,60.0000000000000000,86416574.0809701830148697,62642388.6540309563279152
