lambdaBS,lambdaUE,loss_thresh,mean_rate,threshold rate
25,2000,70.0000000000000000,49952095.1488297507166862,37803688.5228520631790161
