lambdaBS,lambdaUE,loss_thresh,mean_rate,threshold rate
25,1000,70.0000000000000000,67855215.6360788047313690,52710570.4337666109204292
