lambdaBS,lambdaUE,loss_thresh,mean_rate,threshold rate
25,750,70.0000000000000000,108030417.9273125678300858,96334683.7180898189544678
