lambdaBS,lambdaUE,loss_thresh,mean_rate,threshold rate
25,2000,50.0000000000000000,61823349.3152036592364311,41625356.2777015864849091
