lambdaBS,lambdaUE,loss_thresh,mean_rate,threshold rate
25,1500,40.0000000000000000,84232475.3530925065279007,54824603.2905079424381256
