lambdaBS,lambdaUE,loss_thresh,mean_rate,threshold rate
25,1000,60.0000000000000000,144838088.9673042893409729,115132127.1661870330572128
