lambdaBS,lambdaUE,loss_thresh,mean_rate,threshold rate
25,2000,100.0000000000000000,60864390.6409080401062965,399657505.5806022882461548
