lambdaBS,lambdaUE,loss_thresh,mean_rate,threshold rate
25,250,60.0000000000000000,283048216.4289863705635071,312438234.1238569021224976
