lambdaBS,lambdaUE,loss_thresh,mean_rate,threshold rate
25,750,60.0000000000000000,153189547.8606058657169342,130947628.1201772242784500
