lambdaBS,lambdaUE,loss_thresh,mean_rate,threshold rate
25,500,100.0000000000000000,164752846.7565250396728516,399577168.4735856652259827
