lambdaBS,lambdaUE,loss_thresh,mean_rate,threshold rate
25,250,80.0000000000000000,244477306.9735323190689087,341880589.3541455268859863
