lambdaBS,lambdaUE,loss_thresh,mean_rate,threshold rate
25,2000,90.0000000000000000,42548737.1037807762622833,41645568.2517669573426247
