lambdaBS,lambdaUE,loss_thresh,mean_rate,threshold rate
25,2000,50.0000000000000000,79331113.0898984372615814,55649458.4350944012403488
