lambdaBS,lambdaUE,loss_thresh,mean_rate,threshold rate
25,500,20.0000000000000000,186607459.9680850803852081,104731609.1716068983078003
