lambdaBS,lambdaUE,loss_thresh,mean_rate,threshold rate
25,750,40.0000000000000000,124535802.8954550325870514,80153341.6822266429662704
