lambdaBS,lambdaUE,loss_thresh,mean_rate,threshold rate
25,1500,30.0000000000000036,80811130.3796265274286270,49153710.4497189596295357
