lambdaBS,lambdaUE,loss_thresh,mean_rate,threshold rate
25,1500,10.0000000000000000,93763357.6442786455154419,47512905.3899832069873810
