lambdaBS,lambdaUE,loss_thresh,mean_rate,threshold rate
25,2000,90.0000000000000000,37401754.1048015952110291,34870181.3601819649338722
