lambdaBS,lambdaUE,loss_thresh,mean_rate,threshold rate
25,750,90.0000000000000000,206999404.5599347949028015,363330081.1815377473831177
