lambdaBS,lambdaUE,loss_thresh,mean_rate,threshold rate
25,2000,70.0000000000000000,58957806.4853451997041702,45577230.9488751962780952
