lambdaBS,lambdaUE,loss_thresh,mean_rate,threshold rate
25,750,80.0000000000000000,177295295.2033334374427795,257023288.5906613171100616
