lambdaBS,lambdaUE,loss_thresh,mean_rate,threshold rate
25,500,40.0000000000000000,232670656.5390791594982147,189938905.6722077727317810
