lambdaBS,lambdaUE,loss_thresh,mean_rate,threshold rate
25,1500,60.0000000000000000,96498020.0949508696794510,71179967.2421528100967407
