lambdaBS,lambdaUE,loss_thresh,mean_rate,threshold rate
25,500,80.0000000000000000,206140722.6378326416015625,324325741.2147657871246338
