lambdaBS,lambdaUE,loss_thresh,mean_rate,threshold rate
25,1000,50.0000000000000000,118278074.9840818643569946,85280102.3893232345581055
