lambdaBS,lambdaUE,loss_thresh,mean_rate,threshold rate
25,2000,40.0000000000000000,55961653.3258567973971367,38713395.6336312741041183
