lambdaBS,lambdaUE,loss_thresh,mean_rate,threshold rate
25,2000,10.0000000000000000,66973922.5274242311716080,35827974.4038072228431702
