lambdaBS,lambdaUE,loss_thresh,mean_rate,threshold rate
25,1000,100.0000000000000000,98717934.4678460806608200,399262227.4788045883178711
