lambdaBS,lambdaUE,loss_thresh,mean_rate,threshold rate
25,1000,0.0000000000000000,106319852.4506192058324814,39691714.5133296996355057
