lambdaBS,lambdaUE,loss_thresh,mean_rate,threshold rate
25,250,40.0000000000000000,287931514.2966033816337585,263615813.9360995292663574
