lambdaBS,lambdaUE,loss_thresh,mean_rate,threshold rate
25,500,50.0000000000000000,193741417.5633775889873505,157498328.4835336804389954
