lambdaBS,lambdaUE,loss_thresh,mean_rate,threshold rate
25,2000,60.0000000000000000,49500837.5829512625932693,34832399.8757766932249069
