lambdaBS,lambdaUE,loss_thresh,mean_rate,threshold rate
25,1500,40.0000000000000000,77359638.7744346261024475,50317301.6443414613604546
