lambdaBS,lambdaUE,loss_thresh,mean_rate,threshold rate
25,750,80.0000000000000000,140012112.6677200198173523,195539889.9560438692569733
