lambdaBS,lambdaUE,loss_thresh,mean_rate,threshold rate
25,1500,50.0000000000000000,86416574.0809701830148697,58835033.6807283610105515
