lambdaBS,lambdaUE,loss_thresh,mean_rate,threshold rate
25,1500,20.0000000000000000,61583977.8417275696992874,36658707.3266612514853477
