lambdaBS,lambdaUE,loss_thresh,mean_rate,threshold rate
25,250,90.0000000000000000,278905271.0019903182983398,392134567.3797999620437622
