lambdaBS,lambdaUE,loss_thresh,mean_rate,threshold rate
25,1000,70.0000000000000000,98943820.5460494756698608,80277521.3755480945110321
