lambdaBS,lambdaUE,loss_thresh,mean_rate,threshold rate
25,500,20.0000000000000000,188826169.8792707622051239,113018633.3598964065313339
