lambdaBS,lambdaUE,loss_thresh,mean_rate,threshold rate
25,500,30.0000000000000036,190365197.4589685499668121,119770533.4801814556121826
