lambdaBS,lambdaUE,loss_thresh,mean_rate,threshold rate
25,250,50.0000000000000000,308098058.5486901998519897,321811741.2235546708106995
