lambdaBS,lambdaUE,loss_thresh,mean_rate,threshold rate
25,500,0.0000000000000000,206814532.6901633739471436,98818160.6640520393848419
