lambdaBS,lambdaUE,loss_thresh,mean_rate,threshold rate
25,1000,50.0000000000000000,129711416.1369701772928238,90542503.8412846326828003
