lambdaBS,lambdaUE,loss_thresh,mean_rate,threshold rate
25,250,10.0000000000000000,266646249.6610763967037201,160333746.3011720180511475
