lambdaBS,lambdaUE,loss_thresh,mean_rate,threshold rate
25,750,50.0000000000000000,155637274.1525279581546783,110293465.6331767737865448
