lambdaBS,lambdaUE,loss_thresh,mean_rate,threshold rate
25,750,20.0000000000000000,149686850.3862207829952240,86594109.4655378162860870
