lambdaBS,lambdaUE,loss_thresh,mean_rate,threshold rate
25,1000,60.0000000000000000,129331404.1830827593803406,103608481.8759923428297043
