lambdaBS,lambdaUE,loss_thresh,mean_rate,threshold rate
25,750,40.0000000000000000,157017060.4377644658088684,107161910.2216558605432510
