lambdaBS,lambdaUE,loss_thresh,mean_rate,threshold rate
25,1000,90.0000000000000000,115337179.6485338360071182,257593834.1397645771503448
