lambdaBS,lambdaUE,loss_thresh,mean_rate,threshold rate
25,1500,10.0000000000000000,89100120.5524170547723770,42064363.6771200224757195
