lambdaBS,lambdaUE,loss_thresh,mean_rate,threshold rate
25,1500,100.0000000000000000,82045455.3809620738029480,397997009.2631026506423950
