lambdaBS,lambdaUE,loss_thresh,mean_rate,threshold rate
25,250,60.0000000000000000,299332505.5781394839286804,333062478.8359361886978149
