lambdaBS,lambdaUE,loss_thresh,mean_rate,threshold rate
25,1000,10.0000000000000000,80602078.3696055114269257,46086372.7277669832110405
