lambdaBS,lambdaUE,loss_thresh,mean_rate,threshold rate
25,2000,60.0000000000000000,73887281.6468609869480133,56913678.5550861433148384
