lambdaBS,lambdaUE,loss_thresh,mean_rate,threshold rate
25,750,30.0000000000000036,142905587.7171257734298706,87576747.1085644364356995
