lambdaBS,lambdaUE,loss_thresh,mean_rate,threshold rate
25,250,30.0000000000000036,301532702.1284962892532349,272627729.5299472808837891
