lambdaBS,lambdaUE,loss_thresh,mean_rate,threshold rate
25,1500,0.0000000000000000,57213386.9327307641506195,21953381.3122064657509327
