lambdaBS,lambdaUE,loss_thresh,mean_rate,threshold rate
25,2000,90.0000000000000000,58747989.7847753390669823,78981658.8186731636524200
