lambdaBS,lambdaUE,loss_thresh,mean_rate,threshold rate
25,1000,20.0000000000000000,106974945.4972628951072693,59991489.2384783625602722
