lambdaBS,lambdaUE,loss_thresh,mean_rate,threshold rate
25,500,60.0000000000000000,188963905.2443248331546783,172414971.5789270997047424
