lambdaBS,lambdaUE,loss_thresh,mean_rate,threshold rate
25,1500,20.0000000000000000,73829411.0891317129135132,40411308.3249539136886597
