lambdaBS,lambdaUE,loss_thresh,mean_rate,threshold rate
25,1500,100.0000000000000000,84232475.3530925065279007,399289555.8854218721389771
