lambdaBS,lambdaUE,loss_thresh,mean_rate,threshold rate
25,750,70.0000000000000000,96746134.5355876386165619,73159595.8535749763250351
