lambdaBS,lambdaUE,loss_thresh,mean_rate,threshold rate
25,2000,50.0000000000000000,48806529.0751942172646523,34669232.5695232599973679
