lambdaBS,lambdaUE,loss_thresh,mean_rate,threshold rate
25,500,70.0000000000000000,193904863.8447406589984894,236070098.2161960899829865
