lambdaBS,lambdaUE,loss_thresh,mean_rate,threshold rate
25,250,10.0000000000000000,291621054.1188374757766724,176838923.0732018649578094
