lambdaBS,lambdaUE,loss_thresh,mean_rate,threshold rate
25,250,90.0000000000000000,292807224.2829713225364685,392618381.6457853913307190
