lambdaBS,lambdaUE,loss_thresh,mean_rate,threshold rate
25,2000,30.0000000000000036,50839173.2861243858933449,29975473.5440721623599529
