lambdaBS,lambdaUE,loss_thresh,mean_rate,threshold rate
25,1500,10.0000000000000000,80983968.8130644857883453,46208238.8296191096305847
