lambdaBS,lambdaUE,loss_thresh,mean_rate,threshold rate
25,1000,80.0000000000000000,76853562.4266330301761627,71478917.2812360674142838
