lambdaBS,lambdaUE,loss_thresh,mean_rate,threshold rate
25,1500,60.0000000000000000,88689550.8980881571769714,65396722.0284589156508446
