lambdaBS,lambdaUE,loss_thresh,mean_rate,threshold rate
25,750,70.0000000000000000,153189547.8606058657169342,157452508.0676006674766541
