lambdaBS,lambdaUE,loss_thresh,mean_rate,threshold rate
25,500,30.0000000000000036,213971273.7266663908958435,147228063.7197964489459991
