lambdaBS,lambdaUE,loss_thresh,mean_rate,threshold rate
25,1500,0.0000000000000000,80988837.1309504061937332,33221327.6783027276396751
