lambdaBS,lambdaUE,loss_thresh,mean_rate,threshold rate
25,750,50.0000000000000000,199707429.1686598360538483,160275831.1835545301437378
