lambdaBS,lambdaUE,loss_thresh,mean_rate,threshold rate
25,1500,60.0000000000000000,69105429.3689134865999222,49549663.2413449585437775
