lambdaBS,lambdaUE,loss_thresh,mean_rate,threshold rate
25,500,80.0000000000000000,156951852.2852806746959686,213401729.3780594170093536
