lambdaBS,lambdaUE,loss_thresh,mean_rate,threshold rate
25,1000,0.0000000000000000,118226441.7022977024316788,49844013.3140139579772949
