lambdaBS,lambdaUE,loss_thresh,mean_rate,threshold rate
25,500,80.0000000000000000,233014539.2559989094734192,326147537.7741420865058899
