lambdaBS,lambdaUE,loss_thresh,mean_rate,threshold rate
25,500,50.0000000000000000,193904863.8447406589984894,152185683.3481412529945374
