lambdaBS,lambdaUE,loss_thresh,mean_rate,threshold rate
25,2000,0.0000000000000000,40128318.7311688065528870,13297081.4756930805742741
