lambdaBS,lambdaUE,loss_thresh,mean_rate,threshold rate
25,2000,20.0000000000000000,47970043.1779759377241135,29020973.1382804587483406
