lambdaBS,lambdaUE,loss_thresh,mean_rate,threshold rate
25,750,10.0000000000000000,154230337.7962758541107178,77569579.5026189982891083
