lambdaBS,lambdaUE,loss_thresh,mean_rate,threshold rate
25,1500,90.0000000000000000,48839680.8619498834013939,55402054.6354074552655220
