lambdaBS,lambdaUE,loss_thresh,mean_rate,threshold rate
25,750,0.0000000000000000,171307766.9431833922863007,67887489.7823646664619446
