lambdaBS,lambdaUE,loss_thresh,mean_rate,threshold rate
25,1000,100.0000000000000000,114102832.8003760874271393,398950327.0565564036369324
