lambdaBS,lambdaUE,loss_thresh,mean_rate,threshold rate
25,2000,40.0000000000000000,60864390.6409080401062965,39152039.5699141845107079
