lambdaBS,lambdaUE,loss_thresh,mean_rate,threshold rate
25,750,0.0000000000000000,170924857.5760799646377563,71653038.5940831601619720
