lambdaBS,lambdaUE,loss_thresh,mean_rate,threshold rate
25,750,60.0000000000000000,159301373.5906502008438110,139477337.5125831365585327
