lambdaBS,lambdaUE,loss_thresh,mean_rate,threshold rate
25,750,30.0000000000000036,154230337.7962758541107178,94822356.2542831301689148
