lambdaBS,lambdaUE,loss_thresh,mean_rate,threshold rate
25,1500,30.0000000000000036,65723562.7735048681497574,44835359.3718440011143684
