lambdaBS,lambdaUE,loss_thresh,mean_rate,threshold rate
25,1500,90.0000000000000000,131268245.0528503805398941,316008382.9860850572586060
