lambdaBS,lambdaUE,loss_thresh,mean_rate,threshold rate
25,1500,60.0000000000000000,73502658.1937979161739349,53888665.7398262396454811
