lambdaBS,lambdaUE,loss_thresh,mean_rate,threshold rate
25,750,60.0000000000000000,181737928.9022804796695709,171538038.5555138587951660
