lambdaBS,lambdaUE,loss_thresh,mean_rate,threshold rate
25,1000,60.0000000000000000,114274453.8095522969961166,83804851.1325636655092239
