lambdaBS,lambdaUE,loss_thresh,mean_rate,threshold rate
25,1000,10.0000000000000000,129714523.2631676942110062,67065877.7414346039295197
