lambdaBS,lambdaUE,loss_thresh,mean_rate,threshold rate
25,2000,10.0000000000000000,56148353.5995105504989624,25996925.3592715412378311
