lambdaBS,lambdaUE,loss_thresh,mean_rate,threshold rate
25,750,40.0000000000000000,168247112.2229948341846466,118946314.6966561079025269
