lambdaBS,lambdaUE,loss_thresh,mean_rate,threshold rate
25,750,30.0000000000000036,159978555.5293815135955811,102453193.7752103805541992
