lambdaBS,lambdaUE,loss_thresh,mean_rate,threshold rate
25,1000,60.0000000000000000,80602078.3696055114269257,58209445.3077450543642044
