lambdaBS,lambdaUE,loss_thresh,mean_rate,threshold rate
25,250,30.0000000000000036,293959182.2258570790290833,240709104.2256968021392822
