lambdaBS,lambdaUE,loss_thresh,mean_rate,threshold rate
25,500,10.0000000000000000,213971273.7266663908958435,111981023.3316856920719147
