lambdaBS,lambdaUE,loss_thresh,mean_rate,threshold rate
25,1000,100.0000000000000000,100035443.1928832232952118,399886377.6154817342758179
