lambdaBS,lambdaUE,loss_thresh,mean_rate,threshold rate
25,250,80.0000000000000000,292124702.7760958671569824,380053794.0158673524856567
