lambdaBS,lambdaUE,loss_thresh,mean_rate,threshold rate
25,500,60.0000000000000000,187252466.5755333602428436,181468010.3031091988086700
