lambdaBS,lambdaUE,loss_thresh,mean_rate,threshold rate
25,2000,100.0000000000000000,49783326.8764070197939873,398534137.5254284739494324
