lambdaBS,lambdaUE,loss_thresh,mean_rate,threshold rate
25,2000,60.0000000000000000,62940350.3964305818080902,44549308.0947370678186417
