lambdaBS,lambdaUE,loss_thresh,mean_rate,threshold rate
25,750,0.0000000000000000,107188527.8131493777036667,47072702.6553282365202904
