lambdaBS,lambdaUE,loss_thresh,mean_rate,threshold rate
25,1000,80.0000000000000000,113478921.8477745652198792,138475526.3805228471755981
