lambdaBS,lambdaUE,loss_thresh,mean_rate,threshold rate
25,500,0.0000000000000000,236112254.3286349475383759,79137691.9261832535266876
