lambdaBS,lambdaUE,loss_thresh,mean_rate,threshold rate
25,1000,80.0000000000000000,100035443.1928832232952118,109514453.7988529205322266
