lambdaBS,lambdaUE,loss_thresh,mean_rate,threshold rate
25,2000,80.0000000000000000,68214893.4247093647718430,62596547.0272589772939682
