lambdaBS,lambdaUE,loss_thresh,mean_rate,threshold rate
25,250,80.0000000000000000,262536866.9099802970886230,359893893.0096993446350098
