lambdaBS,lambdaUE,loss_thresh,mean_rate,threshold rate
25,1500,60.0000000000000000,89100120.5524170547723770,63396749.9693018123507500
