lambdaBS,lambdaUE,loss_thresh,mean_rate,threshold rate
25,250,100.0000000000000000,267167687.5265225172042847,399860588.4785693883895874
