lambdaBS,lambdaUE,loss_thresh,mean_rate,threshold rate
25,2000,20.0000000000000000,70171556.1003137230873108,41863070.3537278845906258
