lambdaBS,lambdaUE,loss_thresh,mean_rate,threshold rate
25,2000,0.0000000000000000,88260216.0241076797246933,33359556.8510994091629982
