lambdaBS,lambdaUE,loss_thresh,mean_rate,threshold rate
25,1000,90.0000000000000000,167392508.0464700758457184,352100004.4529498219490051
