lambdaBS,lambdaUE,loss_thresh,mean_rate,threshold rate
25,250,50.0000000000000000,270799507.3649336099624634,265173231.3165298402309418
