lambdaBS,lambdaUE,loss_thresh,mean_rate,threshold rate
25,750,100.0000000000000000,148475166.3147248327732086,399901140.1791122555732727
