lambdaBS,lambdaUE,loss_thresh,mean_rate,threshold rate
25,750,100.0000000000000000,215922754.0323698222637177,399676119.6986427903175354
