lambdaBS,lambdaUE,loss_thresh,mean_rate,threshold rate
25,1000,40.0000000000000000,129177701.3151416480541229,83940992.4955877661705017
