lambdaBS,lambdaUE,loss_thresh,mean_rate,threshold rate
25,1000,80.0000000000000000,129149158.4527609348297119,157138516.8222154974937439
