lambdaBS,lambdaUE,loss_thresh,mean_rate,threshold rate
25,750,100.0000000000000000,199707429.1686598360538483,399877986.3097239732742310
