lambdaBS,lambdaUE,loss_thresh,mean_rate,threshold rate
25,500,60.0000000000000000,188991611.3950321078300476,172916133.5476622283458710
