lambdaBS,lambdaUE,loss_thresh,mean_rate,threshold rate
25,500,90.0000000000000000,193741417.5633775889873505,345132150.6622614264488220
