lambdaBS,lambdaUE,loss_thresh,mean_rate,threshold rate
25,750,40.0000000000000000,149686850.3862207829952240,98005951.6824132502079010
