lambdaBS,lambdaUE,loss_thresh,mean_rate,threshold rate
25,250,60.0000000000000000,262920882.4668350815773010,306352760.3726395964622498
