lambdaBS,lambdaUE,loss_thresh,mean_rate,threshold rate
25,500,30.0000000000000036,205437894.8055492043495178,133858079.0124379694461823
