lambdaBS,lambdaUE,loss_thresh,mean_rate,threshold rate
25,1500,10.0000000000000000,75897609.5003102868795395,41756331.5057135522365570
