lambdaBS,lambdaUE,loss_thresh,mean_rate,threshold rate
25,2000,90.0000000000000000,46641663.0322953164577484,48770200.0744916051626205
