lambdaBS,lambdaUE,loss_thresh,mean_rate,threshold rate
25,500,60.0000000000000000,162556468.4388157427310944,131871460.9837806075811386
