lambdaBS,lambdaUE,loss_thresh,mean_rate,threshold rate
25,500,40.0000000000000000,173955911.9568229019641876,110911516.7105410695075989
