lambdaBS,lambdaUE,loss_thresh,mean_rate,threshold rate
25,500,70.0000000000000000,162556468.4388157427310944,170323149.8983610272407532
