lambdaBS,lambdaUE,loss_thresh,mean_rate,threshold rate
25,750,30.0000000000000036,155637274.1525279581546783,94080776.2192488461732864
