lambdaBS,lambdaUE,loss_thresh,mean_rate,threshold rate
25,2000,30.0000000000000036,71358643.7283172309398651,42050745.1824188828468323
