lambdaBS,lambdaUE,loss_thresh,mean_rate,threshold rate
25,250,60.0000000000000000,257485536.9079914987087250,283433978.5766553878784180
