lambdaBS,lambdaUE,loss_thresh,mean_rate,threshold rate
25,1500,30.0000000000000036,78855078.5031198710203171,49141095.5453575849533081
