lambdaBS,lambdaUE,loss_thresh,mean_rate,threshold rate
25,1500,10.0000000000000000,66525955.5295467078685760,37481704.7596524506807327
