lambdaBS,lambdaUE,loss_thresh,mean_rate,threshold rate
25,2000,0.0000000000000000,59873746.6564631015062332,21856869.6992538496851921
