lambdaBS,lambdaUE,loss_thresh,mean_rate,threshold rate
25,250,90.0000000000000000,286926541.7221158146858215,392291893.4344136714935303
