lambdaBS,lambdaUE,loss_thresh,mean_rate,threshold rate
25,2000,80.0000000000000000,61823349.3152036592364311,54347155.6428351923823357
