lambdaBS,lambdaUE,loss_thresh,mean_rate,threshold rate
25,1500,80.0000000000000000,77123393.8701012432575226,75844078.6715292781591415
