lambdaBS,lambdaUE,loss_thresh,mean_rate,threshold rate
25,250,80.0000000000000000,310938424.8790909051895142,379025600.0944325923919678
