lambdaBS,lambdaUE,loss_thresh,mean_rate,threshold rate
25,2000,40.0000000000000000,61446935.6204690188169479,39623382.7959298714995384
