lambdaBS,lambdaUE,loss_thresh,mean_rate,threshold rate
25,1000,0.0000000000000000,114274453.8095522969961166,48617878.8470309004187584
