lambdaBS,lambdaUE,loss_thresh,mean_rate,threshold rate
25,2000,80.0000000000000000,66628357.4029916375875473,60070084.8486327752470970
