lambdaBS,lambdaUE,loss_thresh,mean_rate,threshold rate
25,750,20.0000000000000000,171167393.7804499864578247,98997802.7520685791969299
