lambdaBS,lambdaUE,loss_thresh,mean_rate,threshold rate
25,1500,10.0000000000000000,55514229.2758087590336800,31360192.1914536729454994
