lambdaBS,lambdaUE,loss_thresh,mean_rate,threshold rate
25,500,90.0000000000000000,169766361.8417476415634155,320333672.7781913280487061
