lambdaBS,lambdaUE,loss_thresh,mean_rate,threshold rate
25,1500,20.0000000000000000,80988837.1309504061937332,46936335.8916049897670746
