lambdaBS,lambdaUE,loss_thresh,mean_rate,threshold rate
25,1000,70.0000000000000000,98717934.4678460806608200,80308170.6477320939302444
