lambdaBS,lambdaUE,loss_thresh,mean_rate,threshold rate
25,1000,70.0000000000000000,92416432.1329274475574493,74742918.3654582351446152
