lambdaBS,lambdaUE,loss_thresh,mean_rate,threshold rate
25,750,100.0000000000000000,130316952.2468164563179016,399951232.1731579899787903
