lambdaBS,lambdaUE,loss_thresh,mean_rate,threshold rate
25,750,100.0000000000000000,171307766.9431833922863007,399456548.1378790140151978
