lambdaBS,lambdaUE,loss_thresh,mean_rate,threshold rate
25,750,80.0000000000000000,133653561.4949979335069656,172049237.1034424602985382
