lambdaBS,lambdaUE,loss_thresh,mean_rate,threshold rate
25,750,70.0000000000000000,164735575.7048147618770599,170048926.8454961776733398
