lambdaBS,lambdaUE,loss_thresh,mean_rate,threshold rate
25,1500,100.0000000000000000,77359638.7744346261024475,399441652.9155479073524475
