lambdaBS,lambdaUE,loss_thresh,mean_rate,threshold rate
25,250,20.0000000000000000,294652560.7431404590606689,214019216.0059333443641663
