lambdaBS,lambdaUE,loss_thresh,mean_rate,threshold rate
25,1500,40.0000000000000000,78855078.5031198710203171,51651739.5905179530382156
