lambdaBS,lambdaUE,loss_thresh,mean_rate,threshold rate
25,750,40.0000000000000000,171167393.7804499864578247,118092404.0908783674240112
