lambdaBS,lambdaUE,loss_thresh,mean_rate,threshold rate
25,750,40.0000000000000000,160313017.1436156630516052,111023657.8551771789789200
