lambdaBS,lambdaUE,loss_thresh,mean_rate,threshold rate
25,1500,100.0000000000000000,75684603.2912701815366745,399566811.9661824107170105
