lambdaBS,lambdaUE,loss_thresh,mean_rate,threshold rate
25,250,100.0000000000000000,294652560.7431404590606689,399882846.7188394069671631
