lambdaBS,lambdaUE,loss_thresh,mean_rate,threshold rate
25,1000,60.0000000000000000,129635651.8699527382850647,100830549.9189928472042084
