lambdaBS,lambdaUE,loss_thresh,mean_rate,threshold rate
25,2000,40.0000000000000000,72375972.2218290120363235,47248817.0015516802668571
