lambdaBS,lambdaUE,loss_thresh,mean_rate,threshold rate
25,1500,10.0000000000000000,69105429.3689134865999222,37441333.4320852607488632
