lambdaBS,lambdaUE,loss_thresh,mean_rate,threshold rate
25,2000,50.0000000000000000,66007976.8784482181072235,45633820.4469220414757729
