lambdaBS,lambdaUE,loss_thresh,mean_rate,threshold rate
25,1500,30.0000000000000036,99477236.2207554876804352,57415343.2484973818063736
