lambdaBS,lambdaUE,loss_thresh,mean_rate,threshold rate
25,1500,50.0000000000000000,89100120.5524170547723770,58079664.7337144836783409
