lambdaBS,lambdaUE,loss_thresh,mean_rate,threshold rate
25,250,30.0000000000000036,291682658.3846660852432251,241811506.5670981109142303
