lambdaBS,lambdaUE,loss_thresh,mean_rate,threshold rate
25,250,0.0000000000000000,286444241.0471339821815491,123452738.0114691257476807
