lambdaBS,lambdaUE,loss_thresh,mean_rate,threshold rate
25,750,40.0000000000000000,154599280.2439275383949280,103380303.8468595147132874
