lambdaBS,lambdaUE,loss_thresh,mean_rate,threshold rate
25,1500,50.0000000000000000,98900038.9029720425605774,66007650.4935126975178719
