lambdaBS,lambdaUE,loss_thresh,mean_rate,threshold rate
25,1000,20.0000000000000000,110397107.6045265495777130,61701987.3332007378339767
