lambdaBS,lambdaUE,loss_thresh,mean_rate,threshold rate
25,500,70.0000000000000000,157236492.7287157773971558,151161529.8625516295433044
