lambdaBS,lambdaUE,loss_thresh,mean_rate,threshold rate
25,500,20.0000000000000000,218763509.6631558239459991,138484170.7989483475685120
