lambdaBS,lambdaUE,loss_thresh,mean_rate,threshold rate
25,1500,10.0000000000000000,99561452.4301052689552307,52247014.4091607034206390
