lambdaBS,lambdaUE,loss_thresh,mean_rate,threshold rate
25,250,0.0000000000000000,239273032.7303931117057800,112012755.7156906276941299
