lambdaBS,lambdaUE,loss_thresh,mean_rate,threshold rate
25,250,70.0000000000000000,298981477.9053134322166443,355700056.4456843733787537
