lambdaBS,lambdaUE,loss_thresh,mean_rate,threshold rate
25,1500,60.0000000000000000,101185487.0637925267219543,74142070.8057127296924591
