lambdaBS,lambdaUE,loss_thresh,mean_rate,threshold rate
25,1500,20.0000000000000000,93763357.6442786455154419,52062461.3607836216688156
