lambdaBS,lambdaUE,loss_thresh,mean_rate,threshold rate
25,1000,40.0000000000000000,144838088.9673042893409729,95012713.9969062954187393
