lambdaBS,lambdaUE,loss_thresh,mean_rate,threshold rate
25,750,50.0000000000000000,134883436.5794526040554047,92817681.6384109854698181
