lambdaBS,lambdaUE,loss_thresh,mean_rate,threshold rate
25,1000,100.0000000000000000,115337179.6485338360071182,398674302.5956916213035583
