lambdaBS,lambdaUE,loss_thresh,mean_rate,threshold rate
25,1000,0.0000000000000000,104642690.8279273360967636,48708391.7333038896322250
