lambdaBS,lambdaUE,loss_thresh,mean_rate,threshold rate
25,750,10.0000000000000000,145335754.2808541059494019,85951834.3847901225090027
