lambdaBS,lambdaUE,loss_thresh,mean_rate,threshold rate
25,1000,80.0000000000000000,98914069.4826032370328903,99536038.0028820633888245
