lambdaBS,lambdaUE,loss_thresh,mean_rate,threshold rate
25,750,50.0000000000000000,172500979.9761629700660706,136816139.4688660800457001
