lambdaBS,lambdaUE,loss_thresh,mean_rate,threshold rate
25,1000,60.0000000000000000,114890645.1741123199462891,90015230.2595629096031189
