lambdaBS,lambdaUE,loss_thresh,mean_rate,threshold rate
25,2000,10.0000000000000000,69437306.8819510489702225,37759088.8682087138295174
