lambdaBS,lambdaUE,loss_thresh,mean_rate,threshold rate
25,1000,50.0000000000000000,106319852.4506192058324814,69316040.4944116473197937
