lambdaBS,lambdaUE,loss_thresh,mean_rate,threshold rate
25,500,40.0000000000000000,203932088.5897113084793091,148315908.1261152625083923
