lambdaBS,lambdaUE,loss_thresh,mean_rate,threshold rate
25,1500,0.0000000000000000,75684603.2912701815366745,27153162.0070199556648731
