lambdaBS,lambdaUE,loss_thresh,mean_rate,threshold rate
25,2000,70.0000000000000000,42548737.1037807762622833,32690719.8592867925763130
