lambdaBS,lambdaUE,loss_thresh,mean_rate,threshold rate
25,2000,10.0000000000000000,55905281.6923233717679977,31118614.2254868894815445
