lambdaBS,lambdaUE,loss_thresh,mean_rate,threshold rate
25,1000,80.0000000000000000,159159871.0735320150852203,229965796.8271094560623169
