lambdaBS,lambdaUE,loss_thresh,mean_rate,threshold rate
25,750,20.0000000000000000,166550955.6694678664207458,103956006.4057984054088593
