lambdaBS,lambdaUE,loss_thresh,mean_rate,threshold rate
25,500,20.0000000000000000,188991611.3950321078300476,107506833.5040126144886017
