lambdaBS,lambdaUE,loss_thresh,mean_rate,threshold rate
25,250,100.0000000000000000,284183330.5342071056365967,399662384.5316410064697266
