lambdaBS,lambdaUE,loss_thresh,mean_rate,threshold rate
25,500,50.0000000000000000,210764168.7636462748050690,182445102.6048687994480133
