lambdaBS,lambdaUE,loss_thresh,mean_rate,threshold rate
25,1500,30.0000000000000036,72028693.9188253432512283,44336077.9716691970825195
