lambdaBS,lambdaUE,loss_thresh,mean_rate,threshold rate
25,500,70.0000000000000000,213971273.7266663908958435,262422588.2470125555992126
