lambdaBS,lambdaUE,loss_thresh,mean_rate,threshold rate
25,2000,30.0000000000000036,44935888.3266390934586525,29069944.4584558270871639
