lambdaBS,lambdaUE,loss_thresh,mean_rate,threshold rate
25,250,40.0000000000000000,301543110.8811925649642944,281070118.6445561051368713
