lambdaBS,lambdaUE,loss_thresh,mean_rate,threshold rate
25,2000,30.0000000000000036,88260216.0241076797246933,55633929.6184464767575264
