lambdaBS,lambdaUE,loss_thresh,mean_rate,threshold rate
25,500,90.0000000000000000,233026430.3156396448612213,375761988.7524645328521729
