lambdaBS,lambdaUE,loss_thresh,mean_rate,threshold rate
25,250,80.0000000000000000,293378104.0259145498275757,375171263.3630502223968506
