lambdaBS,lambdaUE,loss_thresh,mean_rate,threshold rate
25,500,70.0000000000000000,188963905.2443248331546783,218699069.7491009235382080
