lambdaBS,lambdaUE,loss_thresh,mean_rate,threshold rate
25,1500,70.0000000000000000,82138213.9431901574134827,69681858.0233194380998611
