lambdaBS,lambdaUE,loss_thresh,mean_rate,threshold rate
25,2000,10.0000000000000000,48414339.5269311964511871,26544599.7879859209060669
