lambdaBS,lambdaUE,loss_thresh,mean_rate,threshold rate
25,500,50.0000000000000000,221349025.4847458004951477,199225669.0139924883842468
