lambdaBS,lambdaUE,loss_thresh,mean_rate,threshold rate
25,1500,60.0000000000000000,82045455.3809620738029480,62404315.1656092107295990
