lambdaBS,lambdaUE,loss_thresh,mean_rate,threshold rate
25,750,40.0000000000000000,170924857.5760799646377563,115671600.6262116730213165
