lambdaBS,lambdaUE,loss_thresh,mean_rate,threshold rate
25,1000,90.0000000000000000,127920627.5562996715307236,263994240.0813696384429932
