lambdaBS,lambdaUE,loss_thresh,mean_rate,threshold rate
25,2000,10.0000000000000000,69066483.3061653822660446,38224225.0825707018375397
