lambdaBS,lambdaUE,loss_thresh,mean_rate,threshold rate
25,1500,60.0000000000000000,87767591.7160757482051849,63604679.3121133670210838
