lambdaBS,lambdaUE,loss_thresh,mean_rate,threshold rate
25,1000,40.0000000000000000,126346968.7536365389823914,87184435.8669960498809814
