lambdaBS,lambdaUE,loss_thresh,mean_rate,threshold rate
25,250,40.0000000000000000,293948659.0319084525108337,269869968.1476816534996033
