lambdaBS,lambdaUE,loss_thresh,mean_rate,threshold rate
25,1000,30.0000000000000036,126053447.7040834873914719,74289895.3788250684738159
