lambdaBS,lambdaUE,loss_thresh,mean_rate,threshold rate
25,250,10.0000000000000000,300508665.4237394928932190,204598396.6860769391059875
