lambdaBS,lambdaUE,loss_thresh,mean_rate,threshold rate
25,2000,10.0000000000000000,56685397.6138151958584785,29116699.1699502542614937
