lambdaBS,lambdaUE,loss_thresh,mean_rate,threshold rate
25,500,50.0000000000000000,166593563.4842134714126587,127304257.8346740305423737
