lambdaBS,lambdaUE,loss_thresh,mean_rate,threshold rate
25,1500,90.0000000000000000,86416574.0809701830148697,163240376.3443552255630493
