lambdaBS,lambdaUE,loss_thresh,mean_rate,threshold rate
25,1000,30.0000000000000036,161797087.8351994752883911,100436563.8420482724905014
