lambdaBS,lambdaUE,loss_thresh,mean_rate,threshold rate
25,250,10.0000000000000000,306806437.4557766318321228,204155843.4519374966621399
