lambdaBS,lambdaUE,loss_thresh,mean_rate,threshold rate
25,250,20.0000000000000000,311136731.1613894104957581,245356362.3478532433509827
