lambdaBS,lambdaUE,loss_thresh,mean_rate,threshold rate
25,750,70.0000000000000000,144227377.7009856700897217,133853542.1071897894144058
