lambdaBS,lambdaUE,loss_thresh,mean_rate,threshold rate
25,500,50.0000000000000000,195700273.4462177753448486,157391323.5917543768882751
