lambdaBS,lambdaUE,loss_thresh,mean_rate,threshold rate
25,1500,20.0000000000000000,81696749.9079154878854752,47635337.4455401748418808
