lambdaBS,lambdaUE,loss_thresh,mean_rate,threshold rate
25,750,50.0000000000000000,196806957.2354021370410919,163543893.2165849804878235
