lambdaBS,lambdaUE,loss_thresh,mean_rate,threshold rate
25,2000,100.0000000000000000,62500224.8074901923537254,398108797.3598507046699524
