lambdaBS,lambdaUE,loss_thresh,mean_rate,threshold rate
25,750,90.0000000000000000,126113712.0432818084955215,272916749.5473500490188599
