lambdaBS,lambdaUE,loss_thresh,mean_rate,threshold rate
25,500,80.0000000000000000,147745943.8734732270240784,196742208.5012114048004150
