lambdaBS,lambdaUE,loss_thresh,mean_rate,threshold rate
25,750,80.0000000000000000,137935430.2246192991733551,194164107.3506169319152832
