lambdaBS,lambdaUE,loss_thresh,mean_rate,threshold rate
25,2000,40.0000000000000000,38792331.2653004229068756,27440158.6002183295786381
