lambdaBS,lambdaUE,loss_thresh,mean_rate,threshold rate
25,250,40.0000000000000000,278994029.1142294406890869,251474004.5779665708541870
