lambdaBS,lambdaUE,loss_thresh,mean_rate,threshold rate
25,500,30.0000000000000036,199107170.5250081121921539,125454186.7785853445529938
