lambdaBS,lambdaUE,loss_thresh,mean_rate,threshold rate
25,250,50.0000000000000000,279098601.9563840627670288,280998663.0468547344207764
