lambdaBS,lambdaUE,loss_thresh,mean_rate,threshold rate
25,250,60.0000000000000000,296176002.5036040544509888,326993141.3891941308975220
