lambdaBS,lambdaUE,loss_thresh,mean_rate,threshold rate
25,250,50.0000000000000000,300508665.4237394928932190,300639491.5771713256835938
