lambdaBS,lambdaUE,loss_thresh,mean_rate,threshold rate
25,250,80.0000000000000000,286342088.0961239933967590,362875912.3272024989128113
