lambdaBS,lambdaUE,loss_thresh,mean_rate,threshold rate
25,2000,40.0000000000000000,65966018.1752099320292473,41701456.3188088461756706
