lambdaBS,lambdaUE,loss_thresh,mean_rate,threshold rate
25,1500,100.0000000000000000,65723562.7735048681497574,399871310.2872706651687622
