lambdaBS,lambdaUE,loss_thresh,mean_rate,threshold rate
25,2000,20.0000000000000000,69066483.3061653822660446,41679837.0064373165369034
