lambdaBS,lambdaUE,loss_thresh,mean_rate,threshold rate
25,250,50.0000000000000000,275431098.8313042521476746,265620136.2337820529937744
