lambdaBS,lambdaUE,loss_thresh,mean_rate,threshold rate
25,1000,30.0000000000000036,129149158.4527609348297119,80816861.7987593412399292
