lambdaBS,lambdaUE,loss_thresh,mean_rate,threshold rate
25,1500,10.0000000000000000,52885256.3798075765371323,28177510.4381714463233948
