lambdaBS,lambdaUE,loss_thresh,mean_rate,threshold rate
25,500,0.0000000000000000,221997534.0487715601921082,98554499.5526705384254456
