lambdaBS,lambdaUE,loss_thresh,mean_rate,threshold rate
25,2000,20.0000000000000000,54476759.0230063870549202,34648951.7693615779280663
