lambdaBS,lambdaUE,loss_thresh,mean_rate,threshold rate
25,1500,90.0000000000000000,80843512.6108797043561935,140634361.1479564011096954
