lambdaBS,lambdaUE,loss_thresh,mean_rate,threshold rate
25,2000,60.0000000000000000,71748796.2210294604301453,54081295.3172170221805573
