lambdaBS,lambdaUE,loss_thresh,mean_rate,threshold rate
25,1000,100.0000000000000000,80090887.6745335310697556,399302811.6041035652160645
