lambdaBS,lambdaUE,loss_thresh,mean_rate,threshold rate
25,750,80.0000000000000000,194051128.7470055520534515,296496887.4255948066711426
