lambdaBS,lambdaUE,loss_thresh,mean_rate,threshold rate
25,1000,100.0000000000000000,98943820.5460494756698608,398922830.5830840468406677
