lambdaBS,lambdaUE,loss_thresh,mean_rate,threshold rate
25,250,70.0000000000000000,301543110.8811925649642944,352591236.0409606099128723
