lambdaBS,lambdaUE,loss_thresh,mean_rate,threshold rate
25,1500,80.0000000000000000,116063919.8313247710466385,142341924.9189987480640411
