lambdaBS,lambdaUE,loss_thresh,mean_rate,threshold rate
25,1000,100.0000000000000000,118278074.9840818643569946,399625901.6223874092102051
