lambdaBS,lambdaUE,loss_thresh,mean_rate,threshold rate
25,750,10.0000000000000000,98790830.1420820355415344,59844263.4433661177754402
