lambdaBS,lambdaUE,loss_thresh,mean_rate,threshold rate
25,750,90.0000000000000000,165878903.1768380403518677,316007775.3856692314147949
