lambdaBS,lambdaUE,loss_thresh,mean_rate,threshold rate
25,2000,20.0000000000000000,97467207.1818301230669022,52094889.9906357824802399
