lambdaBS,lambdaUE,loss_thresh,mean_rate,threshold rate
25,750,20.0000000000000000,162429641.4979998171329498,93377334.3155672997236252
