lambdaBS,lambdaUE,loss_thresh,mean_rate,threshold rate
25,500,30.0000000000000036,222994751.6000937521457672,156983900.7558400928974152
