lambdaBS,lambdaUE,loss_thresh,mean_rate,threshold rate
25,250,0.0000000000000000,296574467.2671362757682800,158283901.8681908845901489
