lambdaBS,lambdaUE,loss_thresh,mean_rate,threshold rate
25,1000,50.0000000000000000,105326884.5751594752073288,74249473.9827161729335785
