lambdaBS,lambdaUE,loss_thresh,mean_rate,threshold rate
25,500,100.0000000000000000,161167452.5843535661697388,399302763.6626024246215820
