lambdaBS,lambdaUE,loss_thresh,mean_rate,threshold rate
25,500,20.0000000000000000,221997534.0487715601921082,141259547.1653866171836853
