lambdaBS,lambdaUE,loss_thresh,mean_rate,threshold rate
25,1500,60.0000000000000000,74605920.9676925241947174,54738308.1865964680910110
