lambdaBS,lambdaUE,loss_thresh,mean_rate,threshold rate
25,1000,70.0000000000000000,126478633.2569307833909988,116757373.6127221882343292
