lambdaBS,lambdaUE,loss_thresh,mean_rate,threshold rate
25,1000,30.0000000000000036,98717934.4678460806608200,59997358.2708620429039001
