lambdaBS,lambdaUE,loss_thresh,mean_rate,threshold rate
25,1500,30.0000000000000036,102875847.8133615702390671,58263365.9367219656705856
