lambdaBS,lambdaUE,loss_thresh,mean_rate,threshold rate
25,750,100.0000000000000000,142905587.7171257734298706,399095827.7078583240509033
