lambdaBS,lambdaUE,loss_thresh,mean_rate,threshold rate
25,500,40.0000000000000000,256371731.6315537989139557,213501765.4316062927246094
