lambdaBS,lambdaUE,loss_thresh,mean_rate,threshold rate
25,250,90.0000000000000000,290026294.2987244725227356,388942099.0039431452751160
