lambdaBS,lambdaUE,loss_thresh,mean_rate,threshold rate
25,750,10.0000000000000000,152086793.6128051578998566,80435987.1311531662940979
