lambdaBS,lambdaUE,loss_thresh,mean_rate,threshold rate
25,500,90.0000000000000000,161868819.2519365251064301,333869899.7775872945785522
