lambdaBS,lambdaUE,loss_thresh,mean_rate,threshold rate
25,500,100.0000000000000000,197570801.4182207882404327,399437667.6637508273124695
