lambdaBS,lambdaUE,loss_thresh,mean_rate,threshold rate
25,1500,0.0000000000000000,131268245.0528503805398941,39783466.0898009985685349
