lambdaBS,lambdaUE,loss_thresh,mean_rate,threshold rate
25,2000,30.0000000000000036,45882657.0967239961028099,30147901.1918148137629032
