lambdaBS,lambdaUE,loss_thresh,mean_rate,threshold rate
25,750,20.0000000000000000,160313017.1436156630516052,94900353.1109163016080856
