lambdaBS,lambdaUE,loss_thresh,mean_rate,threshold rate
25,250,50.0000000000000000,244477306.9735323190689087,235544531.4231169223785400
