lambdaBS,lambdaUE,loss_thresh,mean_rate,threshold rate
25,1500,60.0000000000000000,89466719.7626030743122101,67558129.6440772712230682
