lambdaBS,lambdaUE,loss_thresh,mean_rate,threshold rate
25,250,80.0000000000000000,311136731.1613894104957581,377453574.2754628658294678
