lambdaBS,lambdaUE,loss_thresh,mean_rate,threshold rate
25,250,100.0000000000000000,292807224.2829713225364685,399753564.7633741497993469
