lambdaBS,lambdaUE,loss_thresh,mean_rate,threshold rate
25,500,0.0000000000000000,186607459.9680850803852081,67692706.5457549393177032
