lambdaBS,lambdaUE,loss_thresh,mean_rate,threshold rate
25,500,60.0000000000000000,160825113.1049457192420959,136851675.0081847012042999
