lambdaBS,lambdaUE,loss_thresh,mean_rate,threshold rate
25,1000,0.0000000000000000,144087980.7628902792930603,46637195.8786013573408127
