lambdaBS,lambdaUE,loss_thresh,mean_rate,threshold rate
25,500,40.0000000000000000,213536480.9752264916896820,159991963.9453575015068054
