lambdaBS,lambdaUE,loss_thresh,mean_rate,threshold rate
25,1000,0.0000000000000000,139020875.1377535760402679,53061302.3968160152435303
