lambdaBS,lambdaUE,loss_thresh,mean_rate,threshold rate
25,750,60.0000000000000000,122559706.6174858212471008,92563626.8846813440322876
