lambdaBS,lambdaUE,loss_thresh,mean_rate,threshold rate
25,1000,20.0000000000000000,111568575.4929027706384659,63728295.0559320449829102
