lambdaBS,lambdaUE,loss_thresh,mean_rate,threshold rate
25,1000,90.0000000000000000,118278074.9840818643569946,244354234.8261401057243347
