lambdaBS,lambdaUE,loss_thresh,mean_rate,threshold rate
25,1000,20.0000000000000000,102167493.6697952896356583,60775357.8785796090960503
