lambdaBS,lambdaUE,loss_thresh,mean_rate,threshold rate
25,500,10.0000000000000000,204140041.3972802162170410,110576333.2098716497421265
