lambdaBS,lambdaUE,loss_thresh,mean_rate,threshold rate
25,500,40.0000000000000000,257898345.5196865200996399,219617537.0765322148799896
