lambdaBS,lambdaUE,loss_thresh,mean_rate,threshold rate
25,250,80.0000000000000000,290026294.2987244725227356,369077066.5854014158248901
