lambdaBS,lambdaUE,loss_thresh,mean_rate,threshold rate
25,2000,0.0000000000000000,66007976.8784482181072235,20502684.7758761495351791
