lambdaBS,lambdaUE,loss_thresh,mean_rate,threshold rate
25,250,60.0000000000000000,311136731.1613894104957581,339448905.8719638586044312
