lambdaBS,lambdaUE,loss_thresh,mean_rate,threshold rate
25,1000,60.0000000000000000,80646573.2939335107803345,58575801.9055427759885788
