lambdaBS,lambdaUE,loss_thresh,mean_rate,threshold rate
25,2000,100.0000000000000000,45592089.8189247921109200,399460973.1601958274841309
