lambdaBS,lambdaUE,loss_thresh,mean_rate,threshold rate
25,500,80.0000000000000000,147184847.5805005431175232,207780475.9472646713256836
