lambdaBS,lambdaUE,loss_thresh,mean_rate,threshold rate
25,2000,0.0000000000000000,34017729.5774768292903900,10256515.6435602288693190
