lambdaBS,lambdaUE,loss_thresh,mean_rate,threshold rate
25,500,0.0000000000000000,203270399.0365623831748962,80321589.6681969165802002
