lambdaBS,lambdaUE,loss_thresh,mean_rate,threshold rate
25,250,50.0000000000000000,296574467.2671362757682800,309303610.4250729084014893
