lambdaBS,lambdaUE,loss_thresh,mean_rate,threshold rate
25,2000,70.0000000000000000,68953960.1516192108392715,56931482.0426233708858490
