lambdaBS,lambdaUE,loss_thresh,mean_rate,threshold rate
25,750,0.0000000000000000,154599280.2439275383949280,58766732.9884953349828720
