lambdaBS,lambdaUE,loss_thresh,mean_rate,threshold rate
25,250,50.0000000000000000,290258261.3553092479705811,287576163.6833564043045044
