lambdaBS,lambdaUE,loss_thresh,mean_rate,threshold rate
25,1500,100.0000000000000000,67382523.1430252790451050,399810415.4296698570251465
