lambdaBS,lambdaUE,loss_thresh,mean_rate,threshold rate
25,750,40.0000000000000000,145034545.0254938602447510,96434458.0550530254840851
