lambdaBS,lambdaUE,loss_thresh,mean_rate,threshold rate
25,2000,0.0000000000000000,79331113.0898984372615814,26588079.7908888980746269
