lambdaBS,lambdaUE,loss_thresh,mean_rate,threshold rate
25,250,0.0000000000000000,302831688.7323762178421021,134620852.4272240698337555
