lambdaBS,lambdaUE,loss_thresh,mean_rate,threshold rate
25,500,100.0000000000000000,217938411.1568375527858734,399741650.9661753773689270
