lambdaBS,lambdaUE,loss_thresh,mean_rate,threshold rate
25,1500,40.0000000000000000,75120587.7769700735807419,49206241.2583798766136169
