lambdaBS,lambdaUE,loss_thresh,mean_rate,threshold rate
25,250,20.0000000000000000,270799507.3649336099624634,183836563.3702237010002136
