lambdaBS,lambdaUE,loss_thresh,mean_rate,threshold rate
25,1500,60.0000000000000000,69316872.9499998241662979,51560188.1905451491475105
