lambdaBS,lambdaUE,loss_thresh,mean_rate,threshold rate
25,250,40.0000000000000000,237632202.6609104275703430,186014673.5777787566184998
