lambdaBS,lambdaUE,loss_thresh,mean_rate,threshold rate
25,1500,90.0000000000000000,80811130.3796265274286270,142675790.3045336306095123
