lambdaBS,lambdaUE,loss_thresh,mean_rate,threshold rate
25,1000,70.0000000000000000,99860445.4965724349021912,80441865.5002610087394714
