lambdaBS,lambdaUE,loss_thresh,mean_rate,threshold rate
25,2000,100.0000000000000000,41594880.9075666889548302,397274011.8331767916679382
