lambdaBS,lambdaUE,loss_thresh,mean_rate,threshold rate
25,1500,0.0000000000000000,80983968.8130644857883453,31615257.0358179137110710
