lambdaBS,lambdaUE,loss_thresh,mean_rate,threshold rate
25,500,70.0000000000000000,170429418.9727191627025604,191497219.4634529650211334
