lambdaBS,lambdaUE,loss_thresh,mean_rate,threshold rate
25,750,50.0000000000000000,137935430.2246192991733551,98225865.9586410224437714
