lambdaBS,lambdaUE,loss_thresh,mean_rate,threshold rate
25,250,0.0000000000000000,262920882.4668350815773010,119672701.0630263388156891
