lambdaBS,lambdaUE,loss_thresh,mean_rate,threshold rate
25,750,40.0000000000000000,111706631.5471182018518448,73546698.5860056579113007
