lambdaBS,lambdaUE,loss_thresh,mean_rate,threshold rate
25,750,80.0000000000000000,150346419.1019440889358521,195552481.9527938961982727
