lambdaBS,lambdaUE,loss_thresh,mean_rate,threshold rate
25,250,60.0000000000000000,267824282.5696836113929749,302523398.7702884674072266
