lambdaBS,lambdaUE,loss_thresh,mean_rate,threshold rate
25,750,50.0000000000000000,108030417.9273125678300858,75822071.5964857190847397
