lambdaBS,lambdaUE,loss_thresh,mean_rate,threshold rate
25,1500,90.0000000000000000,87705724.3826857507228851,169545423.4842547774314880
