lambdaBS,lambdaUE,loss_thresh,mean_rate,threshold rate
25,750,60.0000000000000000,139637540.1970115602016449,115216321.6195599734783173
