lambdaBS,lambdaUE,loss_thresh,mean_rate,threshold rate
25,750,30.0000000000000036,122942346.4639396220445633,80794665.3045215457677841
