lambdaBS,lambdaUE,loss_thresh,mean_rate,threshold rate
25,1000,0.0000000000000000,129714523.2631676942110062,48750741.6896287202835083
