lambdaBS,lambdaUE,loss_thresh,mean_rate,threshold rate
25,2000,30.0000000000000036,62500224.8074901923537254,39304969.7200374528765678
