lambdaBS,lambdaUE,loss_thresh,mean_rate,threshold rate
25,500,60.0000000000000000,221997534.0487715601921082,229086298.2122812271118164
