lambdaBS,lambdaUE,loss_thresh,mean_rate,threshold rate
25,2000,40.0000000000000000,62940350.3964305818080902,39649403.0840070918202400
