lambdaBS,lambdaUE,loss_thresh,mean_rate,threshold rate
25,250,70.0000000000000000,286444241.0471339821815491,336135780.8218083977699280
