lambdaBS,lambdaUE,loss_thresh,mean_rate,threshold rate
25,1000,0.0000000000000000,113635323.4658593386411667,39023224.6246953010559082
