lambdaBS,lambdaUE,loss_thresh,mean_rate,threshold rate
25,500,90.0000000000000000,226426851.0836409926414490,382122271.4521259069442749
