lambdaBS,lambdaUE,loss_thresh,mean_rate,threshold rate
25,750,90.0000000000000000,138469639.9977099299430847,305215777.1161152720451355
