lambdaBS,lambdaUE,loss_thresh,mean_rate,threshold rate
25,1000,100.0000000000000000,166101768.3984597921371460,399574112.4237757325172424
