lambdaBS,lambdaUE,loss_thresh,mean_rate,threshold rate
25,250,10.0000000000000000,299332505.5781394839286804,194877937.5570994615554810
