lambdaBS,lambdaUE,loss_thresh,mean_rate,threshold rate
25,2000,90.0000000000000000,66278003.3392788544297218,102635349.1965062320232391
