lambdaBS,lambdaUE,loss_thresh,mean_rate,threshold rate
25,250,60.0000000000000000,297139300.5895200967788696,336128591.4030332565307617
