lambdaBS,lambdaUE,loss_thresh,mean_rate,threshold rate
25,750,80.0000000000000000,120859099.2272561937570572,146560433.7333301305770874
