lambdaBS,lambdaUE,loss_thresh,mean_rate,threshold rate
25,250,20.0000000000000000,266329601.1149017512798309,180514216.5973249375820160
