lambdaBS,lambdaUE,loss_thresh,mean_rate,threshold rate
25,1000,0.0000000000000000,167392508.0464700758457184,61333937.0846296846866608
