lambdaBS,lambdaUE,loss_thresh,mean_rate,threshold rate
25,2000,50.0000000000000000,68953960.1516192108392715,44633030.6728570610284805
