lambdaBS,lambdaUE,loss_thresh,mean_rate,threshold rate
25,1500,80.0000000000000000,74605920.9676925241947174,68625325.1648891121149063
