lambdaBS,lambdaUE,loss_thresh,mean_rate,threshold rate
25,500,80.0000000000000000,190056779.5299750566482544,284157195.4667361974716187
