lambdaBS,lambdaUE,loss_thresh,mean_rate,threshold rate
25,1000,50.0000000000000000,111593512.5921529084444046,75095780.6559549868106842
