lambdaBS,lambdaUE,loss_thresh,mean_rate,threshold rate
25,2000,30.0000000000000036,52991946.7000781297683716,33968188.5302786454558372
