lambdaBS,lambdaUE,loss_thresh,mean_rate,threshold rate
25,750,0.0000000000000000,142905587.7171257734298706,60470144.3252745121717453
