lambdaBS,lambdaUE,loss_thresh,mean_rate,threshold rate
25,2000,60.0000000000000000,47970043.1779759377241135,36154562.5719252526760101
