lambdaBS,lambdaUE,loss_thresh,mean_rate,threshold rate
25,750,60.0000000000000000,143733879.0912370979785919,113948040.0744894295930862
