lambdaBS,lambdaUE,loss_thresh,mean_rate,threshold rate
25,500,40.0000000000000000,212097579.0020851492881775,152231349.1579201221466064
