lambdaBS,lambdaUE,loss_thresh,mean_rate,threshold rate
25,1500,20.0000000000000000,99477236.2207554876804352,53946600.0564241558313370
