lambdaBS,lambdaUE,loss_thresh,mean_rate,threshold rate
25,750,80.0000000000000000,153198712.8203188180923462,230021491.0407894253730774
