lambdaBS,lambdaUE,loss_thresh,mean_rate,threshold rate
25,1000,90.0000000000000000,100035443.1928832232952118,203742854.7925169467926025
