lambdaBS,lambdaUE,loss_thresh,mean_rate,threshold rate
25,1000,20.0000000000000000,134061764.4645828902721405,75975228.4753158539533615
