lambdaBS,lambdaUE,loss_thresh,mean_rate,threshold rate
25,250,40.0000000000000000,300508665.4237394928932190,277925508.2136211991310120
