lambdaBS,lambdaUE,loss_thresh,mean_rate,threshold rate
25,250,90.0000000000000000,301099301.9467942714691162,391604295.0313205122947693
