lambdaBS,lambdaUE,loss_thresh,mean_rate,threshold rate
25,250,50.0000000000000000,277455822.2756936550140381,271733066.2087099552154541
