lambdaBS,lambdaUE,loss_thresh,mean_rate,threshold rate
25,1500,70.0000000000000000,57213386.9327307641506195,43840155.9948864206671715
