lambdaBS,lambdaUE,loss_thresh,mean_rate,threshold rate
25,1000,10.0000000000000000,104522928.6809184551239014,55587183.1830935478210449
