lambdaBS,lambdaUE,loss_thresh,mean_rate,threshold rate
25,750,60.0000000000000000,199707429.1686598360538483,192981532.7313527762889862
