lambdaBS,lambdaUE,loss_thresh,mean_rate,threshold rate
25,2000,20.0000000000000000,57087204.3670031502842903,35140448.7663641944527626
