lambdaBS,lambdaUE,loss_thresh,mean_rate,threshold rate
25,500,50.0000000000000000,230025780.0667336583137512,205503263.0813665091991425
