lambdaBS,lambdaUE,loss_thresh,mean_rate,threshold rate
25,2000,60.0000000000000000,97467207.1818301230669022,75093610.2210335731506348
