lambdaBS,lambdaUE,loss_thresh,mean_rate,threshold rate
25,750,50.0000000000000000,122559706.6174858212471008,84268721.3403686881065369
