lambdaBS,lambdaUE,loss_thresh,mean_rate,threshold rate
25,750,90.0000000000000000,122942346.4639396220445633,241322264.9780036807060242
