lambdaBS,lambdaUE,loss_thresh,mean_rate,threshold rate
25,1500,90.0000000000000000,57353620.3425506278872490,74911339.7137245833873749
