lambdaBS,lambdaUE,loss_thresh,mean_rate,threshold rate
25,250,0.0000000000000000,227825158.3172380924224854,120289904.0823694467544556
