lambdaBS,lambdaUE,loss_thresh,mean_rate,threshold rate
25,1000,80.0000000000000000,119679648.6324974000453949,139973317.8847530782222748
