lambdaBS,lambdaUE,loss_thresh,mean_rate,threshold rate
25,750,60.0000000000000000,167255350.6905601918697357,143701854.1806908547878265
