lambdaBS,lambdaUE,loss_thresh,mean_rate,threshold rate
25,500,70.0000000000000000,176673053.5490611493587494,194097507.2023241221904755
