lambdaBS,lambdaUE,loss_thresh,mean_rate,threshold rate
25,500,80.0000000000000000,159687712.3017172217369080,234734148.2988019585609436
