lambdaBS,lambdaUE,loss_thresh,mean_rate,threshold rate
25,250,0.0000000000000000,277564207.0828672647476196,118365098.8411356508731842
