lambdaBS,lambdaUE,loss_thresh,mean_rate,threshold rate
25,1000,10.0000000000000000,105326884.5751594752073288,58127062.9984492138028145
