lambdaBS,lambdaUE,loss_thresh,mean_rate,threshold rate
25,750,100.0000000000000000,182664999.0430847704410553,399683148.8127952218055725
