lambdaBS,lambdaUE,loss_thresh,mean_rate,threshold rate
25,750,50.0000000000000000,215922754.0323698222637177,186271257.0779476165771484
