lambdaBS,lambdaUE,loss_thresh,mean_rate,threshold rate
25,1000,100.0000000000000000,106537997.8191786259412766,399254184.1924332976341248
