lambdaBS,lambdaUE,loss_thresh,mean_rate,threshold rate
25,250,60.0000000000000000,242677647.4639374315738678,242899967.1230704784393311
