lambdaBS,lambdaUE,loss_thresh,mean_rate,threshold rate
25,250,30.0000000000000036,303594684.2354417443275452,264817753.0979318618774414
