lambdaBS,lambdaUE,loss_thresh,mean_rate,threshold rate
25,750,70.0000000000000000,139607656.5568103492259979,139273124.0052394568920135
