lambdaBS,lambdaUE,loss_thresh,mean_rate,threshold rate
25,2000,100.0000000000000000,69066483.3061653822660446,398512650.0634639263153076
