lambdaBS,lambdaUE,loss_thresh,mean_rate,threshold rate
25,1500,80.0000000000000000,61583977.8417275696992874,50700827.3046351298689842
