lambdaBS,lambdaUE,loss_thresh,mean_rate,threshold rate
25,250,90.0000000000000000,271810300.9025349020957947,383290142.0405982732772827
