lambdaBS,lambdaUE,loss_thresh,mean_rate,threshold rate
25,250,0.0000000000000000,290745828.2018916010856628,119711890.5553546398878098
