lambdaBS,lambdaUE,loss_thresh,mean_rate,threshold rate
25,1000,100.0000000000000000,102167493.6697952896356583,398610969.2550028562545776
