lambdaBS,lambdaUE,loss_thresh,mean_rate,threshold rate
25,750,40.0000000000000000,98790830.1420820355415344,68946617.6435555815696716
