lambdaBS,lambdaUE,loss_thresh,mean_rate,threshold rate
25,2000,50.0000000000000000,56148353.5995105504989624,38267270.2002553343772888
