lambdaBS,lambdaUE,loss_thresh,mean_rate,threshold rate
25,1000,10.0000000000000000,111593512.5921529084444046,55619565.8828155919909477
