lambdaBS,lambdaUE,loss_thresh,mean_rate,threshold rate
25,750,100.0000000000000000,145335754.2808541059494019,399208174.2318563461303711
