lambdaBS,lambdaUE,loss_thresh,mean_rate,threshold rate
25,500,10.0000000000000000,161167452.5843535661697388,89713003.9836701601743698
