lambdaBS,lambdaUE,loss_thresh,mean_rate,threshold rate
25,250,80.0000000000000000,290258261.3553092479705811,379337906.2430703639984131
