lambdaBS,lambdaUE,loss_thresh,mean_rate,threshold rate
25,750,30.0000000000000036,120859099.2272561937570572,81889507.9471305906772614
