lambdaBS,lambdaUE,loss_thresh,mean_rate,threshold rate
25,250,0.0000000000000000,315248652.3834155797958374,157866728.4960887730121613
