lambdaBS,lambdaUE,loss_thresh,mean_rate,threshold rate
25,1000,0.0000000000000000,101448867.7225758433341980,47323114.2405615597963333
