lambdaBS,lambdaUE,loss_thresh,mean_rate,threshold rate
25,1500,30.0000000000000036,69561759.1489303708076477,43720413.0710507035255432
