lambdaBS,lambdaUE,loss_thresh,mean_rate,threshold rate
25,250,60.0000000000000000,283907712.6400912404060364,307463094.4815865755081177
