lambdaBS,lambdaUE,loss_thresh,mean_rate,threshold rate
25,2000,60.0000000000000000,48557252.2873085588216782,37696269.9312362968921661
