lambdaBS,lambdaUE,loss_thresh,mean_rate,threshold rate
25,750,40.0000000000000000,133653561.4949979335069656,92160088.8012699037790298
