lambdaBS,lambdaUE,loss_thresh,mean_rate,threshold rate
25,500,0.0000000000000000,147387617.5816494226455688,73828763.4027882814407349
