lambdaBS,lambdaUE,loss_thresh,mean_rate,threshold rate
25,750,70.0000000000000000,149947925.1653344929218292,149897717.9545189440250397
