lambdaBS,lambdaUE,loss_thresh,mean_rate,threshold rate
25,500,70.0000000000000000,191493673.9017001688480377,220828526.6052754521369934
