lambdaBS,lambdaUE,loss_thresh,mean_rate,threshold rate
25,1000,90.0000000000000000,137694754.5414112210273743,311624940.5356444120407104
