lambdaBS,lambdaUE,loss_thresh,mean_rate,threshold rate
25,500,10.0000000000000000,222994751.6000937521457672,126125941.1557751893997192
