lambdaBS,lambdaUE,loss_thresh,mean_rate,threshold rate
25,1000,10.0000000000000000,134061764.4645828902721405,71343525.1866194605827332
