lambdaBS,lambdaUE,loss_thresh,mean_rate,threshold rate
25,500,50.0000000000000000,196499472.5015363693237305,160826525.7069464325904846
