lambdaBS,lambdaUE,loss_thresh,mean_rate,threshold rate
25,500,10.0000000000000000,178828950.3131666779518127,101796435.2670409083366394
