lambdaBS,lambdaUE,loss_thresh,mean_rate,threshold rate
25,1500,50.0000000000000000,60542622.9864991903305054,41077804.0885844379663467
