lambdaBS,lambdaUE,loss_thresh,mean_rate,threshold rate
25,250,50.0000000000000000,293959182.2258570790290833,286141315.2493858337402344
