lambdaBS,lambdaUE,loss_thresh,mean_rate,threshold rate
25,750,10.0000000000000000,102847072.6652850359678268,55474321.0708579793572426
