lambdaBS,lambdaUE,loss_thresh,mean_rate,threshold rate
25,1000,80.0000000000000000,144838088.9673042893409729,198068540.1038765907287598
