lambdaBS,lambdaUE,loss_thresh,mean_rate,threshold rate
25,1000,40.0000000000000000,144356258.8307785093784332,96111457.3150395750999451
