lambdaBS,lambdaUE,loss_thresh,mean_rate,threshold rate
25,1000,10.0000000000000000,163810821.3535307943820953,88960481.3096054196357727
