lambdaBS,lambdaUE,loss_thresh,mean_rate,threshold rate
25,500,90.0000000000000000,195700273.4462177753448486,354515695.2381670475006104
