lambdaBS,lambdaUE,loss_thresh,mean_rate,threshold rate
25,1000,90.0000000000000000,126299774.7028612494468689,275478887.2957620620727539
