lambdaBS,lambdaUE,loss_thresh,mean_rate,threshold rate
25,500,100.0000000000000000,232670656.5390791594982147,399353904.2098866701126099
