lambdaBS,lambdaUE,loss_thresh,mean_rate,threshold rate
25,1500,60.0000000000000000,89684275.0049919188022614,66801035.9297502934932709
