lambdaBS,lambdaUE,loss_thresh,mean_rate,threshold rate
25,500,80.0000000000000000,199786126.1512503325939178,307325210.2488586902618408
