lambdaBS,lambdaUE,loss_thresh,mean_rate,threshold rate
25,1000,0.0000000000000000,144838088.9673042893409729,60102430.3396507129073143
