lambdaBS,lambdaUE,loss_thresh,mean_rate,threshold rate
25,250,30.0000000000000036,264182215.2268611490726471,212219648.2455379962921143
