lambdaBS,lambdaUE,loss_thresh,mean_rate,threshold rate
25,1500,10.0000000000000000,58577805.9608336016535759,32894546.0719816870987415
