lambdaBS,lambdaUE,loss_thresh,mean_rate,threshold rate
25,2000,20.0000000000000000,44935888.3266390934586525,26450958.3510595262050629
