lambdaBS,lambdaUE,loss_thresh,mean_rate,threshold rate
25,500,70.0000000000000000,169310545.8454463481903076,170452253.1832221746444702
