lambdaBS,lambdaUE,loss_thresh,mean_rate,threshold rate
25,750,40.0000000000000000,131212270.4838777333498001,82493429.7730639725923538
