lambdaBS,lambdaUE,loss_thresh,mean_rate,threshold rate
25,500,60.0000000000000000,188826169.8792707622051239,171987198.1674419641494751
