lambdaBS,lambdaUE,loss_thresh,mean_rate,threshold rate
25,1000,50.0000000000000000,126501931.6392095535993576,90186954.0711902230978012
