lambdaBS,lambdaUE,loss_thresh,mean_rate,threshold rate
25,750,100.0000000000000000,157017060.4377644658088684,399802277.7709864377975464
