lambdaBS,lambdaUE,loss_thresh,mean_rate,threshold rate
25,750,60.0000000000000000,150346419.1019440889358521,129500065.2726090550422668
