lambdaBS,lambdaUE,loss_thresh,mean_rate,threshold rate
25,500,70.0000000000000000,236112254.3286349475383759,298415068.0395916104316711
