lambdaBS,lambdaUE,loss_thresh,mean_rate,threshold rate
25,2000,70.0000000000000000,72375972.2218290120363235,58694832.4850495755672455
