lambdaBS,lambdaUE,loss_thresh,mean_rate,threshold rate
25,1000,20.0000000000000000,129635651.8699527382850647,74567646.1723614186048508
