lambdaBS,lambdaUE,loss_thresh,mean_rate,threshold rate
25,2000,70.0000000000000000,58702984.6762075275182724,48488588.9362316206097603
