lambdaBS,lambdaUE,loss_thresh,mean_rate,threshold rate
25,1500,10.0000000000000000,69890980.5809751451015472,38160568.2512768432497978
