lambdaBS,lambdaUE,loss_thresh,mean_rate,threshold rate
25,250,40.0000000000000000,279098601.9563840627670288,247932184.0666152834892273
