lambdaBS,lambdaUE,loss_thresh,mean_rate,threshold rate
25,2000,40.0000000000000000,56889127.1473166272044182,37641416.8547803908586502
