lambdaBS,lambdaUE,loss_thresh,mean_rate,threshold rate
25,250,80.0000000000000000,300601995.4441230893135071,377202592.0745443701744080
