lambdaBS,lambdaUE,loss_thresh,mean_rate,threshold rate
25,250,80.0000000000000000,294652560.7431404590606689,372946754.4731476902961731
