lambdaBS,lambdaUE,loss_thresh,mean_rate,threshold rate
25,2000,100.0000000000000000,56148353.5995105504989624,399313566.0081304311752319
