lambdaBS,lambdaUE,loss_thresh,mean_rate,threshold rate
25,750,70.0000000000000000,128685228.4856506437063217,120490723.1811696290969849
