lambdaBS,lambdaUE,loss_thresh,mean_rate,threshold rate
25,250,70.0000000000000000,301100846.2533439993858337,366618448.8131840229034424
