lambdaBS,lambdaUE,loss_thresh,mean_rate,threshold rate
25,1500,90.0000000000000000,99477236.2207554876804352,220820455.5192940831184387
