lambdaBS,lambdaUE,loss_thresh,mean_rate,threshold rate
25,250,90.0000000000000000,283048216.4289863705635071,385739043.6324816942214966
