lambdaBS,lambdaUE,loss_thresh,mean_rate,threshold rate
25,1500,80.0000000000000000,77866211.4340708404779434,80951536.7752096354961395
