lambdaBS,lambdaUE,loss_thresh,mean_rate,threshold rate
25,750,50.0000000000000000,155942695.8685144484043121,109909871.0212163776159286
