lambdaBS,lambdaUE,loss_thresh,mean_rate,threshold rate
25,250,40.0000000000000000,247551135.9894803166389465,193082932.3787542283535004
