lambdaBS,lambdaUE,loss_thresh,mean_rate,threshold rate
25,1000,90.0000000000000000,76853562.4266330301761627,135511838.4270361363887787
