lambdaBS,lambdaUE,loss_thresh,mean_rate,threshold rate
25,2000,0.0000000000000000,65666872.3771683499217033,30365811.2369277179241180
