lambdaBS,lambdaUE,loss_thresh,mean_rate,threshold rate
25,250,60.0000000000000000,239273032.7303931117057800,247826421.6730039715766907
