lambdaBS,lambdaUE,loss_thresh,mean_rate,threshold rate
25,1500,70.0000000000000000,58577805.9608336016535759,47376872.2069995552301407
