lambdaBS,lambdaUE,loss_thresh,mean_rate,threshold rate
25,1000,60.0000000000000000,89515023.9713359624147415,65411466.5963497832417488
