lambdaBS,lambdaUE,loss_thresh,mean_rate,threshold rate
25,500,60.0000000000000000,157236492.7287157773971558,127326406.8164448440074921
