lambdaBS,lambdaUE,loss_thresh,mean_rate,threshold rate
25,1500,50.0000000000000000,83314653.9474094808101654,56022218.4586618170142174
