lambdaBS,lambdaUE,loss_thresh,mean_rate,threshold rate
25,1500,80.0000000000000000,82138213.9431901574134827,84921967.5218918919563293
