lambdaBS,lambdaUE,loss_thresh,mean_rate,threshold rate
25,500,40.0000000000000000,189683685.9448018670082092,136776828.8755632936954498
