lambdaBS,lambdaUE,loss_thresh,mean_rate,threshold rate
25,1000,80.0000000000000000,134061764.4645828902721405,174531619.5865871012210846
