lambdaBS,lambdaUE,loss_thresh,mean_rate,threshold rate
25,250,40.0000000000000000,286926541.7221158146858215,258002120.1168707609176636
