lambdaBS,lambdaUE,loss_thresh,mean_rate,threshold rate
25,750,50.0000000000000000,159879350.8154439032077789,114105340.9146651625633240
