lambdaBS,lambdaUE,loss_thresh,mean_rate,threshold rate
25,2000,50.0000000000000000,66739001.6189924255013466,47968546.8021052032709122
