lambdaBS,lambdaUE,loss_thresh,mean_rate,threshold rate
25,500,100.0000000000000000,257898345.5196865200996399,399923304.7977306842803955
