lambdaBS,lambdaUE,loss_thresh,mean_rate,threshold rate
25,250,60.0000000000000000,272772754.1196290254592896,304598001.2170273065567017
