lambdaBS,lambdaUE,loss_thresh,mean_rate,threshold rate
25,2000,70.0000000000000000,61632913.3410553112626076,51068133.4195637479424477
