lambdaBS,lambdaUE,loss_thresh,mean_rate,threshold rate
25,2000,20.0000000000000000,62500224.8074901923537254,37679133.1079112216830254
