lambdaBS,lambdaUE,loss_thresh,mean_rate,threshold rate
25,750,10.0000000000000000,139222004.5197342634201050,72123300.3421859741210938
