lambdaBS,lambdaUE,loss_thresh,mean_rate,threshold rate
25,2000,0.0000000000000000,92943755.5947412103414536,28153664.7627640515565872
