lambdaBS,lambdaUE,loss_thresh,mean_rate,threshold rate
25,1500,100.0000000000000000,55514229.2758087590336800,397199121.3893770575523376
