lambdaBS,lambdaUE,loss_thresh,mean_rate,threshold rate
25,750,100.0000000000000000,170924857.5760799646377563,399929046.5257219672203064
