lambdaBS,lambdaUE,loss_thresh,mean_rate,threshold rate
25,2000,100.0000000000000000,69437306.8819510489702225,398602397.1751142740249634
