lambdaBS,lambdaUE,loss_thresh,mean_rate,threshold rate
25,250,30.0000000000000036,278905271.0019903182983398,217845292.0903275609016418
