lambdaBS,lambdaUE,loss_thresh,mean_rate,threshold rate
25,250,0.0000000000000000,291682658.3846660852432251,147776130.1039324104785919
