lambdaBS,lambdaUE,loss_thresh,mean_rate,threshold rate
25,500,20.0000000000000000,165428083.7351759374141693,102799122.2848974466323853
