lambdaBS,lambdaUE,loss_thresh,mean_rate,threshold rate
25,1000,50.0000000000000000,139020875.1377535760402679,97837602.4581590294837952
