lambdaBS,lambdaUE,loss_thresh,mean_rate,threshold rate
25,250,100.0000000000000000,259160227.4407435357570648,399506461.1285874843597412
