lambdaBS,lambdaUE,loss_thresh,mean_rate,threshold rate
25,2000,100.0000000000000000,63268488.5270378738641739,399670950.5862353444099426
