lambdaBS,lambdaUE,loss_thresh,mean_rate,threshold rate
25,750,100.0000000000000000,139607656.5568103492259979,399610273.1619781255722046
