lambdaBS,lambdaUE,loss_thresh,mean_rate,threshold rate
25,750,10.0000000000000000,145034545.0254938602447510,79346715.6436584442853928
