lambdaBS,lambdaUE,loss_thresh,mean_rate,threshold rate
25,1000,80.0000000000000000,118278074.9840818643569946,136258488.8635652065277100
