lambdaBS,lambdaUE,loss_thresh,mean_rate,threshold rate
25,250,100.0000000000000000,294667406.6752005219459534,399864689.5517054200172424
