lambdaBS,lambdaUE,loss_thresh,mean_rate,threshold rate
25,1000,80.0000000000000000,105326884.5751594752073288,118906111.6942401975393295
