lambdaBS,lambdaUE,loss_thresh,mean_rate,threshold rate
25,250,20.0000000000000000,304547412.2497818470001221,234750910.4771502315998077
