lambdaBS,lambdaUE,loss_thresh,mean_rate,threshold rate
25,500,60.0000000000000000,213716266.6943967640399933,206946358.8370255231857300
