lambdaBS,lambdaUE,loss_thresh,mean_rate,threshold rate
25,500,80.0000000000000000,211535483.2617533802986145,312626843.7506529688835144
