lambdaBS,lambdaUE,loss_thresh,mean_rate,threshold rate
25,250,90.0000000000000000,294652560.7431404590606689,387826228.7144757509231567
