lambdaBS,lambdaUE,loss_thresh,mean_rate,threshold rate
25,1500,0.0000000000000000,68718540.8915736228227615,26125335.6290376074612141
