lambdaBS,lambdaUE,loss_thresh,mean_rate,threshold rate
25,750,20.0000000000000000,121307268.2176762819290161,70678103.0721515417098999
