lambdaBS,lambdaUE,loss_thresh,mean_rate,threshold rate
25,2000,0.0000000000000000,58702984.6762075275182724,27664656.2018798142671585
