lambdaBS,lambdaUE,loss_thresh,mean_rate,threshold rate
25,1500,20.0000000000000000,57741331.5915692150592804,35578624.0390097647905350
