lambdaBS,lambdaUE,loss_thresh,mean_rate,threshold rate
25,750,100.0000000000000000,159879350.8154439032077789,399370665.8044519424438477
