lambdaBS,lambdaUE,loss_thresh,mean_rate,threshold rate
25,1000,0.0000000000000000,92416432.1329274475574493,36254814.7073760479688644
