lambdaBS,lambdaUE,loss_thresh,mean_rate,threshold rate
25,1500,0.0000000000000000,87767591.7160757482051849,26554682.3565083891153336
