lambdaBS,lambdaUE,loss_thresh,mean_rate,threshold rate
25,2000,70.0000000000000000,62940350.3964305818080902,48311239.9726704508066177
