lambdaBS,lambdaUE,loss_thresh,mean_rate,threshold rate
25,500,20.0000000000000000,233014539.2559989094734192,145357888.6233617067337036
