lambdaBS,lambdaUE,loss_thresh,mean_rate,threshold rate
25,2000,20.0000000000000000,50088168.6401001587510109,30785921.6970542408525944
