lambdaBS,lambdaUE,loss_thresh,mean_rate,threshold rate
25,1000,20.0000000000000000,118976417.3674478977918625,66832261.4270331487059593
