lambdaBS,lambdaUE,loss_thresh,mean_rate,threshold rate
25,1000,60.0000000000000000,94124600.6096830964088440,70994336.8294626623392105
