lambdaBS,lambdaUE,loss_thresh,mean_rate,threshold rate
25,2000,40.0000000000000000,49500837.5829512625932693,32101756.0607857331633568
