lambdaBS,lambdaUE,loss_thresh,mean_rate,threshold rate
25,1500,0.0000000000000000,89100120.5524170547723770,32623615.5172148719429970
