lambdaBS,lambdaUE,loss_thresh,mean_rate,threshold rate
25,2000,60.0000000000000000,68214893.4247093647718430,50078926.9675548151135445
