lambdaBS,lambdaUE,loss_thresh,mean_rate,threshold rate
25,250,80.0000000000000000,267824282.5696836113929749,352559377.7006202936172485
