lambdaBS,lambdaUE,loss_thresh,mean_rate,threshold rate
25,2000,60.0000000000000000,66007976.8784482181072235,50884453.4476795718073845
