lambdaBS,lambdaUE,loss_thresh,mean_rate,threshold rate
25,1500,10.0000000000000000,64311613.2985997721552849,37511655.8020459637045860
