lambdaBS,lambdaUE,loss_thresh,mean_rate,threshold rate
25,500,20.0000000000000000,222215636.5330757796764374,144950755.1295726895332336
