lambdaBS,lambdaUE,loss_thresh,mean_rate,threshold rate
25,2000,30.0000000000000036,54923005.9546283781528473,32918318.1298981048166752
