lambdaBS,lambdaUE,loss_thresh,mean_rate,threshold rate
25,2000,70.0000000000000000,69066483.3061653822660446,55717106.8476930856704712
