lambdaBS,lambdaUE,loss_thresh,mean_rate,threshold rate
25,2000,50.0000000000000000,62474752.9353357851505280,41637715.9420470893383026
