lambdaBS,lambdaUE,loss_thresh,mean_rate,threshold rate
25,2000,100.0000000000000000,48028662.9549871087074280,399460252.7815804481506348
