lambdaBS,lambdaUE,loss_thresh,mean_rate,threshold rate
25,750,30.0000000000000036,168395073.1195701658725739,109487618.6810755133628845
