lambdaBS,lambdaUE,loss_thresh,mean_rate,threshold rate
25,500,0.0000000000000000,169766361.8417476415634155,82304407.9514629542827606
