lambdaBS,lambdaUE,loss_thresh,mean_rate,threshold rate
25,1000,40.0000000000000000,110610317.5281575471162796,76787972.4454480111598969
