lambdaBS,lambdaUE,loss_thresh,mean_rate,threshold rate
25,1000,80.0000000000000000,88432693.7925610542297363,93242232.8358828127384186
