lambdaBS,lambdaUE,loss_thresh,mean_rate,threshold rate
25,250,70.0000000000000000,274625506.3686826229095459,338986411.3427664041519165
