lambdaBS,lambdaUE,loss_thresh,mean_rate,threshold rate
25,750,80.0000000000000000,148475166.3147248327732086,200338364.3178381919860840
