lambdaBS,lambdaUE,loss_thresh,mean_rate,threshold rate
25,250,100.0000000000000000,291621054.1188374757766724,399983532.8316963911056519
