lambdaBS,lambdaUE,loss_thresh,mean_rate,threshold rate
25,1500,10.0000000000000000,131268245.0528503805398941,59288872.4452265501022339
