lambdaBS,lambdaUE,loss_thresh,mean_rate,threshold rate
25,250,30.0000000000000036,310938424.8790909051895142,270284641.5196440219879150
