lambdaBS,lambdaUE,loss_thresh,mean_rate,threshold rate
25,750,20.0000000000000000,167085894.6852245032787323,96618320.4567250311374664
