lambdaBS,lambdaUE,loss_thresh,mean_rate,threshold rate
25,500,40.0000000000000000,233026430.3156396448612213,176336408.5574344992637634
