lambdaBS,lambdaUE,loss_thresh,mean_rate,threshold rate
25,2000,60.0000000000000000,48028662.9549871087074280,36082543.2691193521022797
