lambdaBS,lambdaUE,loss_thresh,mean_rate,threshold rate
25,1500,60.0000000000000000,103471025.3001089692115784,77722988.2821955680847168
