lambdaBS,lambdaUE,loss_thresh,mean_rate,threshold rate
25,750,20.0000000000000000,110067459.3325697183609009,67561733.9233281761407852
