lambdaBS,lambdaUE,loss_thresh,mean_rate,threshold rate
25,750,30.0000000000000036,145335754.2808541059494019,95850116.7207336723804474
