lambdaBS,lambdaUE,loss_thresh,mean_rate,threshold rate
25,750,100.0000000000000000,134883436.5794526040554047,399600244.6229617595672607
