lambdaBS,lambdaUE,loss_thresh,mean_rate,threshold rate
25,250,40.0000000000000000,301100846.2533439993858337,282585597.9941591620445251
