lambdaBS,lambdaUE,loss_thresh,mean_rate,threshold rate
25,750,70.0000000000000000,145034545.0254938602447510,142775003.0072119235992432
