lambdaBS,lambdaUE,loss_thresh,mean_rate,threshold rate
25,1500,90.0000000000000000,77493754.2026759386062622,124397078.5865553468465805
