lambdaBS,lambdaUE,loss_thresh,mean_rate,threshold rate
25,500,60.0000000000000000,172362796.6160665154457092,156934097.8507702946662903
