lambdaBS,lambdaUE,loss_thresh,mean_rate,threshold rate
25,1500,90.0000000000000000,77273014.3932029157876968,131629682.5029497444629669
