lambdaBS,lambdaUE,loss_thresh,mean_rate,threshold rate
25,750,10.0000000000000000,182664999.0430847704410553,97771937.6681925952434540
