lambdaBS,lambdaUE,loss_thresh,mean_rate,threshold rate
25,1500,30.0000000000000036,60403773.3580315560102463,37296891.8233200609683990
