lambdaBS,lambdaUE,loss_thresh,mean_rate,threshold rate
25,250,80.0000000000000000,266329601.1149017512798309,354872328.9613564014434814
