lambdaBS,lambdaUE,loss_thresh,mean_rate,threshold rate
25,500,30.0000000000000036,236112254.3286349475383759,159337436.4274033904075623
