lambdaBS,lambdaUE,loss_thresh,mean_rate,threshold rate
25,750,90.0000000000000000,155942695.8685144484043121,337636695.0939050316810608
