lambdaBS,lambdaUE,loss_thresh,mean_rate,threshold rate
25,2000,100.0000000000000000,58957806.4853451997041702,398484936.5165008902549744
