lambdaBS,lambdaUE,loss_thresh,mean_rate,threshold rate
25,500,40.0000000000000000,161167452.5843535661697388,106672180.6305960118770599
