lambdaBS,lambdaUE,loss_thresh,mean_rate,threshold rate
25,1500,30.0000000000000036,80983968.8130644857883453,51691758.9279402494430542
