lambdaBS,lambdaUE,loss_thresh,mean_rate,threshold rate
25,1000,40.0000000000000000,80646573.2939335107803345,53644619.9797888100147247
