lambdaBS,lambdaUE,loss_thresh,mean_rate,threshold rate
25,250,30.0000000000000036,294318618.9243327975273132,246235320.4064213037490845
