lambdaBS,lambdaUE,loss_thresh,mean_rate,threshold rate
25,2000,80.0000000000000000,56889127.1473166272044182,53989110.4694041237235069
