lambdaBS,lambdaUE,loss_thresh,mean_rate,threshold rate
25,1000,50.0000000000000000,115337179.6485338360071182,78817021.8406089693307877
