lambdaBS,lambdaUE,loss_thresh,mean_rate,threshold rate
25,2000,30.0000000000000036,55905281.6923233717679977,37116736.9315681159496307
