lambdaBS,lambdaUE,loss_thresh,mean_rate,threshold rate
25,500,0.0000000000000000,206140722.6378326416015625,79506350.1715787649154663
