lambdaBS,lambdaUE,loss_thresh,mean_rate,threshold rate
25,1000,50.0000000000000000,112573536.7955150455236435,74345765.2595049440860748
