lambdaBS,lambdaUE,loss_thresh,mean_rate,threshold rate
25,1500,70.0000000000000000,131268245.0528503805398941,123238450.4363541305065155
