lambdaBS,lambdaUE,loss_thresh,mean_rate,threshold rate
25,500,100.0000000000000000,199786126.1512503325939178,399973997.5086015462875366
