lambdaBS,lambdaUE,loss_thresh,mean_rate,threshold rate
25,2000,30.0000000000000036,34017729.5774768292903900,20865899.0641290657222271
