lambdaBS,lambdaUE,loss_thresh,mean_rate,threshold rate
25,2000,20.0000000000000000,49500837.5829512625932693,29348155.7230400331318378
