lambdaBS,lambdaUE,loss_thresh,mean_rate,threshold rate
25,1000,40.0000000000000000,115337179.6485338360071182,73737306.1590826213359833
