lambdaBS,lambdaUE,loss_thresh,mean_rate,threshold rate
25,500,60.0000000000000000,147745943.8734732270240784,115355821.0113801658153534
