lambdaBS,lambdaUE,loss_thresh,mean_rate,threshold rate
25,750,60.0000000000000000,182664999.0430847704410553,161739972.2614529132843018
