lambdaBS,lambdaUE,loss_thresh,mean_rate,threshold rate
25,750,20.0000000000000000,162533246.0643578171730042,91826902.4668762683868408
