lambdaBS,lambdaUE,loss_thresh,mean_rate,threshold rate
25,2000,60.0000000000000000,71358643.7283172309398651,49707707.4750101417303085
