lambdaBS,lambdaUE,loss_thresh,mean_rate,threshold rate
25,1000,50.0000000000000000,127055864.7069120705127716,86401952.5945527553558350
