lambdaBS,lambdaUE,loss_thresh,mean_rate,threshold rate
25,250,80.0000000000000000,308098058.5486901998519897,380922693.5952240228652954
