lambdaBS,lambdaUE,loss_thresh,mean_rate,threshold rate
25,500,70.0000000000000000,189683685.9448018670082092,214849026.7167713940143585
