lambdaBS,lambdaUE,loss_thresh,mean_rate,threshold rate
25,1500,40.0000000000000000,67301508.1838892549276352,43029619.0994527339935303
