lambdaBS,lambdaUE,loss_thresh,mean_rate,threshold rate
25,1500,70.0000000000000000,87767591.7160757482051849,71509977.0056635737419128
