lambdaBS,lambdaUE,loss_thresh,mean_rate,threshold rate
25,1000,50.0000000000000000,106537997.8191786259412766,75028771.9512490034103394
