lambdaBS,lambdaUE,loss_thresh,mean_rate,threshold rate
25,750,50.0000000000000000,116297878.6479243934154510,79224794.0172711312770844
