lambdaBS,lambdaUE,loss_thresh,mean_rate,threshold rate
25,1000,20.0000000000000000,80090887.6745335310697556,50345730.6370661854743958
