lambdaBS,lambdaUE,loss_thresh,mean_rate,threshold rate
25,250,30.0000000000000036,242677647.4639374315738678,171965675.0030989944934845
