lambdaBS,lambdaUE,loss_thresh,mean_rate,threshold rate
25,500,30.0000000000000036,197570801.4182207882404327,121460122.0373892188072205
