lambdaBS,lambdaUE,loss_thresh,mean_rate,threshold rate
25,750,50.0000000000000000,139637540.1970115602016449,97141576.9808029234409332
