lambdaBS,lambdaUE,loss_thresh,mean_rate,threshold rate
25,1000,20.0000000000000000,109758924.9450438916683197,67947497.7954295128583908
