lambdaBS,lambdaUE,loss_thresh,mean_rate,threshold rate
25,500,100.0000000000000000,204222263.0539392828941345,399909621.1566684842109680
