lambdaBS,lambdaUE,loss_thresh,mean_rate,threshold rate
25,250,30.0000000000000036,291621054.1188374757766724,230544458.3212681412696838
