lambdaBS,lambdaUE,loss_thresh,mean_rate,threshold rate
25,250,100.0000000000000000,303594684.2354417443275452,399745615.3124077320098877
