lambdaBS,lambdaUE,loss_thresh,mean_rate,threshold rate
25,1500,40.0000000000000000,87705724.3826857507228851,55993916.4724896326661110
