lambdaBS,lambdaUE,loss_thresh,mean_rate,threshold rate
25,250,50.0000000000000000,301100846.2533439993858337,316649657.7578028440475464
