lambdaBS,lambdaUE,loss_thresh,mean_rate,threshold rate
25,1000,80.0000000000000000,126501931.6392095535993576,162341426.7150005400180817
