lambdaBS,lambdaUE,loss_thresh,mean_rate,threshold rate
25,1500,20.0000000000000000,89684275.0049919188022614,52998084.8462553545832634
