lambdaBS,lambdaUE,loss_thresh,mean_rate,threshold rate
25,1000,70.0000000000000000,136808355.6297045350074768,132874570.9425780028104782
