lambdaBS,lambdaUE,loss_thresh,mean_rate,threshold rate
25,750,80.0000000000000000,149686850.3862207829952240,220086483.4979302585124969
