lambdaBS,lambdaUE,loss_thresh,mean_rate,threshold rate
25,250,30.0000000000000036,266329601.1149017512798309,198616095.4306115210056305
