lambdaBS,lambdaUE,loss_thresh,mean_rate,threshold rate
25,1000,90.0000000000000000,118226441.7022977024316788,277071551.4495895504951477
