lambdaBS,lambdaUE,loss_thresh,mean_rate,threshold rate
25,1500,0.0000000000000000,74383799.8107198923826218,28723463.0065236836671829
