lambdaBS,lambdaUE,loss_thresh,mean_rate,threshold rate
25,250,100.0000000000000000,268481727.2362066507339478,399949358.8228902816772461
