lambdaBS,lambdaUE,loss_thresh,mean_rate,threshold rate
25,750,10.0000000000000000,162533246.0643578171730042,81757123.7434756457805634
