lambdaBS,lambdaUE,loss_thresh,mean_rate,threshold rate
25,1500,0.0000000000000000,78855078.5031198710203171,33224481.5920452624559402
