lambdaBS,lambdaUE,loss_thresh,mean_rate,threshold rate
25,2000,30.0000000000000036,47970043.1779759377241135,31145043.3353279419243336
