lambdaBS,lambdaUE,loss_thresh,mean_rate,threshold rate
25,1000,60.0000000000000000,115337179.6485338360071182,86296147.1016191393136978
