lambdaBS,lambdaUE,loss_thresh,mean_rate,threshold rate
25,1500,60.0000000000000000,74383799.8107198923826218,55068886.7950340881943703
