lambdaBS,lambdaUE,loss_thresh,mean_rate,threshold rate
25,750,70.0000000000000000,134883436.5794526040554047,123401207.6033744812011719
