lambdaBS,lambdaUE,loss_thresh,mean_rate,threshold rate
25,1500,0.0000000000000000,73829411.0891317129135132,25709701.0476249791681767
