lambdaBS,lambdaUE,loss_thresh,mean_rate,threshold rate
25,250,0.0000000000000000,289564156.4327043890953064,136662133.2137035727500916
