lambdaBS,lambdaUE,loss_thresh,mean_rate,threshold rate
25,250,80.0000000000000000,306394671.5027071237564087,377783710.5155417919158936
