lambdaBS,lambdaUE,loss_thresh,mean_rate,threshold rate
25,750,50.0000000000000000,182664999.0430847704410553,138574489.7254528999328613
