lambdaBS,lambdaUE,loss_thresh,mean_rate,threshold rate
25,500,70.0000000000000000,200117506.6658497452735901,223029873.5764058828353882
