lambdaBS,lambdaUE,loss_thresh,mean_rate,threshold rate
25,250,100.0000000000000000,301532702.1284962892532349,399990369.1667265295982361
