lambdaBS,lambdaUE,loss_thresh,mean_rate,threshold rate
25,2000,30.0000000000000036,37401754.1048015952110291,24717505.3503485731780529
