lambdaBS,lambdaUE,loss_thresh,mean_rate,threshold rate
25,1500,10.0000000000000000,80988837.1309504061937332,43234903.6667109429836273
