lambdaBS,lambdaUE,loss_thresh,mean_rate,threshold rate
25,1500,0.0000000000000000,115239469.7292174994945526,42441035.8890862315893173
