lambdaBS,lambdaUE,loss_thresh,mean_rate,threshold rate
25,250,100.0000000000000000,286444241.0471339821815491,399918655.1803601384162903
