lambdaBS,lambdaUE,loss_thresh,mean_rate,threshold rate
25,750,30.0000000000000036,158119160.0242304205894470,101619948.5366976708173752
