lambdaBS,lambdaUE,loss_thresh,mean_rate,threshold rate
25,1500,90.0000000000000000,92062317.2619398683309555,178765219.5637247562408447
