lambdaBS,lambdaUE,loss_thresh,mean_rate,threshold rate
25,1500,70.0000000000000000,83314653.9474094808101654,65541544.0040790140628815
