lambdaBS,lambdaUE,loss_thresh,mean_rate,threshold rate
25,2000,40.0000000000000000,52991946.7000781297683716,35780210.4196106567978859
