lambdaBS,lambdaUE,loss_thresh,mean_rate,threshold rate
25,1500,60.0000000000000000,60184069.0373658239841461,42503107.8546771928668022
