lambdaBS,lambdaUE,loss_thresh,mean_rate,threshold rate
25,500,70.0000000000000000,222215636.5330757796764374,266235941.2725107967853546
