lambdaBS,lambdaUE,loss_thresh,mean_rate,threshold rate
25,1500,90.0000000000000000,96498020.0949508696794510,200375690.9596712589263916
