lambdaBS,lambdaUE,loss_thresh,mean_rate,threshold rate
25,500,100.0000000000000000,169128446.8036064505577087,399713356.2877641320228577
