lambdaBS,lambdaUE,loss_thresh,mean_rate,threshold rate
25,2000,30.0000000000000036,42548737.1037807762622833,26367416.4624876193702221
