lambdaBS,lambdaUE,loss_thresh,mean_rate,threshold rate
25,750,30.0000000000000036,199496890.2507174611091614,127882198.6152104735374451
