lambdaBS,lambdaUE,loss_thresh,mean_rate,threshold rate
25,750,100.0000000000000000,164735575.7048147618770599,399949064.8523327112197876
