lambdaBS,lambdaUE,loss_thresh,mean_rate,threshold rate
25,2000,50.0000000000000000,61446935.6204690188169479,41771134.1645106226205826
