lambdaBS,lambdaUE,loss_thresh,mean_rate,threshold rate
25,250,100.0000000000000000,264182215.2268611490726471,399768276.3440397977828979
