lambdaBS,lambdaUE,loss_thresh,mean_rate,threshold rate
25,1500,40.0000000000000000,81500970.2790151238441467,52710269.3891644626855850
