lambdaBS,lambdaUE,loss_thresh,mean_rate,threshold rate
25,750,100.0000000000000000,194051128.7470055520534515,399581819.8902199864387512
