lambdaBS,lambdaUE,loss_thresh,mean_rate,threshold rate
25,1000,0.0000000000000000,93646997.9121973067522049,34916541.6123620569705963
