lambdaBS,lambdaUE,loss_thresh,mean_rate,threshold rate
25,500,60.0000000000000000,245374647.5183960795402527,276035423.6641860604286194
