lambdaBS,lambdaUE,loss_thresh,mean_rate,threshold rate
25,1500,10.0000000000000000,61321809.6150320470333099,35043609.4193240255117416
