lambdaBS,lambdaUE,loss_thresh,mean_rate,threshold rate
25,750,50.0000000000000000,194051128.7470055520534515,158762686.0953164100646973
