lambdaBS,lambdaUE,loss_thresh,mean_rate,threshold rate
25,1500,20.0000000000000000,118317947.7809313684701920,69741134.1500560492277145
