lambdaBS,lambdaUE,loss_thresh,mean_rate,threshold rate
25,2000,50.0000000000000000,37401754.1048015952110291,26811615.5914224535226822
