lambdaBS,lambdaUE,loss_thresh,mean_rate,threshold rate
25,1000,90.0000000000000000,126478633.2569307833909988,277751760.0406888127326965
