lambdaBS,lambdaUE,loss_thresh,mean_rate,threshold rate
25,750,10.0000000000000000,130316952.2468164563179016,74441702.6744649708271027
