lambdaBS,lambdaUE,loss_thresh,mean_rate,threshold rate
25,750,50.0000000000000000,192398105.9804332554340363,155441375.6684126555919647
