lambdaBS,lambdaUE,loss_thresh,mean_rate,threshold rate
25,1500,50.0000000000000000,131268245.0528503805398941,88601119.3257938176393509
