lambdaBS,lambdaUE,loss_thresh,mean_rate,threshold rate
25,1000,30.0000000000000036,92034427.3394107967615128,54790194.9223588332533836
