lambdaBS,lambdaUE,loss_thresh,mean_rate,threshold rate
25,250,50.0000000000000000,280732767.4952313303947449,279807746.5548715591430664
