lambdaBS,lambdaUE,loss_thresh,mean_rate,threshold rate
25,500,100.0000000000000000,194679458.9382317662239075,399130615.4826338887214661
