lambdaBS,lambdaUE,loss_thresh,mean_rate,threshold rate
25,1000,0.0000000000000000,80602078.3696055114269257,34105795.2534668818116188
