lambdaBS,lambdaUE,loss_thresh,mean_rate,threshold rate
25,1500,0.0000000000000000,77359638.7744346261024475,32153385.3492480292916298
