lambdaBS,lambdaUE,loss_thresh,mean_rate,threshold rate
25,500,20.0000000000000000,194343964.8573822081089020,105713160.9780956804752350
