lambdaBS,lambdaUE,loss_thresh,mean_rate,threshold rate
25,500,50.0000000000000000,157582473.0646435916423798,109368274.4523753374814987
