lambdaBS,lambdaUE,loss_thresh,mean_rate,threshold rate
25,2000,30.0000000000000036,66628357.4029916375875473,40371420.0343849658966064
