lambdaBS,lambdaUE,loss_thresh,mean_rate,threshold rate
25,500,40.0000000000000000,197570801.4182207882404327,138900896.2907730042934418
