lambdaBS,lambdaUE,loss_thresh,mean_rate,threshold rate
25,750,20.0000000000000000,145034545.0254938602447510,85741733.6830997467041016
