lambdaBS,lambdaUE,loss_thresh,mean_rate,threshold rate
25,500,0.0000000000000000,204311716.0876972377300262,84416932.7859451621770859
