lambdaBS,lambdaUE,loss_thresh,mean_rate,threshold rate
25,1000,100.0000000000000000,128848945.6923470497131348,399828876.9590567946434021
