lambdaBS,lambdaUE,loss_thresh,mean_rate,threshold rate
25,2000,80.0000000000000000,58747989.7847753390669823,52382662.9289935529232025
