lambdaBS,lambdaUE,loss_thresh,mean_rate,threshold rate
25,500,40.0000000000000000,233428498.1046710014343262,187700287.5771690011024475
