lambdaBS,lambdaUE,loss_thresh,mean_rate,threshold rate
25,500,0.0000000000000000,204222263.0539392828941345,80245834.3815660774707794
