lambdaBS,lambdaUE,loss_thresh,mean_rate,threshold rate
25,2000,50.0000000000000000,49783326.8764070197939873,35203951.1135599613189697
