lambdaBS,lambdaUE,loss_thresh,mean_rate,threshold rate
25,250,50.0000000000000000,306394671.5027071237564087,320547478.2261029481887817
