lambdaBS,lambdaUE,loss_thresh,mean_rate,threshold rate
25,1000,50.0000000000000000,130299161.8032526373863220,91791491.4320451617240906
