lambdaBS,lambdaUE,loss_thresh,mean_rate,threshold rate
25,1000,90.0000000000000000,89515023.9713359624147415,174547911.0593399107456207
