lambdaBS,lambdaUE,loss_thresh,mean_rate,threshold rate
25,2000,20.0000000000000000,99696799.4483978897333145,53349080.7575255930423737
