lambdaBS,lambdaUE,loss_thresh,mean_rate,threshold rate
25,1500,70.0000000000000000,116063919.8313247710466385,102497130.9896609783172607
