lambdaBS,lambdaUE,loss_thresh,mean_rate,threshold rate
25,750,60.0000000000000000,162533246.0643578171730042,139529006.8587820231914520
