lambdaBS,lambdaUE,loss_thresh,mean_rate,threshold rate
25,1000,20.0000000000000000,126478633.2569307833909988,72990174.0262301266193390
