lambdaBS,lambdaUE,loss_thresh,mean_rate,threshold rate
25,250,50.0000000000000000,300601995.4441230893135071,306703924.0627038478851318
