lambdaBS,lambdaUE,loss_thresh,mean_rate,threshold rate
25,1500,50.0000000000000000,123737141.4477924108505249,89033870.6667646467685699
