lambdaBS,lambdaUE,loss_thresh,mean_rate,threshold rate
25,500,30.0000000000000036,211535483.2617533802986145,141679456.8330166041851044
