lambdaBS,lambdaUE,loss_thresh,mean_rate,threshold rate
25,250,80.0000000000000000,316994527.7789049148559570,375387906.6912809610366821
