lambdaBS,lambdaUE,loss_thresh,mean_rate,threshold rate
25,250,40.0000000000000000,262920882.4668350815773010,197536934.7457591891288757
