lambdaBS,lambdaUE,loss_thresh,mean_rate,threshold rate
25,1500,80.0000000000000000,75470483.9172180294990540,72709387.0161919146776199
