lambdaBS,lambdaUE,loss_thresh,mean_rate,threshold rate
25,750,10.0000000000000000,146719048.2203429341316223,81324709.0282798558473587
