lambdaBS,lambdaUE,loss_thresh,mean_rate,threshold rate
25,2000,80.0000000000000000,65966018.1752099320292473,58224876.8807488307356834
