lambdaBS,lambdaUE,loss_thresh,mean_rate,threshold rate
25,750,60.0000000000000000,110108441.9236152470111847,81937234.1875644475221634
