lambdaBS,lambdaUE,loss_thresh,mean_rate,threshold rate
25,250,0.0000000000000000,286926541.7221158146858215,132731314.2309751510620117
