lambdaBS,lambdaUE,loss_thresh,mean_rate,threshold rate
25,750,30.0000000000000036,143733879.0912370979785919,89290377.3142593801021576
