lambdaBS,lambdaUE,loss_thresh,mean_rate,threshold rate
25,1500,100.0000000000000000,88689550.8980881571769714,399510411.9512946605682373
