lambdaBS,lambdaUE,loss_thresh,mean_rate,threshold rate
25,2000,70.0000000000000000,70382396.8436682522296906,56954966.3894559070467949
