lambdaBS,lambdaUE,loss_thresh,mean_rate,threshold rate
25,1500,100.0000000000000000,118317947.7809313684701920,399389085.5816812515258789
