lambdaBS,lambdaUE,loss_thresh,mean_rate,threshold rate
25,500,30.0000000000000036,165428083.7351759374141693,107576216.2252684831619263
