lambdaBS,lambdaUE,loss_thresh,mean_rate,threshold rate
25,750,80.0000000000000000,125769516.1215940266847610,167253231.1657983660697937
