lambdaBS,lambdaUE,loss_thresh,mean_rate,threshold rate
25,750,80.0000000000000000,162533246.0643578171730042,240524571.1877735555171967
