lambdaBS,lambdaUE,loss_thresh,mean_rate,threshold rate
25,500,50.0000000000000000,195128016.4363408982753754,146283750.9591845571994781
