lambdaBS,lambdaUE,loss_thresh,mean_rate,threshold rate
25,500,50.0000000000000000,197570801.4182207882404327,169777859.4818908572196960
