lambdaBS,lambdaUE,loss_thresh,mean_rate,threshold rate
25,500,100.0000000000000000,221997534.0487715601921082,399810065.7737001776695251
