lambdaBS,lambdaUE,loss_thresh,mean_rate,threshold rate
25,1500,70.0000000000000000,73829411.0891317129135132,54883419.7044243663549423
