lambdaBS,lambdaUE,loss_thresh,mean_rate,threshold rate
25,750,40.0000000000000000,122942346.4639396220445633,86387228.4681854844093323
