lambdaBS,lambdaUE,loss_thresh,mean_rate,threshold rate
25,2000,100.0000000000000000,68214893.4247093647718430,399265758.2212558388710022
