lambdaBS,lambdaUE,loss_thresh,mean_rate,threshold rate
25,2000,100.0000000000000000,62300538.9624994173645973,399702699.7108498215675354
