lambdaBS,lambdaUE,loss_thresh,mean_rate,threshold rate
25,2000,10.0000000000000000,48557252.2873085588216782,30212504.6490750834345818
