lambdaBS,lambdaUE,loss_thresh,mean_rate,threshold rate
25,1000,30.0000000000000036,112573536.7955150455236435,63522425.1692256927490234
