lambdaBS,lambdaUE,loss_thresh,mean_rate,threshold rate
25,500,70.0000000000000000,173955911.9568229019641876,198155810.2623086571693420
