lambdaBS,lambdaUE,loss_thresh,mean_rate,threshold rate
25,1000,70.0000000000000000,123765855.4814504235982895,108374165.8701259940862656
