lambdaBS,lambdaUE,loss_thresh,mean_rate,threshold rate
25,750,100.0000000000000000,107188527.8131493777036667,399740030.5301446914672852
