lambdaBS,lambdaUE,loss_thresh,mean_rate,threshold rate
25,500,30.0000000000000036,210764168.7636462748050690,141882757.7421871721744537
