lambdaBS,lambdaUE,loss_thresh,mean_rate,threshold rate
25,1000,100.0000000000000000,104642690.8279273360967636,399950685.1174125671386719
