lambdaBS,lambdaUE,loss_thresh,mean_rate,threshold rate
25,2000,60.0000000000000000,72375972.2218290120363235,54072312.9510180354118347
