lambdaBS,lambdaUE,loss_thresh,mean_rate,threshold rate
25,1000,60.0000000000000000,98914069.4826032370328903,71729011.8038099408149719
