lambdaBS,lambdaUE,loss_thresh,mean_rate,threshold rate
25,500,10.0000000000000000,176673053.5490611493587494,97314195.7312030196189880
