lambdaBS,lambdaUE,loss_thresh,mean_rate,threshold rate
25,750,80.0000000000000000,131276599.5707870721817017,172620726.1308531761169434
