lambdaBS,lambdaUE,loss_thresh,mean_rate,threshold rate
25,500,10.0000000000000000,226426851.0836409926414490,119371593.4871995151042938
