lambdaBS,lambdaUE,loss_thresh,mean_rate,threshold rate
25,1500,80.0000000000000000,90678836.6046885997056961,96195560.7110161632299423
