lambdaBS,lambdaUE,loss_thresh,mean_rate,threshold rate
25,1500,100.0000000000000000,47901062.3952187970280647,398557135.4971342086791992
