lambdaBS,lambdaUE,loss_thresh,mean_rate,threshold rate
25,250,0.0000000000000000,255731689.2758204042911530,121601182.4509947746992111
