lambdaBS,lambdaUE,loss_thresh,mean_rate,threshold rate
25,2000,30.0000000000000036,57429064.9140639156103134,35029973.8849529996514320
