lambdaBS,lambdaUE,loss_thresh,mean_rate,threshold rate
25,2000,100.0000000000000000,72375972.2218290120363235,399496068.6206650137901306
