lambdaBS,lambdaUE,loss_thresh,mean_rate,threshold rate
25,250,80.0000000000000000,270799507.3649336099624634,363204844.7136861681938171
