lambdaBS,lambdaUE,loss_thresh,mean_rate,threshold rate
25,250,0.0000000000000000,277455822.2756936550140381,144434189.1699075996875763
