lambdaBS,lambdaUE,loss_thresh,mean_rate,threshold rate
25,500,60.0000000000000000,175424909.6674039661884308,150996298.1665743589401245
