lambdaBS,lambdaUE,loss_thresh,mean_rate,threshold rate
25,2000,60.0000000000000000,49354709.1278658732771873,37396524.9311370551586151
