lambdaBS,lambdaUE,loss_thresh,mean_rate,threshold rate
25,1000,30.0000000000000036,104522928.6809184551239014,62265596.3712260276079178
