lambdaBS,lambdaUE,loss_thresh,mean_rate,threshold rate
25,1000,90.0000000000000000,129711416.1369701772928238,273297451.1893432140350342
