lambdaBS,lambdaUE,loss_thresh,mean_rate,threshold rate
25,750,100.0000000000000000,111706631.5471182018518448,399509740.2893410325050354
