lambdaBS,lambdaUE,loss_thresh,mean_rate,threshold rate
25,1000,40.0000000000000000,80602078.3696055114269257,53806678.3487745001912117
