lambdaBS,lambdaUE,loss_thresh,mean_rate,threshold rate
25,500,0.0000000000000000,183309490.6228809952735901,88339985.4412803053855896
