lambdaBS,lambdaUE,loss_thresh,mean_rate,threshold rate
25,1000,60.0000000000000000,137694754.5414112210273743,107342671.0840887427330017
