lambdaBS,lambdaUE,loss_thresh,mean_rate,threshold rate
25,2000,80.0000000000000000,60864390.6409080401062965,51569998.9009281843900681
