lambdaBS,lambdaUE,loss_thresh,mean_rate,threshold rate
25,2000,60.0000000000000000,56889127.1473166272044182,42457514.3379962891340256
