lambdaBS,lambdaUE,loss_thresh,mean_rate,threshold rate
25,2000,100.0000000000000000,49952095.1488297507166862,398809696.6417496204376221
