lambdaBS,lambdaUE,loss_thresh,mean_rate,threshold rate
25,750,30.0000000000000036,117916449.9048209190368652,74777149.9828977435827255
