lambdaBS,lambdaUE,loss_thresh,mean_rate,threshold rate
25,750,60.0000000000000000,193603912.5965301394462585,182510105.5763509273529053
