lambdaBS,lambdaUE,loss_thresh,mean_rate,threshold rate
25,2000,80.0000000000000000,53611676.5190386399626732,40630254.5343608558177948
