lambdaBS,lambdaUE,loss_thresh,mean_rate,threshold rate
25,1500,70.0000000000000000,99477236.2207554876804352,78280978.9939717352390289
