lambdaBS,lambdaUE,loss_thresh,mean_rate,threshold rate
25,750,30.0000000000000036,177295295.2033334374427795,114769387.2909182161092758
