lambdaBS,lambdaUE,loss_thresh,mean_rate,threshold rate
25,1500,60.0000000000000000,60542622.9864991903305054,43476428.7118934392929077
