lambdaBS,lambdaUE,loss_thresh,mean_rate,threshold rate
25,750,90.0000000000000000,196806957.2354021370410919,354515441.9391345977783203
