lambdaBS,lambdaUE,loss_thresh,mean_rate,threshold rate
25,500,100.0000000000000000,147184847.5805005431175232,399852708.0844782590866089
