lambdaBS,lambdaUE,loss_thresh,mean_rate,threshold rate
25,750,20.0000000000000000,122559706.6174858212471008,69480345.6904295980930328
