lambdaBS,lambdaUE,loss_thresh,mean_rate,threshold rate
25,1000,0.0000000000000000,118976417.3674478977918625,47357003.7414813637733459
