lambdaBS,lambdaUE,loss_thresh,mean_rate,threshold rate
25,1500,100.0000000000000000,75112564.8432339876890182,399834139.7898752689361572
