lambdaBS,lambdaUE,loss_thresh,mean_rate,threshold rate
25,750,70.0000000000000000,146719048.2203429341316223,140575224.9950939118862152
