lambdaBS,lambdaUE,loss_thresh,mean_rate,threshold rate
25,2000,40.0000000000000000,63268488.5270378738641739,41237889.2330985516309738
