lambdaBS,lambdaUE,loss_thresh,mean_rate,threshold rate
25,750,90.0000000000000000,172500979.9761629700660706,336770818.0348205566406250
