lambdaBS,lambdaUE,loss_thresh,mean_rate,threshold rate
25,1000,70.0000000000000000,122439636.0881149470806122,109282348.9658309519290924
