lambdaBS,lambdaUE,loss_thresh,mean_rate,threshold rate
25,250,80.0000000000000000,260840409.3548102676868439,342107983.8984887599945068
