lambdaBS,lambdaUE,loss_thresh,mean_rate,threshold rate
25,1500,100.0000000000000000,74605920.9676925241947174,398887440.5027554035186768
