lambdaBS,lambdaUE,loss_thresh,mean_rate,threshold rate
25,500,90.0000000000000000,210764168.7636462748050690,369833014.4613133668899536
