lambdaBS,lambdaUE,loss_thresh,mean_rate,threshold rate
25,1500,0.0000000000000000,69316872.9499998241662979,29238681.3765368014574051
