lambdaBS,lambdaUE,loss_thresh,mean_rate,threshold rate
25,500,20.0000000000000000,199107170.5250081121921539,113809613.4029622524976730
