lambdaBS,lambdaUE,loss_thresh,mean_rate,threshold rate
25,1000,0.0000000000000000,126478633.2569307833909988,46530621.2342817485332489
