lambdaBS,lambdaUE,loss_thresh,mean_rate,threshold rate
25,1000,80.0000000000000000,111737141.4455456435680389,126121889.2394358813762665
