lambdaBS,lambdaUE,loss_thresh,mean_rate,threshold rate
25,1500,100.0000000000000000,102875847.8133615702390671,399767015.0620068311691284
