lambdaBS,lambdaUE,loss_thresh,mean_rate,threshold rate
25,750,80.0000000000000000,161877426.1697733700275421,230009846.9697127342224121
