lambdaBS,lambdaUE,loss_thresh,mean_rate,threshold rate
25,750,20.0000000000000000,168395073.1195701658725739,101843810.9736047387123108
