lambdaBS,lambdaUE,loss_thresh,mean_rate,threshold rate
25,250,10.0000000000000000,294652560.7431404590606689,174010605.5286073684692383
