lambdaBS,lambdaUE,loss_thresh,mean_rate,threshold rate
25,750,90.0000000000000000,146719048.2203429341316223,312381053.5173823833465576
