lambdaBS,lambdaUE,loss_thresh,mean_rate,threshold rate
25,750,0.0000000000000000,144227377.7009856700897217,59342045.7645779773592949
