lambdaBS,lambdaUE,loss_thresh,mean_rate,threshold rate
25,1500,40.0000000000000000,61321809.6150320470333099,42789833.0829844772815704
