lambdaBS,lambdaUE,loss_thresh,mean_rate,threshold rate
25,250,10.0000000000000000,292124702.7760958671569824,170453975.0023525953292847
