lambdaBS,lambdaUE,loss_thresh,mean_rate,threshold rate
25,1000,90.0000000000000000,120799011.2299765646457672,242990405.9682705998420715
