lambdaBS,lambdaUE,loss_thresh,mean_rate,threshold rate
25,500,90.0000000000000000,212097579.0020851492881775,367239722.6146391630172729
