lambdaBS,lambdaUE,loss_thresh,mean_rate,threshold rate
25,1500,90.0000000000000000,60403773.3580315560102463,83743260.7233193218708038
