lambdaBS,lambdaUE,loss_thresh,mean_rate,threshold rate
25,500,70.0000000000000000,204311716.0876972377300262,233748901.6626947522163391
