lambdaBS,lambdaUE,loss_thresh,mean_rate,threshold rate
25,750,10.0000000000000000,131276599.5707870721817017,64688378.3482707887887955
