lambdaBS,lambdaUE,loss_thresh,mean_rate,threshold rate
25,2000,20.0000000000000000,70382396.8436682522296906,44576023.2861127257347107
