lambdaBS,lambdaUE,loss_thresh,mean_rate,threshold rate
25,750,40.0000000000000000,125554415.0458351373672485,81746895.9870736896991730
