lambdaBS,lambdaUE,loss_thresh,mean_rate,threshold rate
25,250,30.0000000000000036,306394671.5027071237564087,267793620.5805958509445190
