lambdaBS,lambdaUE,loss_thresh,mean_rate,threshold rate
25,1500,0.0000000000000000,101185487.0637925267219543,35439818.3862238600850105
