lambdaBS,lambdaUE,loss_thresh,mean_rate,threshold rate
25,1500,20.0000000000000000,80843512.6108797043561935,48210866.0256475359201431
