lambdaBS,lambdaUE,loss_thresh,mean_rate,threshold rate
25,1500,40.0000000000000000,107689697.7194018512964249,70540673.1240718066692352
