lambdaBS,lambdaUE,loss_thresh,mean_rate,threshold rate
25,750,80.0000000000000000,134951182.6296507716178894,177166582.2635506689548492
