lambdaBS,lambdaUE,loss_thresh,mean_rate,threshold rate
25,1500,10.0000000000000000,123737141.4477924108505249,60364674.5196314156055450
