lambdaBS,lambdaUE,loss_thresh,mean_rate,threshold rate
25,1000,80.0000000000000000,166101768.3984597921371460,253717117.7405533194541931
