lambdaBS,lambdaUE,loss_thresh,mean_rate,threshold rate
25,1000,50.0000000000000000,118976417.3674478977918625,78212440.2453491687774658
