lambdaBS,lambdaUE,loss_thresh,mean_rate,threshold rate
25,500,30.0000000000000036,217938411.1568375527858734,157521116.7140176296234131
