lambdaBS,lambdaUE,loss_thresh,mean_rate,threshold rate
25,500,0.0000000000000000,157236492.7287157773971558,75491040.5739265680313110
