lambdaBS,lambdaUE,loss_thresh,mean_rate,threshold rate
25,1500,100.0000000000000000,66525955.5295467078685760,399378857.7674046754837036
