lambdaBS,lambdaUE,loss_thresh,mean_rate,threshold rate
25,250,70.0000000000000000,296863002.5110914707183838,351679574.5270520448684692
