lambdaBS,lambdaUE,loss_thresh,mean_rate,threshold rate
25,2000,20.0000000000000000,54334385.4918935149908066,33046192.6532778255641460
