lambdaBS,lambdaUE,loss_thresh,mean_rate,threshold rate
25,1500,0.0000000000000000,53112722.3691986650228500,20370859.9137260280549526
