lambdaBS,lambdaUE,loss_thresh,mean_rate,threshold rate
25,500,70.0000000000000000,217783064.0025576353073120,261547246.4260766506195068
