lambdaBS,lambdaUE,loss_thresh,mean_rate,threshold rate
25,1000,10.0000000000000000,113478921.8477745652198792,57670606.6678921058773994
