lambdaBS,lambdaUE,loss_thresh,mean_rate,threshold rate
25,750,90.0000000000000000,154826177.5446601808071136,308987300.9805890917778015
