lambdaBS,lambdaUE,loss_thresh,mean_rate,threshold rate
25,1000,70.0000000000000000,127920627.5562996715307236,126876608.2318745553493500
