lambdaBS,lambdaUE,loss_thresh,mean_rate,threshold rate
25,1000,10.0000000000000000,109758924.9450438916683197,63128385.2254332005977631
