lambdaBS,lambdaUE,loss_thresh,mean_rate,threshold rate
25,1000,10.0000000000000000,100035443.1928832232952118,53921191.7492566928267479
