lambdaBS,lambdaUE,loss_thresh,mean_rate,threshold rate
25,500,80.0000000000000000,213716266.6943967640399933,301121676.4907621145248413
