lambdaBS,lambdaUE,loss_thresh,mean_rate,threshold rate
25,750,80.0000000000000000,192398105.9804332554340363,303689653.4604809284210205
