lambdaBS,lambdaUE,loss_thresh,mean_rate,threshold rate
25,750,50.0000000000000000,171167393.7804499864578247,131478017.0130958706140518
