lambdaBS,lambdaUE,loss_thresh,mean_rate,threshold rate
25,250,60.0000000000000000,297767393.8968445658683777,325834507.4595379233360291
