lambdaBS,lambdaUE,loss_thresh,mean_rate,threshold rate
25,2000,40.0000000000000000,62300538.9624994173645973,39218170.2079488560557365
