lambdaBS,lambdaUE,loss_thresh,mean_rate,threshold rate
25,1000,30.0000000000000036,76853562.4266330301761627,44883117.8913543075323105
