lambdaBS,lambdaUE,loss_thresh,mean_rate,threshold rate
25,250,50.0000000000000000,281484691.6597837209701538,274174666.6302185058593750
