lambdaBS,lambdaUE,loss_thresh,mean_rate,threshold rate
25,1500,90.0000000000000000,75684603.2912701815366745,127668706.6714442819356918
