lambdaBS,lambdaUE,loss_thresh,mean_rate,threshold rate
25,250,70.0000000000000000,257485536.9079914987087250,328629228.3454055786132812
