lambdaBS,lambdaUE,loss_thresh,mean_rate,threshold rate
25,250,90.0000000000000000,310938424.8790909051895142,391064529.5156666040420532
