lambdaBS,lambdaUE,loss_thresh,mean_rate,threshold rate
25,1000,50.0000000000000000,111472474.2292449176311493,72929168.2180239856243134
