lambdaBS,lambdaUE,loss_thresh,mean_rate,threshold rate
25,250,100.0000000000000000,300601995.4441230893135071,399785150.3672993183135986
