lambdaBS,lambdaUE,loss_thresh,mean_rate,threshold rate
25,1000,0.0000000000000000,93914965.5223555415868759,39984977.5395251736044884
