lambdaBS,lambdaUE,loss_thresh,mean_rate,threshold rate
25,1500,10.0000000000000000,77866211.4340708404779434,38130981.3795291855931282
