lambdaBS,lambdaUE,loss_thresh,mean_rate,threshold rate
25,1500,50.0000000000000000,47901062.3952187970280647,33146556.6799261942505836
