lambdaBS,lambdaUE,loss_thresh,mean_rate,threshold rate
25,250,80.0000000000000000,278905271.0019903182983398,368457991.8513519763946533
