lambdaBS,lambdaUE,loss_thresh,mean_rate,threshold rate
25,2000,40.0000000000000000,69066483.3061653822660446,46383304.2493570372462273
