lambdaBS,lambdaUE,loss_thresh,mean_rate,threshold rate
25,250,10.0000000000000000,272772754.1196290254592896,169911421.9938266575336456
