lambdaBS,lambdaUE,loss_thresh,mean_rate,threshold rate
25,2000,100.0000000000000000,54476759.0230063870549202,399616749.2959161400794983
