lambdaBS,lambdaUE,loss_thresh,mean_rate,threshold rate
25,1500,40.0000000000000000,74258144.6002072542905807,48517883.1242214143276215
