lambdaBS,lambdaUE,loss_thresh,mean_rate,threshold rate
25,1500,40.0000000000000000,75862600.6932693123817444,49593494.1331203877925873
