lambdaBS,lambdaUE,loss_thresh,mean_rate,threshold rate
25,2000,40.0000000000000000,45882657.0967239961028099,31571729.6343283355236053
