lambdaBS,lambdaUE,loss_thresh,mean_rate,threshold rate
25,2000,50.0000000000000000,66974819.0820897296071053,43224937.3559428453445435
