lambdaBS,lambdaUE,loss_thresh,mean_rate,threshold rate
25,1500,0.0000000000000000,92062317.2619398683309555,32473670.1207831576466560
