lambdaBS,lambdaUE,loss_thresh,mean_rate,threshold rate
25,2000,30.0000000000000036,49500837.5829512625932693,30865988.2033733725547791
