lambdaBS,lambdaUE,loss_thresh,mean_rate,threshold rate
25,2000,20.0000000000000000,72375972.2218290120363235,41643916.5671437904238701
