lambdaBS,lambdaUE,loss_thresh,mean_rate,threshold rate
25,750,80.0000000000000000,146719048.2203429341316223,199542421.9090168774127960
