lambdaBS,lambdaUE,loss_thresh,mean_rate,threshold rate
25,1500,70.0000000000000000,87705724.3826857507228851,73105440.9965558350086212
