lambdaBS,lambdaUE,loss_thresh,mean_rate,threshold rate
25,1500,60.0000000000000000,69561759.1489303708076477,50213253.1362692564725876
