lambdaBS,lambdaUE,loss_thresh,mean_rate,threshold rate
25,1000,60.0000000000000000,126299774.7028612494468689,102684824.8393443077802658
