lambdaBS,lambdaUE,loss_thresh,mean_rate,threshold rate
25,2000,10.0000000000000000,49952095.1488297507166862,26914352.4455924555659294
