lambdaBS,lambdaUE,loss_thresh,mean_rate,threshold rate
25,250,40.0000000000000000,275431098.8313042521476746,235709849.7286740243434906
