lambdaBS,lambdaUE,loss_thresh,mean_rate,threshold rate
25,1000,70.0000000000000000,161797087.8351994752883911,175781032.8072555363178253
