lambdaBS,lambdaUE,loss_thresh,mean_rate,threshold rate
25,750,20.0000000000000000,117916449.9048209190368652,70576740.3123864233493805
