lambdaBS,lambdaUE,loss_thresh,mean_rate,threshold rate
25,500,20.0000000000000000,175424909.6674039661884308,108992520.3310078531503677
