lambdaBS,lambdaUE,loss_thresh,mean_rate,threshold rate
25,2000,80.0000000000000000,48806529.0751942172646523,41622603.3547083437442780
