lambdaBS,lambdaUE,loss_thresh,mean_rate,threshold rate
25,1500,60.0000000000000000,86833242.0973747521638870,63952937.7086906954646111
