lambdaBS,lambdaUE,loss_thresh,mean_rate,threshold rate
25,250,80.0000000000000000,304547412.2497818470001221,372908805.8144088983535767
