lambdaBS,lambdaUE,loss_thresh,mean_rate,threshold rate
25,2000,90.0000000000000000,41594880.9075666889548302,42189636.9271462559700012
