lambdaBS,lambdaUE,loss_thresh,mean_rate,threshold rate
25,250,100.0000000000000000,289564156.4327043890953064,399887854.4572309851646423
