lambdaBS,lambdaUE,loss_thresh,mean_rate,threshold rate
25,1500,20.0000000000000000,53112722.3691986650228500,32240974.9385936111211777
