lambdaBS,lambdaUE,loss_thresh,mean_rate,threshold rate
25,1500,0.0000000000000000,72359109.4763343185186386,27365806.1870116777718067
