lambdaBS,lambdaUE,loss_thresh,mean_rate,threshold rate
25,500,70.0000000000000000,165428083.7351759374141693,177632299.2623227834701538
