lambdaBS,lambdaUE,loss_thresh,mean_rate,threshold rate
25,250,90.0000000000000000,277994868.6527094244956970,392805306.6621152162551880
