lambdaBS,lambdaUE,loss_thresh,mean_rate,threshold rate
25,750,30.0000000000000036,137357254.8511541783809662,84073964.0928539186716080
