lambdaBS,lambdaUE,loss_thresh,mean_rate,threshold rate
25,1500,100.0000000000000000,57213386.9327307641506195,398426699.3822447061538696
