lambdaBS,lambdaUE,loss_thresh,mean_rate,threshold rate
25,1500,100.0000000000000000,80137926.8273003995418549,399412827.3214318752288818
