lambdaBS,lambdaUE,loss_thresh,mean_rate,threshold rate
25,1500,70.0000000000000000,60184069.0373658239841461,44377064.5747250318527222
