lambdaBS,lambdaUE,loss_thresh,mean_rate,threshold rate
25,250,10.0000000000000000,287931514.2966033816337585,173709139.4110953807830811
