lambdaBS,lambdaUE,loss_thresh,mean_rate,threshold rate
25,2000,80.0000000000000000,50839173.2861243858933449,40933415.5302057564258575
