lambdaBS,lambdaUE,loss_thresh,mean_rate,threshold rate
25,750,70.0000000000000000,182664999.0430847704410553,193855383.8956212103366852
