lambdaBS,lambdaUE,loss_thresh,mean_rate,threshold rate
25,500,70.0000000000000000,194679458.9382317662239075,233530821.7694160044193268
