lambdaBS,lambdaUE,loss_thresh,mean_rate,threshold rate
25,750,20.0000000000000000,149947925.1653344929218292,88340913.7913029491901398
