lambdaBS,lambdaUE,loss_thresh,mean_rate,threshold rate
25,1500,20.0000000000000000,77866211.4340708404779434,42349072.4684189558029175
