lambdaBS,lambdaUE,loss_thresh,mean_rate,threshold rate
25,250,70.0000000000000000,302831688.7323762178421021,355494658.6229758262634277
