lambdaBS,lambdaUE,loss_thresh,mean_rate,threshold rate
25,500,100.0000000000000000,217783064.0025576353073120,399938547.5344113111495972
