lambdaBS,lambdaUE,loss_thresh,mean_rate,threshold rate
25,2000,100.0000000000000000,55961653.3258567973971367,399288187.6138203740119934
