lambdaBS,lambdaUE,loss_thresh,mean_rate,threshold rate
25,250,90.0000000000000000,250535621.1387422382831573,388261885.9991691112518311
