lambdaBS,lambdaUE,loss_thresh,mean_rate,threshold rate
25,1500,10.0000000000000000,55944595.5965137854218483,29095385.0632423795759678
