lambdaBS,lambdaUE,loss_thresh,mean_rate,threshold rate
25,500,50.0000000000000000,199107170.5250081121921539,168386656.1577478051185608
