lambdaBS,lambdaUE,loss_thresh,mean_rate,threshold rate
25,1500,100.0000000000000000,74503587.4433700144290924,398607379.8664051890373230
