lambdaBS,lambdaUE,loss_thresh,mean_rate,threshold rate
25,500,50.0000000000000000,232670656.5390791594982147,213349632.0474383533000946
