lambdaBS,lambdaUE,loss_thresh,mean_rate,threshold rate
25,500,80.0000000000000000,249273413.3952049016952515,351033948.9974524378776550
