lambdaBS,lambdaUE,loss_thresh,mean_rate,threshold rate
25,750,30.0000000000000036,181737928.9022804796695709,112460372.3718633502721786
