lambdaBS,lambdaUE,loss_thresh,mean_rate,threshold rate
25,2000,50.0000000000000000,73887281.6468609869480133,53505398.3252245783805847
