lambdaBS,lambdaUE,loss_thresh,mean_rate,threshold rate
25,750,40.0000000000000000,144227377.7009856700897217,92774995.5675620138645172
