lambdaBS,lambdaUE,loss_thresh,mean_rate,threshold rate
25,250,20.0000000000000000,267824282.5696836113929749,188904589.9016472101211548
