lambdaBS,lambdaUE,loss_thresh,mean_rate,threshold rate
25,2000,20.0000000000000000,65059012.4319120869040489,39825719.3430177196860313
