lambdaBS,lambdaUE,loss_thresh,mean_rate,threshold rate
25,1500,40.0000000000000000,69890980.5809751451015472,45013401.5169885978102684
