lambdaBS,lambdaUE,loss_thresh,mean_rate,threshold rate
25,1500,80.0000000000000000,48839680.8619498834013939,42809546.5466260761022568
