lambdaBS,lambdaUE,loss_thresh,mean_rate,threshold rate
25,1000,10.0000000000000000,103278447.3806568831205368,51848239.7937616631388664
