lambdaBS,lambdaUE,loss_thresh,mean_rate,threshold rate
25,2000,70.0000000000000000,49500837.5829512625932693,36436995.4107164740562439
