lambdaBS,lambdaUE,loss_thresh,mean_rate,threshold rate
25,2000,60.0000000000000000,61761642.0200998857617378,46468607.6789361983537674
