lambdaBS,lambdaUE,loss_thresh,mean_rate,threshold rate
25,1500,10.0000000000000000,115239469.7292174994945526,58728264.7380397170782089
