lambdaBS,lambdaUE,loss_thresh,mean_rate,threshold rate
25,2000,20.0000000000000000,62300538.9624994173645973,34586341.8310827463865280
