lambdaBS,lambdaUE,loss_thresh,mean_rate,threshold rate
25,250,10.0000000000000000,300601995.4441230893135071,196971588.4736266732215881
