lambdaBS,lambdaUE,loss_thresh,mean_rate,threshold rate
25,500,40.0000000000000000,213971273.7266663908958435,168561296.9414756298065186
