lambdaBS,lambdaUE,loss_thresh,mean_rate,threshold rate
25,750,80.0000000000000000,171307766.9431833922863007,262470734.0322580337524414
