lambdaBS,lambdaUE,loss_thresh,mean_rate,threshold rate
25,250,60.0000000000000000,271810300.9025349020957947,292872077.8198449015617371
