lambdaBS,lambdaUE,loss_thresh,mean_rate,threshold rate
25,2000,0.0000000000000000,97467207.1818301230669022,32927127.4323345534503460
