lambdaBS,lambdaUE,loss_thresh,mean_rate,threshold rate
25,1000,50.0000000000000000,126053447.7040834873914719,86013281.5372336804866791
