lambdaBS,lambdaUE,loss_thresh,mean_rate,threshold rate
25,2000,90.0000000000000000,49952095.1488297507166862,54445668.0979955345392227
