lambdaBS,lambdaUE,loss_thresh,mean_rate,threshold rate
25,1000,80.0000000000000000,85722231.1941309869289398,83019197.8029270470142365
