lambdaBS,lambdaUE,loss_thresh,mean_rate,threshold rate
25,250,90.0000000000000000,281014839.7151524424552917,393019942.8529191017150879
