lambdaBS,lambdaUE,loss_thresh,mean_rate,threshold rate
25,2000,30.0000000000000036,62474752.9353357851505280,37322546.9025560244917870
