lambdaBS,lambdaUE,loss_thresh,mean_rate,threshold rate
25,1000,40.0000000000000000,182141719.9945314526557922,133262390.9081570655107498
