lambdaBS,lambdaUE,loss_thresh,mean_rate,threshold rate
25,2000,20.0000000000000000,66628357.4029916375875473,37910771.2995344102382660
