lambdaBS,lambdaUE,loss_thresh,mean_rate,threshold rate
25,750,30.0000000000000036,98790830.1420820355415344,65988728.2471847459673882
