lambdaBS,lambdaUE,loss_thresh,mean_rate,threshold rate
25,250,40.0000000000000000,301099301.9467942714691162,294735435.5085568428039551
