lambdaBS,lambdaUE,loss_thresh,mean_rate,threshold rate
25,1500,70.0000000000000000,96498020.0949508696794510,80576388.1834178268909454
