lambdaBS,lambdaUE,loss_thresh,mean_rate,threshold rate
25,750,0.0000000000000000,134951182.6296507716178894,54654430.4422561377286911
