lambdaBS,lambdaUE,loss_thresh,mean_rate,threshold rate
25,500,20.0000000000000000,195700273.4462177753448486,119986002.1378839313983917
