lambdaBS,lambdaUE,loss_thresh,mean_rate,threshold rate
25,1000,0.0000000000000000,126501931.6392095535993576,49633527.0269291847944260
