lambdaBS,lambdaUE,loss_thresh,mean_rate,threshold rate
25,750,100.0000000000000000,126113712.0432818084955215,399842517.5008814930915833
