lambdaBS,lambdaUE,loss_thresh,mean_rate,threshold rate
25,750,60.0000000000000000,171307766.9431833922863007,143196060.5252883434295654
