lambdaBS,lambdaUE,loss_thresh,mean_rate,threshold rate
25,2000,80.0000000000000000,56090337.9564635455608368,46465473.9198796227574348
