lambdaBS,lambdaUE,loss_thresh,mean_rate,threshold rate
25,1000,80.0000000000000000,129331404.1830827593803406,164455227.9757594466209412
