lambdaBS,lambdaUE,loss_thresh,mean_rate,threshold rate
25,1000,100.0000000000000000,159159871.0735320150852203,399853867.2340450286865234
