lambdaBS,lambdaUE,loss_thresh,mean_rate,threshold rate
25,1000,60.0000000000000000,111568575.4929027706384659,83391533.0976252555847168
