lambdaBS,lambdaUE,loss_thresh,mean_rate,threshold rate
25,2000,10.0000000000000000,37401754.1048015952110291,21430162.1047560982406139
