lambdaBS,lambdaUE,loss_thresh,mean_rate,threshold rate
25,500,50.0000000000000000,229952935.4116376638412476,211469102.7037256956100464
