lambdaBS,lambdaUE,loss_thresh,mean_rate,threshold rate
25,500,20.0000000000000000,161167452.5843535661697388,95744006.8887206315994263
