lambdaBS,lambdaUE,loss_thresh,mean_rate,threshold rate
25,1000,0.0000000000000000,76853562.4266330301761627,26389853.0730712711811066
