lambdaBS,lambdaUE,loss_thresh,mean_rate,threshold rate
25,750,60.0000000000000000,167085894.6852245032787323,152547688.4816460013389587
