lambdaBS,lambdaUE,loss_thresh,mean_rate,threshold rate
25,1500,50.0000000000000000,99561452.4301052689552307,70232461.3990844935178757
