lambdaBS,lambdaUE,loss_thresh,mean_rate,threshold rate
25,250,10.0000000000000000,293948659.0319084525108337,207067527.1225863099098206
