lambdaBS,lambdaUE,loss_thresh,mean_rate,threshold rate
25,250,100.0000000000000000,272772754.1196290254592896,399984676.0979083776473999
