lambdaBS,lambdaUE,loss_thresh,mean_rate,threshold rate
25,500,0.0000000000000000,172362796.6160665154457092,76255313.9929017871618271
