lambdaBS,lambdaUE,loss_thresh,mean_rate,threshold rate
25,1000,30.0000000000000036,88812226.1760757416486740,56177088.0486793294548988
