lambdaBS,lambdaUE,loss_thresh,mean_rate,threshold rate
25,2000,80.0000000000000000,34017729.5774768292903900,26743916.4443039558827877
