lambdaBS,lambdaUE,loss_thresh,mean_rate,threshold rate
25,2000,100.0000000000000000,73749756.5873665809631348,399558777.5566148757934570
