lambdaBS,lambdaUE,loss_thresh,mean_rate,threshold rate
25,2000,10.0000000000000000,66628357.4029916375875473,34561741.4863650947809219
