lambdaBS,lambdaUE,loss_thresh,mean_rate,threshold rate
25,2000,40.0000000000000000,63383674.5002592131495476,40528293.0081487372517586
