lambdaBS,lambdaUE,loss_thresh,mean_rate,threshold rate
25,500,10.0000000000000000,197810936.0517249405384064,97051580.3957059979438782
