lambdaBS,lambdaUE,loss_thresh,mean_rate,threshold rate
25,500,50.0000000000000000,218763509.6631558239459991,187245159.1392087340354919
