lambdaBS,lambdaUE,loss_thresh,mean_rate,threshold rate
25,250,80.0000000000000000,296863002.5110914707183838,375251255.9449822902679443
