lambdaBS,lambdaUE,loss_thresh,mean_rate,threshold rate
25,500,80.0000000000000000,193404125.1742516160011292,309697239.5458523035049438
