lambdaBS,lambdaUE,loss_thresh,mean_rate,threshold rate
25,1000,30.0000000000000036,67855215.6360788047313690,43339430.4401216581463814
