lambdaBS,lambdaUE,loss_thresh,mean_rate,threshold rate
25,2000,100.0000000000000000,55905281.6923233717679977,399693878.2734539508819580
