lambdaBS,lambdaUE,loss_thresh,mean_rate,threshold rate
25,500,50.0000000000000000,188963905.2443248331546783,150514386.8719737231731415
