lambdaBS,lambdaUE,loss_thresh,mean_rate,threshold rate
25,500,60.0000000000000000,204311716.0876972377300262,197617938.3267451524734497
