lambdaBS,lambdaUE,loss_thresh,mean_rate,threshold rate
25,2000,60.0000000000000000,54923005.9546283781528473,38354855.2272847592830658
