lambdaBS,lambdaUE,loss_thresh,mean_rate,threshold rate
25,250,50.0000000000000000,267167687.5265225172042847,260926241.0892418026924133
