lambdaBS,lambdaUE,loss_thresh,mean_rate,threshold rate
25,250,90.0000000000000000,291223714.7254930138587952,383174502.9971224069595337
