lambdaBS,lambdaUE,loss_thresh,mean_rate,threshold rate
25,500,100.0000000000000000,222126892.1069528460502625,399867728.3450018167495728
