lambdaBS,lambdaUE,loss_thresh,mean_rate,threshold rate
25,1500,100.0000000000000000,78590688.9124905318021774,399688291.3462966084480286
