lambdaBS,lambdaUE,loss_thresh,mean_rate,threshold rate
25,500,50.0000000000000000,204957775.3462562561035156,176527047.3137070536613464
