lambdaBS,lambdaUE,loss_thresh,mean_rate,threshold rate
25,1000,50.0000000000000000,114274453.8095522969961166,78045651.0144253075122833
