lambdaBS,lambdaUE,loss_thresh,mean_rate,threshold rate
25,2000,80.0000000000000000,99696799.4483978897333145,113796905.2330291271209717
