lambdaBS,lambdaUE,loss_thresh,mean_rate,threshold rate
25,1500,70.0000000000000000,52885256.3798075765371323,38728381.0129116773605347
