lambdaBS,lambdaUE,loss_thresh,mean_rate,threshold rate
25,1000,80.0000000000000000,139020875.1377535760402679,193230991.3744709491729736
