lambdaBS,lambdaUE,loss_thresh,mean_rate,threshold rate
25,500,100.0000000000000000,204140041.3972802162170410,399801451.2913227081298828
