lambdaBS,lambdaUE,loss_thresh,mean_rate,threshold rate
25,1000,30.0000000000000036,113635323.4658593386411667,69909165.5063020437955856
