lambdaBS,lambdaUE,loss_thresh,mean_rate,threshold rate
25,1000,80.0000000000000000,129159106.8489950001239777,161388259.9634987115859985
