lambdaBS,lambdaUE,loss_thresh,mean_rate,threshold rate
25,2000,40.0000000000000000,58957806.4853451997041702,38051397.8275076597929001
