lambdaBS,lambdaUE,loss_thresh,mean_rate,threshold rate
25,1500,90.0000000000000000,107689697.7194018512964249,227418716.5741108655929565
