lambdaBS,lambdaUE,loss_thresh,mean_rate,threshold rate
25,1500,50.0000000000000000,73502658.1937979161739349,50556185.5965050756931305
