lambdaBS,lambdaUE,loss_thresh,mean_rate,threshold rate
25,500,40.0000000000000000,203270399.0365623831748962,143269047.3070447444915771
