lambdaBS,lambdaUE,loss_thresh,mean_rate,threshold rate
25,750,30.0000000000000036,146719048.2203429341316223,93254464.9066444635391235
