lambdaBS,lambdaUE,loss_thresh,mean_rate,threshold rate
25,750,60.0000000000000000,138469639.9977099299430847,107504819.5105906426906586
