lambdaBS,lambdaUE,loss_thresh,mean_rate,threshold rate
25,2000,70.0000000000000000,65666872.3771683499217033,53256038.6132387965917587
