lambdaBS,lambdaUE,loss_thresh,mean_rate,threshold rate
25,250,40.0000000000000000,265872923.2297193408012390,228363452.1787367463111877
