lambdaBS,lambdaUE,loss_thresh,mean_rate,threshold rate
25,1500,10.0000000000000000,78590688.9124905318021774,42664389.0788602232933044
