lambdaBS,lambdaUE,loss_thresh,mean_rate,threshold rate
25,2000,30.0000000000000036,65966018.1752099320292473,39485449.3137783706188202
