lambdaBS,lambdaUE,loss_thresh,mean_rate,threshold rate
25,250,70.0000000000000000,275498188.9532374143600464,330368145.8766775727272034
