lambdaBS,lambdaUE,loss_thresh,mean_rate,threshold rate
25,1000,40.0000000000000000,129331404.1830827593803406,86453204.6055657416582108
