lambdaBS,lambdaUE,loss_thresh,mean_rate,threshold rate
25,2000,10.0000000000000000,66278003.3392788544297218,33121285.8568469732999802
