lambdaBS,lambdaUE,loss_thresh,mean_rate,threshold rate
25,750,50.0000000000000000,126113712.0432818084955215,90814512.8205868899822235
