lambdaBS,lambdaUE,loss_thresh,mean_rate,threshold rate
25,250,80.0000000000000000,309686213.5316359400749207,376180306.2529857754707336
