lambdaBS,lambdaUE,loss_thresh,mean_rate,threshold rate
25,1000,0.0000000000000000,104522928.6809184551239014,45960390.2906305640935898
