lambdaBS,lambdaUE,loss_thresh,mean_rate,threshold rate
25,1500,100.0000000000000000,62389404.5437618717551231,399304512.9855669736862183
