lambdaBS,lambdaUE,loss_thresh,mean_rate,threshold rate
25,750,20.0000000000000000,164735575.7048147618770599,99531131.9083430469036102
