lambdaBS,lambdaUE,loss_thresh,mean_rate,threshold rate
25,1000,50.0000000000000000,163810821.3535307943820953,119819068.8844802677631378
