lambdaBS,lambdaUE,loss_thresh,mean_rate,threshold rate
25,1000,50.0000000000000000,113478921.8477745652198792,78052524.4412243366241455
