lambdaBS,lambdaUE,loss_thresh,mean_rate,threshold rate
25,500,30.0000000000000036,206814532.6901633739471436,137791760.9621126949787140
