lambdaBS,lambdaUE,loss_thresh,mean_rate,threshold rate
25,1500,10.0000000000000000,87705724.3826857507228851,45675167.3167042285203934
