lambdaBS,lambdaUE,loss_thresh,mean_rate,threshold rate
25,2000,10.0000000000000000,56784643.1083457469940186,29999056.8373247608542442
