lambdaBS,lambdaUE,loss_thresh,mean_rate,threshold rate
25,500,50.0000000000000000,191493673.9017001688480377,146731051.7745208144187927
