lambdaBS,lambdaUE,loss_thresh,mean_rate,threshold rate
25,1000,60.0000000000000000,129711416.1369701772928238,100424745.2406277358531952
