lambdaBS,lambdaUE,loss_thresh,mean_rate,threshold rate
25,1000,70.0000000000000000,118385896.2690688818693161,100476084.1134957075119019
