lambdaBS,lambdaUE,loss_thresh,mean_rate,threshold rate
25,250,10.0000000000000000,295615349.8246500492095947,185029225.2284957170486450
