lambdaBS,lambdaUE,loss_thresh,mean_rate,threshold rate
25,250,70.0000000000000000,290258261.3553092479705811,352889137.4047529697418213
