lambdaBS,lambdaUE,loss_thresh,mean_rate,threshold rate
25,500,80.0000000000000000,230025780.0667336583137512,325319306.3814271688461304
