lambdaBS,lambdaUE,loss_thresh,mean_rate,threshold rate
25,1500,50.0000000000000000,82714691.3774949908256531,55652740.8191607370972633
