lambdaBS,lambdaUE,loss_thresh,mean_rate,threshold rate
25,1500,20.0000000000000000,69105429.3689134865999222,39881699.9481628984212875
