lambdaBS,lambdaUE,loss_thresh,mean_rate,threshold rate
25,500,0.0000000000000000,214401319.7525389492511749,99687976.7757690548896790
