lambdaBS,lambdaUE,loss_thresh,mean_rate,threshold rate
25,750,70.0000000000000000,115072313.7967611849308014,100300790.0030301064252853
