lambdaBS,lambdaUE,loss_thresh,mean_rate,threshold rate
25,2000,40.0000000000000000,66974819.0820897296071053,40883674.1337750703096390
