lambdaBS,lambdaUE,loss_thresh,mean_rate,threshold rate
25,1000,70.0000000000000000,139020875.1377535760402679,141545584.9034541249275208
