lambdaBS,lambdaUE,loss_thresh,mean_rate,threshold rate
25,750,20.0000000000000000,199707429.1686598360538483,111792673.1870538294315338
