lambdaBS,lambdaUE,loss_thresh,mean_rate,threshold rate
25,1000,70.0000000000000000,88432693.7925610542297363,70740393.2976183295249939
