lambdaBS,lambdaUE,loss_thresh,mean_rate,threshold rate
25,250,10.0000000000000000,277564207.0828672647476196,162416048.6515040397644043
