lambdaBS,lambdaUE,loss_thresh,mean_rate,threshold rate
25,750,70.0000000000000000,120859099.2272561937570572,114863222.1539755761623383
