lambdaBS,lambdaUE,loss_thresh,mean_rate,threshold rate
25,1000,50.0000000000000000,114102832.8003760874271393,77350082.2912063449621201
