lambdaBS,lambdaUE,loss_thresh,mean_rate,threshold rate
25,2000,50.0000000000000000,63383674.5002592131495476,42404130.1325631514191628
