lambdaBS,lambdaUE,loss_thresh,mean_rate,threshold rate
25,1500,80.0000000000000000,58577805.9608336016535759,52898586.3075383305549622
