lambdaBS,lambdaUE,loss_thresh,mean_rate,threshold rate
25,1500,50.0000000000000000,52885256.3798075765371323,35985870.5048096552491188
