lambdaBS,lambdaUE,loss_thresh,mean_rate,threshold rate
25,1000,40.0000000000000000,114890645.1741123199462891,76430859.4393081963062286
