lambdaBS,lambdaUE,loss_thresh,mean_rate,threshold rate
25,1000,100.0000000000000000,127920627.5562996715307236,399892850.7858786582946777
