lambdaBS,lambdaUE,loss_thresh,mean_rate,threshold rate
25,2000,10.0000000000000000,59561739.0353456437587738,28780781.3087109178304672
