lambdaBS,lambdaUE,loss_thresh,mean_rate,threshold rate
25,1500,30.0000000000000036,78590688.9124905318021774,49294496.4375291168689728
