lambdaBS,lambdaUE,loss_thresh,mean_rate,threshold rate
25,750,100.0000000000000000,138469639.9977099299430847,399465041.1544368267059326
