lambdaBS,lambdaUE,loss_thresh,mean_rate,threshold rate
25,1500,40.0000000000000000,118317947.7809313684701920,79740353.0629158467054367
