lambdaBS,lambdaUE,loss_thresh,mean_rate,threshold rate
25,1500,40.0000000000000000,53112722.3691986650228500,35679560.9773204997181892
