lambdaBS,lambdaUE,loss_thresh,mean_rate,threshold rate
25,2000,10.0000000000000000,40927057.5321334451436996,22501930.6289308667182922
