lambdaBS,lambdaUE,loss_thresh,mean_rate,threshold rate
25,500,90.0000000000000000,178878921.2982313632965088,348275129.2559214830398560
