lambdaBS,lambdaUE,loss_thresh,mean_rate,threshold rate
25,2000,70.0000000000000000,79331113.0898984372615814,65987277.8511966690421104
