lambdaBS,lambdaUE,loss_thresh,mean_rate,threshold rate
25,1000,40.0000000000000000,101906946.0104690641164780,68556273.8564668595790863
