lambdaBS,lambdaUE,loss_thresh,mean_rate,threshold rate
25,1000,40.0000000000000000,81648340.8879122883081436,51535566.1531196311116219
