lambdaBS,lambdaUE,loss_thresh,mean_rate,threshold rate
25,250,80.0000000000000000,252513333.8873901963233948,355750486.2767812013626099
