lambdaBS,lambdaUE,loss_thresh,mean_rate,threshold rate
25,750,10.0000000000000000,138469639.9977099299430847,74030315.3642393499612808
