lambdaBS,lambdaUE,loss_thresh,mean_rate,threshold rate
25,1500,100.0000000000000000,80811130.3796265274286270,399866854.1087419986724854
