lambdaBS,lambdaUE,loss_thresh,mean_rate,threshold rate
25,750,0.0000000000000000,140012112.6677200198173523,54179908.9543768316507339
