lambdaBS,lambdaUE,loss_thresh,mean_rate,threshold rate
25,750,100.0000000000000000,125554415.0458351373672485,399468186.1929813623428345
