lambdaBS,lambdaUE,loss_thresh,mean_rate,threshold rate
25,500,50.0000000000000000,233014539.2559989094734192,215358248.4062656760215759
