lambdaBS,lambdaUE,loss_thresh,mean_rate,threshold rate
25,250,100.0000000000000000,286342088.0961239933967590,399930047.7101221084594727
