lambdaBS,lambdaUE,loss_thresh,mean_rate,threshold rate
25,500,20.0000000000000000,204311716.0876972377300262,123933517.2327663749456406
