lambdaBS,lambdaUE,loss_thresh,mean_rate,threshold rate
25,1000,20.0000000000000000,80602078.3696055114269257,48777846.1497674733400345
