lambdaBS,lambdaUE,loss_thresh,mean_rate,threshold rate
25,2000,80.0000000000000000,58957806.4853451997041702,51303413.7896539792418480
