lambdaBS,lambdaUE,loss_thresh,mean_rate,threshold rate
25,750,60.0000000000000000,127022352.3013564944267273,92704931.6690436303615570
