lambdaBS,lambdaUE,loss_thresh,mean_rate,threshold rate
25,2000,40.0000000000000000,58702984.6762075275182724,43295438.1097057536244392
