lambdaBS,lambdaUE,loss_thresh,mean_rate,threshold rate
25,750,30.0000000000000036,127022352.3013564944267273,73675543.6012767702341080
