lambdaBS,lambdaUE,loss_thresh,mean_rate,threshold rate
25,250,100.0000000000000000,290335956.9735071063041687,399757503.7676147222518921
