lambdaBS,lambdaUE,loss_thresh,mean_rate,threshold rate
25,2000,70.0000000000000000,50088168.6401001587510109,39025454.7758141010999680
