lambdaBS,lambdaUE,loss_thresh,mean_rate,threshold rate
25,250,0.0000000000000000,274179328.1097429394721985,127233200.0289322733879089
