lambdaBS,lambdaUE,loss_thresh,mean_rate,threshold rate
25,500,0.0000000000000000,188991611.3950321078300476,78505659.0271746963262558
