lambdaBS,lambdaUE,loss_thresh,mean_rate,threshold rate
25,500,80.0000000000000000,245374647.5183960795402527,347961542.9855422377586365
