lambdaBS,lambdaUE,loss_thresh,mean_rate,threshold rate
25,500,20.0000000000000000,190056779.5299750566482544,111585650.5097276568412781
