lambdaBS,lambdaUE,loss_thresh,mean_rate,threshold rate
25,500,30.0000000000000036,221997534.0487715601921082,159574347.1137469708919525
