lambdaBS,lambdaUE,loss_thresh,mean_rate,threshold rate
25,250,20.0000000000000000,315248652.3834155797958374,246171860.7941249012947083
