lambdaBS,lambdaUE,loss_thresh,mean_rate,threshold rate
25,250,100.0000000000000000,291682658.3846660852432251,399855018.7064769864082336
