lambdaBS,lambdaUE,loss_thresh,mean_rate,threshold rate
25,500,30.0000000000000036,245333896.6028930246829987,179357324.6318165957927704
