lambdaBS,lambdaUE,loss_thresh,mean_rate,threshold rate
25,2000,30.0000000000000036,66974819.0820897296071053,38881359.6057719811797142
