lambdaBS,lambdaUE,loss_thresh,mean_rate,threshold rate
25,2000,40.0000000000000000,48806529.0751942172646523,33250265.4493805728852749
