lambdaBS,lambdaUE,loss_thresh,mean_rate,threshold rate
25,250,10.0000000000000000,289564156.4327043890953064,183955795.6563880145549774
