lambdaBS,lambdaUE,loss_thresh,mean_rate,threshold rate
25,2000,100.0000000000000000,65966018.1752099320292473,399044263.3065010309219360
