lambdaBS,lambdaUE,loss_thresh,mean_rate,threshold rate
25,250,100.0000000000000000,295615349.8246500492095947,399683634.2480144500732422
