lambdaBS,lambdaUE,loss_thresh,mean_rate,threshold rate
25,1500,100.0000000000000000,101185487.0637925267219543,399769626.3951860666275024
