lambdaBS,lambdaUE,loss_thresh,mean_rate,threshold rate
25,1000,90.0000000000000000,80090887.6745335310697556,149292173.6968624293804169
