lambdaBS,lambdaUE,loss_thresh,mean_rate,threshold rate
25,1500,40.0000000000000000,92062317.2619398683309555,60894792.1757009699940681
