lambdaBS,lambdaUE,loss_thresh,mean_rate,threshold rate
25,1500,70.0000000000000000,67382523.1430252790451050,53397261.2546471804380417
