lambdaBS,lambdaUE,loss_thresh,mean_rate,threshold rate
25,2000,30.0000000000000036,55961653.3258567973971367,36764499.1938370093703270
