lambdaBS,lambdaUE,loss_thresh,mean_rate,threshold rate
25,2000,70.0000000000000000,50839173.2861243858933449,36879890.7530197277665138
