lambdaBS,lambdaUE,loss_thresh,mean_rate,threshold rate
25,1000,30.0000000000000036,127994972.5718139410018921,73411649.7112428545951843
