lambdaBS,lambdaUE,loss_thresh,mean_rate,threshold rate
25,1000,30.0000000000000036,126478633.2569307833909988,78018994.7549538314342499
