lambdaBS,lambdaUE,loss_thresh,mean_rate,threshold rate
25,500,40.0000000000000000,147387617.5816494226455688,98448819.6699257493019104
