lambdaBS,lambdaUE,loss_thresh,mean_rate,threshold rate
25,1000,90.0000000000000000,114274453.8095522969961166,244887758.0178031921386719
