lambdaBS,lambdaUE,loss_thresh,mean_rate,threshold rate
25,500,0.0000000000000000,222994751.6000937521457672,100807234.4406130313873291
