lambdaBS,lambdaUE,loss_thresh,mean_rate,threshold rate
25,750,0.0000000000000000,137357254.8511541783809662,56796976.4751269817352295
