lambdaBS,lambdaUE,loss_thresh,mean_rate,threshold rate
25,2000,40.0000000000000000,49783326.8764070197939873,34009172.5327619835734367
