lambdaBS,lambdaUE,loss_thresh,mean_rate,threshold rate
25,2000,80.0000000000000000,42548737.1037807762622833,35574283.2297592312097549
