lambdaBS,lambdaUE,loss_thresh,mean_rate,threshold rate
25,250,80.0000000000000000,237632202.6609104275703430,328284114.7796126604080200
