lambdaBS,lambdaUE,loss_thresh,mean_rate,threshold rate
25,250,60.0000000000000000,281484691.6597837209701538,304368463.0278344154357910
