lambdaBS,lambdaUE,loss_thresh,mean_rate,threshold rate
25,2000,90.0000000000000000,45592089.8189247921109200,52373129.2762048393487930
