lambdaBS,lambdaUE,loss_thresh,mean_rate,threshold rate
25,750,80.0000000000000000,193603912.5965301394462585,294062916.2300760149955750
