lambdaBS,lambdaUE,loss_thresh,mean_rate,threshold rate
25,1000,30.0000000000000036,102167493.6697952896356583,63902157.1139019057154655
