lambdaBS,lambdaUE,loss_thresh,mean_rate,threshold rate
25,1500,50.0000000000000000,59178293.3649869337677956,42606027.4786059632897377
