lambdaBS,lambdaUE,loss_thresh,mean_rate,threshold rate
25,2000,80.0000000000000000,64079944.1942034736275673,54859976.4242572858929634
