lambdaBS,lambdaUE,loss_thresh,mean_rate,threshold rate
25,500,80.0000000000000000,164752846.7565250396728516,228211901.2785444259643555
