lambdaBS,lambdaUE,loss_thresh,mean_rate,threshold rate
25,500,0.0000000000000000,195590553.7730862498283386,83995116.9423356205224991
