lambdaBS,lambdaUE,loss_thresh,mean_rate,threshold rate
25,500,50.0000000000000000,204311716.0876972377300262,173942737.6228860318660736
