lambdaBS,lambdaUE,loss_thresh,mean_rate,threshold rate
25,750,20.0000000000000000,146719048.2203429341316223,86764631.9040067642927170
