lambdaBS,lambdaUE,loss_thresh,mean_rate,threshold rate
25,1500,90.0000000000000000,87767591.7160757482051849,181179571.8163869678974152
