lambdaBS,lambdaUE,loss_thresh,mean_rate,threshold rate
25,2000,10.0000000000000000,45305208.7174745053052902,23016492.5295164436101913
