lambdaBS,lambdaUE,loss_thresh,mean_rate,threshold rate
25,1000,100.0000000000000000,118226441.7022977024316788,399456399.2968865036964417
