lambdaBS,lambdaUE,loss_thresh,mean_rate,threshold rate
25,1000,20.0000000000000000,106537997.8191786259412766,62552720.5400625765323639
