lambdaBS,lambdaUE,loss_thresh,mean_rate,threshold rate
25,2000,20.0000000000000000,66278003.3392788544297218,37313125.1970983073115349
