lambdaBS,lambdaUE,loss_thresh,mean_rate,threshold rate
25,2000,20.0000000000000000,55620506.0765084773302078,32438272.1411282159388065
