lambdaBS,lambdaUE,loss_thresh,mean_rate,threshold rate
25,1000,40.0000000000000000,104522928.6809184551239014,65317425.3292830437421799
