lambdaBS,lambdaUE,loss_thresh,mean_rate,threshold rate
25,500,70.0000000000000000,233428498.1046710014343262,286157933.5492891669273376
