lambdaBS,lambdaUE,loss_thresh,mean_rate,threshold rate
25,500,80.0000000000000000,169128446.8036064505577087,232162841.5375724732875824
