lambdaBS,lambdaUE,loss_thresh,mean_rate,threshold rate
25,500,100.0000000000000000,176673053.5490611493587494,399810213.5982619524002075
