lambdaBS,lambdaUE,loss_thresh,mean_rate,threshold rate
25,500,10.0000000000000000,199786126.1512503325939178,103446446.6650401353836060
