lambdaBS,lambdaUE,loss_thresh,mean_rate,threshold rate
25,2000,80.0000000000000000,55961653.3258567973971367,50431890.5998046174645424
