lambdaBS,lambdaUE,loss_thresh,mean_rate,threshold rate
25,750,70.0000000000000000,153198712.8203188180923462,163040908.3596082329750061
