lambdaBS,lambdaUE,loss_thresh,mean_rate,threshold rate
25,2000,90.0000000000000000,56974567.8599111586809158,83479626.7246825098991394
