lambdaBS,lambdaUE,loss_thresh,mean_rate,threshold rate
25,500,60.0000000000000000,195590553.7730862498283386,184384970.0808413624763489
