lambdaBS,lambdaUE,loss_thresh,mean_rate,threshold rate
25,2000,90.0000000000000000,68214893.4247093647718430,108145872.0836485624313354
