lambdaBS,lambdaUE,loss_thresh,mean_rate,threshold rate
25,1000,10.0000000000000000,81648340.8879122883081436,44128097.1254241093993187
