lambdaBS,lambdaUE,loss_thresh,mean_rate,threshold rate
25,1500,30.0000000000000036,75897609.5003102868795395,46807479.2269597873091698
