lambdaBS,lambdaUE,loss_thresh,mean_rate,threshold rate
25,500,80.0000000000000000,161868819.2519365251064301,226654441.7921040654182434
