lambdaBS,lambdaUE,loss_thresh,mean_rate,threshold rate
25,1500,60.0000000000000000,98900038.9029720425605774,69897106.2704232186079025
