lambdaBS,lambdaUE,loss_thresh,mean_rate,threshold rate
25,500,20.0000000000000000,147387617.5816494226455688,87354854.8015790432691574
