lambdaBS,lambdaUE,loss_thresh,mean_rate,threshold rate
25,1500,40.0000000000000000,93763357.6442786455154419,58346639.2942170500755310
