lambdaBS,lambdaUE,loss_thresh,mean_rate,threshold rate
25,500,80.0000000000000000,211555306.4451645612716675,321211277.8882911801338196
