lambdaBS,lambdaUE,loss_thresh,mean_rate,threshold rate
25,1500,40.0000000000000000,82138213.9431901574134827,52876710.7765623927116394
