lambdaBS,lambdaUE,loss_thresh,mean_rate,threshold rate
25,2000,50.0000000000000000,34017729.5774768292903900,23303152.4672154188156128
