lambdaBS,lambdaUE,loss_thresh,mean_rate,threshold rate
25,500,20.0000000000000000,195128016.4363408982753754,113999294.5138762444257736
