lambdaBS,lambdaUE,loss_thresh,mean_rate,threshold rate
25,250,0.0000000000000000,262536866.9099802970886230,135912920.8111016750335693
