lambdaBS,lambdaUE,loss_thresh,mean_rate,threshold rate
25,750,100.0000000000000000,122942346.4639396220445633,399037327.3145554065704346
