lambdaBS,lambdaUE,loss_thresh,mean_rate,threshold rate
25,500,60.0000000000000000,169766361.8417476415634155,151738070.6441316604614258
