lambdaBS,lambdaUE,loss_thresh,mean_rate,threshold rate
25,500,80.0000000000000000,222215636.5330757796764374,312940837.3479384183883667
