lambdaBS,lambdaUE,loss_thresh,mean_rate,threshold rate
25,2000,30.0000000000000036,42868567.6925612911581993,27370445.4017363376915455
