lambdaBS,lambdaUE,loss_thresh,mean_rate,threshold rate
25,1000,100.0000000000000000,91361207.9844168722629547,399390911.4191941022872925
