lambdaBS,lambdaUE,loss_thresh,mean_rate,threshold rate
25,2000,70.0000000000000000,62474752.9353357851505280,47741841.8208957612514496
