lambdaBS,lambdaUE,loss_thresh,mean_rate,threshold rate
25,250,30.0000000000000036,247551135.9894803166389465,168843231.6002024412155151
