lambdaBS,lambdaUE,loss_thresh,mean_rate,threshold rate
25,250,40.0000000000000000,307460330.0645127892494202,280665446.0986572504043579
