lambdaBS,lambdaUE,loss_thresh,mean_rate,threshold rate
25,750,70.0000000000000000,136120457.0908496379852295,125304627.7879900932312012
