lambdaBS,lambdaUE,loss_thresh,mean_rate,threshold rate
25,1500,50.0000000000000000,81500970.2790151238441467,55689791.4333476275205612
