lambdaBS,lambdaUE,loss_thresh,mean_rate,threshold rate
25,250,0.0000000000000000,267167687.5265225172042847,139738529.8405550122261047
