lambdaBS,lambdaUE,loss_thresh,mean_rate,threshold rate
25,2000,70.0000000000000000,56685397.6138151958584785,44690208.7162237912416458
