lambdaBS,lambdaUE,loss_thresh,mean_rate,threshold rate
25,1000,20.0000000000000000,129177701.3151416480541229,70283702.9211836755275726
