lambdaBS,lambdaUE,loss_thresh,mean_rate,threshold rate
25,250,80.0000000000000000,227825158.3172380924224854,328473977.6970499753952026
