lambdaBS,lambdaUE,loss_thresh,mean_rate,threshold rate
25,750,80.0000000000000000,157017060.4377644658088684,209514205.1836696863174438
