lambdaBS,lambdaUE,loss_thresh,mean_rate,threshold rate
25,500,70.0000000000000000,220033116.1265414655208588,267562900.3234589695930481
