lambdaBS,lambdaUE,loss_thresh,mean_rate,threshold rate
25,2000,90.0000000000000000,57186087.7915293499827385,85648264.7504342794418335
