lambdaBS,lambdaUE,loss_thresh,mean_rate,threshold rate
25,1000,100.0000000000000000,126299774.7028612494468689,399535950.7429960966110229
