lambdaBS,lambdaUE,loss_thresh,mean_rate,threshold rate
25,750,100.0000000000000000,155942695.8685144484043121,399250343.4020111560821533
