lambdaBS,lambdaUE,loss_thresh,mean_rate,threshold rate
25,750,0.0000000000000000,149947925.1653344929218292,62033224.5267954021692276
