lambdaBS,lambdaUE,loss_thresh,mean_rate,threshold rate
25,1000,0.0000000000000000,113478921.8477745652198792,41901009.0428497791290283
