lambdaBS,lambdaUE,loss_thresh,mean_rate,threshold rate
25,1000,40.0000000000000000,126299774.7028612494468689,84718244.8108919411897659
