lambdaBS,lambdaUE,loss_thresh,mean_rate,threshold rate
25,500,30.0000000000000036,147387617.5816494226455688,91728013.4594308733940125
