lambdaBS,lambdaUE,loss_thresh,mean_rate,threshold rate
25,750,90.0000000000000000,167085894.6852245032787323,337942718.3755942583084106
