lambdaBS,lambdaUE,loss_thresh,mean_rate,threshold rate
25,1000,80.0000000000000000,129635651.8699527382850647,174733879.0924609303474426
