lambdaBS,lambdaUE,loss_thresh,mean_rate,threshold rate
25,750,10.0000000000000000,160313017.1436156630516052,86673764.8172970861196518
