lambdaBS,lambdaUE,loss_thresh,mean_rate,threshold rate
25,2000,30.0000000000000036,65059012.4319120869040489,42192756.7649794220924377
