lambdaBS,lambdaUE,loss_thresh,mean_rate,threshold rate
25,1000,30.0000000000000036,126299774.7028612494468689,78798972.4985728561878204
