lambdaBS,lambdaUE,loss_thresh,mean_rate,threshold rate
25,500,60.0000000000000000,229952935.4116376638412476,237830096.7365847826004028
