lambdaBS,lambdaUE,loss_thresh,mean_rate,threshold rate
25,2000,30.0000000000000036,49952095.1488297507166862,30864327.7334058061242104
