lambdaBS,lambdaUE,loss_thresh,mean_rate,threshold rate
25,2000,10.0000000000000000,65059012.4319120869040489,37217836.9574968889355659
