lambdaBS,lambdaUE,loss_thresh,mean_rate,threshold rate
25,2000,30.0000000000000036,81930753.8390030562877655,50633949.4706109166145325
