lambdaBS,lambdaUE,loss_thresh,mean_rate,threshold rate
25,1000,30.0000000000000036,161306447.1557166278362274,94965186.5524398982524872
