lambdaBS,lambdaUE,loss_thresh,mean_rate,threshold rate
25,250,80.0000000000000000,262920882.4668350815773010,379365217.8480648994445801
