lambdaBS,lambdaUE,loss_thresh,mean_rate,threshold rate
25,1500,40.0000000000000000,87984004.9698738157749176,56774503.9529021978378296
