lambdaBS,lambdaUE,loss_thresh,mean_rate,threshold rate
25,750,40.0000000000000000,146719048.2203429341316223,100303696.2535276114940643
