lambdaBS,lambdaUE,loss_thresh,mean_rate,threshold rate
25,750,10.0000000000000000,166995098.1058658957481384,86511995.7412691563367844
