lambdaBS,lambdaUE,loss_thresh,mean_rate,threshold rate
25,750,20.0000000000000000,170777532.0917022824287415,101286551.3194683343172073
