lambdaBS,lambdaUE,loss_thresh,mean_rate,threshold rate
25,1500,90.0000000000000000,67382523.1430252790451050,96349055.1366641223430634
