lambdaBS,lambdaUE,loss_thresh,mean_rate,threshold rate
25,2000,50.0000000000000000,54923005.9546283781528473,36440895.5405959859490395
