lambdaBS,lambdaUE,loss_thresh,mean_rate,threshold rate
25,1500,70.0000000000000000,86416574.0809701830148697,68210503.2600706517696381
