lambdaBS,lambdaUE,loss_thresh,mean_rate,threshold rate
25,250,60.0000000000000000,264182215.2268611490726471,282215606.3191081285476685
