lambdaBS,lambdaUE,loss_thresh,mean_rate,threshold rate
25,250,100.0000000000000000,300508665.4237394928932190,399661219.6662858128547668
