lambdaBS,lambdaUE,loss_thresh,mean_rate,threshold rate
25,500,40.0000000000000000,229952935.4116376638412476,189094291.0307086706161499
