lambdaBS,lambdaUE,loss_thresh,mean_rate,threshold rate
25,1500,20.0000000000000000,67382523.1430252790451050,40808084.6799305602908134
