lambdaBS,lambdaUE,loss_thresh,mean_rate,threshold rate
25,1500,100.0000000000000000,59178293.3649869337677956,399576959.8476675748825073
