lambdaBS,lambdaUE,loss_thresh,mean_rate,threshold rate
25,250,100.0000000000000000,305050831.5635651946067810,399146010.2838708162307739
