lambdaBS,lambdaUE,loss_thresh,mean_rate,threshold rate
25,250,60.0000000000000000,270799507.3649336099624634,309123987.0245325565338135
