lambdaBS,lambdaUE,loss_thresh,mean_rate,threshold rate
25,250,20.0000000000000000,292807224.2829713225364685,216734280.7983951866626740
