lambdaBS,lambdaUE,loss_thresh,mean_rate,threshold rate
25,1000,60.0000000000000000,118278074.9840818643569946,93354369.7544144093990326
