lambdaBS,lambdaUE,loss_thresh,mean_rate,threshold rate
25,1000,0.0000000000000000,83427377.7444459795951843,37561842.7669459059834480
