lambdaBS,lambdaUE,loss_thresh,mean_rate,threshold rate
25,750,100.0000000000000000,172767201.2033430337905884,399592404.9478120207786560
