lambdaBS,lambdaUE,loss_thresh,mean_rate,threshold rate
25,1000,40.0000000000000000,103538602.1898398250341415,66582294.4462959766387939
