lambdaBS,lambdaUE,loss_thresh,mean_rate,threshold rate
25,1500,30.0000000000000036,53112722.3691986650228500,33961227.6122397184371948
