lambdaBS,lambdaUE,loss_thresh,mean_rate,threshold rate
25,250,30.0000000000000036,259160227.4407435357570648,197232851.2714087367057800
