lambdaBS,lambdaUE,loss_thresh,mean_rate,threshold rate
25,250,30.0000000000000036,267167687.5265225172042847,208638082.7395310401916504
