lambdaBS,lambdaUE,loss_thresh,mean_rate,threshold rate
25,1500,20.0000000000000000,72028693.9188253432512283,42095716.6593935713171959
