lambdaBS,lambdaUE,loss_thresh,mean_rate,threshold rate
25,750,10.0000000000000000,144227377.7009856700897217,77519454.2043324261903763
