lambdaBS,lambdaUE,loss_thresh,mean_rate,threshold rate
25,750,100.0000000000000000,117916449.9048209190368652,398526977.8120436668395996
