lambdaBS,lambdaUE,loss_thresh,mean_rate,threshold rate
25,250,30.0000000000000036,237632202.6609104275703430,170911487.0655773282051086
