lambdaBS,lambdaUE,loss_thresh,mean_rate,threshold rate
25,1000,30.0000000000000036,129711416.1369701772928238,79557268.0403282940387726
