lambdaBS,lambdaUE,loss_thresh,mean_rate,threshold rate
25,1500,0.0000000000000000,57353620.3425506278872490,23310491.3004355616867542
