lambdaBS,lambdaUE,loss_thresh,mean_rate,threshold rate
25,1000,70.0000000000000000,114890645.1741123199462891,104436365.4814680516719818
