lambdaBS,lambdaUE,loss_thresh,mean_rate,threshold rate
25,2000,20.0000000000000000,58957806.4853451997041702,33852845.0247941389679909
