lambdaBS,lambdaUE,loss_thresh,mean_rate,threshold rate
25,2000,20.0000000000000000,66739001.6189924255013466,39567837.2754892334342003
