lambdaBS,lambdaUE,loss_thresh,mean_rate,threshold rate
25,750,60.0000000000000000,149563626.3222410082817078,123496531.9231234043836594
