lambdaBS,lambdaUE,loss_thresh,mean_rate,threshold rate
25,1500,10.0000000000000000,60542622.9864991903305054,31729826.1689846515655518
