lambdaBS,lambdaUE,loss_thresh,mean_rate,threshold rate
25,1500,100.0000000000000000,92062317.2619398683309555,399649783.8265968561172485
