lambdaBS,lambdaUE,loss_thresh,mean_rate,threshold rate
25,250,50.0000000000000000,304547412.2497818470001221,318300697.8142946362495422
