lambdaBS,lambdaUE,loss_thresh,mean_rate,threshold rate
25,250,80.0000000000000000,274179328.1097429394721985,370502756.6106088757514954
