lambdaBS,lambdaUE,loss_thresh,mean_rate,threshold rate
25,1000,40.0000000000000000,83427377.7444459795951843,56449053.3097157776355743
