lambdaBS,lambdaUE,loss_thresh,mean_rate,threshold rate
25,2000,60.0000000000000000,70382396.8436682522296906,53883663.4346032813191414
