lambdaBS,lambdaUE,loss_thresh,mean_rate,threshold rate
25,1500,20.0000000000000000,78767711.9996387362480164,45735451.3206826820969582
