lambdaBS,lambdaUE,loss_thresh,mean_rate,threshold rate
25,500,30.0000000000000036,187252466.5755333602428436,119442341.4578522145748138
