lambdaBS,lambdaUE,loss_thresh,mean_rate,threshold rate
25,750,0.0000000000000000,165878903.1768380403518677,71848665.7930813431739807
