lambdaBS,lambdaUE,loss_thresh,mean_rate,threshold rate
25,1500,60.0000000000000000,90678836.6046885997056961,63918926.4808163493871689
