lambdaBS,lambdaUE,loss_thresh,mean_rate,threshold rate
25,500,70.0000000000000000,245333896.6028930246829987,308560097.6142632961273193
