lambdaBS,lambdaUE,loss_thresh,mean_rate,threshold rate
25,2000,0.0000000000000000,58957806.4853451997041702,23761601.9083751142024994
