lambdaBS,lambdaUE,loss_thresh,mean_rate,threshold rate
25,1000,90.0000000000000000,114890645.1741123199462891,243954963.3126915097236633
