lambdaBS,lambdaUE,loss_thresh,mean_rate,threshold rate
25,250,80.0000000000000000,294667406.6752005219459534,377798167.8249984979629517
