lambdaBS,lambdaUE,loss_thresh,mean_rate,threshold rate
25,2000,30.0000000000000036,50088168.6401001587510109,32399569.5998279042541981
