lambdaBS,lambdaUE,loss_thresh,mean_rate,threshold rate
25,500,100.0000000000000000,195128016.4363408982753754,399607105.4772719740867615
