lambdaBS,lambdaUE,loss_thresh,mean_rate,threshold rate
25,2000,60.0000000000000000,63268488.5270378738641739,45379191.7537778764963150
