lambdaBS,lambdaUE,loss_thresh,mean_rate,threshold rate
25,2000,20.0000000000000000,58001672.2311887219548225,36202700.3612896353006363
