lambdaBS,lambdaUE,loss_thresh,mean_rate,threshold rate
25,250,0.0000000000000000,293959182.2258570790290833,137801036.3415835797786713
