lambdaBS,lambdaUE,loss_thresh,mean_rate,threshold rate
25,500,40.0000000000000000,193741417.5633775889873505,138375336.9615557193756104
