lambdaBS,lambdaUE,loss_thresh,mean_rate,threshold rate
25,1500,80.0000000000000000,75112564.8432339876890182,69394360.0789174735546112
