lambdaBS,lambdaUE,loss_thresh,mean_rate,threshold rate
25,500,60.0000000000000000,220033116.1265414655208588,220724032.1169898808002472
