lambdaBS,lambdaUE,loss_thresh,mean_rate,threshold rate
25,500,40.0000000000000000,193404125.1742516160011292,126847014.2952690124511719
