lambdaBS,lambdaUE,loss_thresh,mean_rate,threshold rate
25,2000,70.0000000000000000,45305208.7174745053052902,36362706.8818505629897118
