lambdaBS,lambdaUE,loss_thresh,mean_rate,threshold rate
25,1500,50.0000000000000000,77493754.2026759386062622,54114820.4640366062521935
