lambdaBS,lambdaUE,loss_thresh,mean_rate,threshold rate
25,500,50.0000000000000000,249273413.3952049016952515,238685646.0745495557785034
