lambdaBS,lambdaUE,loss_thresh,mean_rate,threshold rate
25,750,40.0000000000000000,149947925.1653344929218292,101973400.0006989240646362
