lambdaBS,lambdaUE,loss_thresh,mean_rate,threshold rate
25,1500,20.0000000000000000,79816489.1934691220521927,46293078.9558957517147064
