lambdaBS,lambdaUE,loss_thresh,mean_rate,threshold rate
25,250,90.0000000000000000,266646249.6610763967037201,385036034.2958950996398926
