lambdaBS,lambdaUE,loss_thresh,mean_rate,threshold rate
25,750,60.0000000000000000,102847072.6652850359678268,74939632.2444368600845337
