lambdaBS,lambdaUE,loss_thresh,mean_rate,threshold rate
25,500,20.0000000000000000,221825162.0981989204883575,136097455.6277233064174652
