lambdaBS,lambdaUE,loss_thresh,mean_rate,threshold rate
25,250,80.0000000000000000,295615349.8246500492095947,378107792.7598023414611816
