lambdaBS,lambdaUE,loss_thresh,mean_rate,threshold rate
25,250,40.0000000000000000,277455822.2756936550140381,246953469.5992776155471802
