lambdaBS,lambdaUE,loss_thresh,mean_rate,threshold rate
25,750,30.0000000000000036,149947925.1653344929218292,94510683.7210836112499237
