lambdaBS,lambdaUE,loss_thresh,mean_rate,threshold rate
25,750,10.0000000000000000,134883436.5794526040554047,74688901.3551738560199738
