lambdaBS,lambdaUE,loss_thresh,mean_rate,threshold rate
25,2000,50.0000000000000000,53388665.3878123611211777,37764723.3680965229868889
