lambdaBS,lambdaUE,loss_thresh,mean_rate,threshold rate
25,250,80.0000000000000000,289564156.4327043890953064,372926663.5766174197196960
