lambdaBS,lambdaUE,loss_thresh,mean_rate,threshold rate
25,2000,80.0000000000000000,48028662.9549871087074280,40995113.7693068087100983
