lambdaBS,lambdaUE,loss_thresh,mean_rate,threshold rate
25,750,30.0000000000000036,134951182.6296507716178894,84200815.9755223244428635
