lambdaBS,lambdaUE,loss_thresh,mean_rate,threshold rate
25,1000,50.0000000000000000,135493580.3021383881568909,94320203.1164067983627319
