lambdaBS,lambdaUE,loss_thresh,mean_rate,threshold rate
25,750,30.0000000000000036,155942695.8685144484043121,94614299.2227382659912109
