lambdaBS,lambdaUE,loss_thresh,mean_rate,threshold rate
25,1500,30.0000000000000036,61321809.6150320470333099,40774948.7765464782714844
