lambdaBS,lambdaUE,loss_thresh,mean_rate,threshold rate
25,750,0.0000000000000000,128259416.4522450715303421,47749322.0142930373549461
