lambdaBS,lambdaUE,loss_thresh,mean_rate,threshold rate
25,750,0.0000000000000000,177295295.2033334374427795,80421717.3421683907508850
