lambdaBS,lambdaUE,loss_thresh,mean_rate,threshold rate
25,2000,50.0000000000000000,58747989.7847753390669823,40399476.8475208580493927
