lambdaBS,lambdaUE,loss_thresh,mean_rate,threshold rate
25,250,20.0000000000000000,299332505.5781394839286804,228753306.8024711608886719
