lambdaBS,lambdaUE,loss_thresh,mean_rate,threshold rate
25,1500,70.0000000000000000,82714691.3774949908256531,66264684.1790567487478256
