lambdaBS,lambdaUE,loss_thresh,mean_rate,threshold rate
25,1000,30.0000000000000036,129714523.2631676942110062,78067005.6936799585819244
