lambdaBS,lambdaUE,loss_thresh,mean_rate,threshold rate
25,1500,90.0000000000000000,77359638.7744346261024475,134739488.2817082703113556
