lambdaBS,lambdaUE,loss_thresh,mean_rate,threshold rate
25,250,70.0000000000000000,270681329.2155610322952271,331129272.6395476460456848
