lambdaBS,lambdaUE,loss_thresh,mean_rate,threshold rate
25,750,90.0000000000000000,160313017.1436156630516052,315891297.7052818536758423
