lambdaBS,lambdaUE,loss_thresh,mean_rate,threshold rate
25,2000,60.0000000000000000,53611676.5190386399626732,35950260.2741935029625893
