lambdaBS,lambdaUE,loss_thresh,mean_rate,threshold rate
25,750,20.0000000000000000,167255350.6905601918697357,90820100.5288290530443192
