lambdaBS,lambdaUE,loss_thresh,mean_rate,threshold rate
25,500,30.0000000000000036,160825113.1049457192420959,109180477.8397154808044434
