lambdaBS,lambdaUE,loss_thresh,mean_rate,threshold rate
25,250,10.0000000000000000,290026294.2987244725227356,180090328.8268780112266541
