lambdaBS,lambdaUE,loss_thresh,mean_rate,threshold rate
25,750,30.0000000000000036,154826177.5446601808071136,93623230.5280931293964386
