lambdaBS,lambdaUE,loss_thresh,mean_rate,threshold rate
25,500,20.0000000000000000,199786126.1512503325939178,113619411.3973057270050049
