lambdaBS,lambdaUE,loss_thresh,mean_rate,threshold rate
25,500,90.0000000000000000,191251399.8987487554550171,366134131.0746361017227173
