lambdaBS,lambdaUE,loss_thresh,mean_rate,threshold rate
25,1000,90.0000000000000000,118385896.2690688818693161,296351625.6534311771392822
