lambdaBS,lambdaUE,loss_thresh,mean_rate,threshold rate
25,1000,80.0000000000000000,129714523.2631676942110062,165345986.3296595215797424
