lambdaBS,lambdaUE,loss_thresh,mean_rate,threshold rate
25,1000,30.0000000000000036,90200644.4742006659507751,57642437.8303858041763306
