lambdaBS,lambdaUE,loss_thresh,mean_rate,threshold rate
25,250,70.0000000000000000,274309910.5850853323936462,336979156.6940789818763733
