lambdaBS,lambdaUE,loss_thresh,mean_rate,threshold rate
25,2000,30.0000000000000036,66739001.6189924255013466,42640789.5955763682723045
