lambdaBS,lambdaUE,loss_thresh,mean_rate,threshold rate
25,500,40.0000000000000000,186607459.9680850803852081,124288011.0560962557792664
