lambdaBS,lambdaUE,loss_thresh,mean_rate,threshold rate
25,1000,100.0000000000000000,127994972.5718139410018921,399693468.0301425457000732
