lambdaBS,lambdaUE,loss_thresh,mean_rate,threshold rate
25,2000,20.0000000000000000,45305208.7174745053052902,26007568.5223192833364010
