lambdaBS,lambdaUE,loss_thresh,mean_rate,threshold rate
25,500,30.0000000000000036,211555306.4451645612716675,132725724.5989357829093933
