lambdaBS,lambdaUE,loss_thresh,mean_rate,threshold rate
25,750,70.0000000000000000,162533246.0643578171730042,178167129.9726281464099884
