lambdaBS,lambdaUE,loss_thresh,mean_rate,threshold rate
25,1000,40.0000000000000000,109389751.6823235005140305,69631007.1435095071792603
