lambdaBS,lambdaUE,loss_thresh,mean_rate,threshold rate
25,2000,60.0000000000000000,61632913.3410553112626076,46895398.4089702218770981
