lambdaBS,lambdaUE,loss_thresh,mean_rate,threshold rate
25,750,20.0000000000000000,110108441.9236152470111847,65541569.5208109915256500
