lambdaBS,lambdaUE,loss_thresh,mean_rate,threshold rate
25,1500,20.0000000000000000,92062317.2619398683309555,54002577.1560089364647865
