lambdaBS,lambdaUE,loss_thresh,mean_rate,threshold rate
25,1500,30.0000000000000036,69890980.5809751451015472,43049568.4641281738877296
