lambdaBS,lambdaUE,loss_thresh,mean_rate,threshold rate
25,750,30.0000000000000036,110108441.9236152470111847,69063439.0862382948398590
