lambdaBS,lambdaUE,loss_thresh,mean_rate,threshold rate
25,750,70.0000000000000000,120699030.5994547456502914,105418259.5141776651144028
