lambdaBS,lambdaUE,loss_thresh,mean_rate,threshold rate
25,2000,80.0000000000000000,41594880.9075666889548302,34191974.6779011264443398
