lambdaBS,lambdaUE,loss_thresh,mean_rate,threshold rate
25,750,50.0000000000000000,145034545.0254938602447510,103184484.1862442493438721
