lambdaBS,lambdaUE,loss_thresh,mean_rate,threshold rate
25,750,50.0000000000000000,153203903.3199640512466431,110200123.3165960013866425
