lambdaBS,lambdaUE,loss_thresh,mean_rate,threshold rate
25,1000,30.0000000000000036,128178526.0993956923484802,75748795.9296240210533142
