lambdaBS,lambdaUE,loss_thresh,mean_rate,threshold rate
25,2000,0.0000000000000000,60864390.6409080401062965,22631289.0492142401635647
