lambdaBS,lambdaUE,loss_thresh,mean_rate,threshold rate
25,250,70.0000000000000000,286926541.7221158146858215,360653105.4869360923767090
