lambdaBS,lambdaUE,loss_thresh,mean_rate,threshold rate
25,1500,40.0000000000000000,89100120.5524170547723770,53722624.4659655392169952
