lambdaBS,lambdaUE,loss_thresh,mean_rate,threshold rate
25,250,40.0000000000000000,278905271.0019903182983398,243537718.1412126123905182
