lambdaBS,lambdaUE,loss_thresh,mean_rate,threshold rate
25,500,100.0000000000000000,222215636.5330757796764374,399701356.4022081494331360
