lambdaBS,lambdaUE,loss_thresh,mean_rate,threshold rate
25,2000,10.0000000000000000,92943755.5947412103414536,40780878.9137754142284393
