lambdaBS,lambdaUE,loss_thresh,mean_rate,threshold rate
25,500,40.0000000000000000,188991611.3950321078300476,129876100.1318383216857910
