lambdaBS,lambdaUE,loss_thresh,mean_rate,threshold rate
25,2000,90.0000000000000000,53611676.5190386399626732,61976194.5281365364789963
