lambdaBS,lambdaUE,loss_thresh,mean_rate,threshold rate
25,2000,0.0000000000000000,68953960.1516192108392715,23140654.9230274260044098
