lambdaBS,lambdaUE,loss_thresh,mean_rate,threshold rate
25,1000,90.0000000000000000,98914069.4826032370328903,204027559.0119101703166962
