lambdaBS,lambdaUE,loss_thresh,mean_rate,threshold rate
25,750,60.0000000000000000,115811678.0706593245267868,87865401.1581370532512665
