lambdaBS,lambdaUE,loss_thresh,mean_rate,threshold rate
25,500,60.0000000000000000,176673053.5490611493587494,153252352.6021056771278381
