lambdaBS,lambdaUE,loss_thresh,mean_rate,threshold rate
25,750,20.0000000000000000,111706631.5471182018518448,65066546.7501267194747925
