lambdaBS,lambdaUE,loss_thresh,mean_rate,threshold rate
25,500,10.0000000000000000,190365197.4589685499668121,103519748.1417140662670135
