lambdaBS,lambdaUE,loss_thresh,mean_rate,threshold rate
25,250,80.0000000000000000,307460330.0645127892494202,381484930.9881052970886230
