lambdaBS,lambdaUE,loss_thresh,mean_rate,threshold rate
25,750,20.0000000000000000,215922754.0323698222637177,136513635.9304920732975006
