lambdaBS,lambdaUE,loss_thresh,mean_rate,threshold rate
25,250,90.0000000000000000,311136731.1613894104957581,392094525.1140030622482300
