lambdaBS,lambdaUE,loss_thresh,mean_rate,threshold rate
25,1500,80.0000000000000000,85543066.2445224225521088,85762978.7464378327131271
