lambdaBS,lambdaUE,loss_thresh,mean_rate,threshold rate
25,1500,80.0000000000000000,69561759.1489303708076477,63737201.6403848081827164
