lambdaBS,lambdaUE,loss_thresh,mean_rate,threshold rate
25,1500,70.0000000000000000,84232475.3530925065279007,65873372.7393383756279945
