lambdaBS,lambdaUE,loss_thresh,mean_rate,threshold rate
25,2000,10.0000000000000000,53388665.3878123611211777,26857661.1658644415438175
