lambdaBS,lambdaUE,loss_thresh,mean_rate,threshold rate
25,1000,10.0000000000000000,76853562.4266330301761627,37324603.2662803679704666
