lambdaBS,lambdaUE,loss_thresh,mean_rate,threshold rate
25,750,80.0000000000000000,126113712.0432818084955215,153608019.3237340450286865
