lambdaBS,lambdaUE,loss_thresh,mean_rate,threshold rate
25,500,60.0000000000000000,161167452.5843535661697388,131388891.3434774577617645
