lambdaBS,lambdaUE,loss_thresh,mean_rate,threshold rate
25,1500,10.0000000000000000,74503587.4433700144290924,43804534.5127448663115501
