lambdaBS,lambdaUE,loss_thresh,mean_rate,threshold rate
25,1500,80.0000000000000000,88131446.4134005606174469,89232022.6352870911359787
