lambdaBS,lambdaUE,loss_thresh,mean_rate,threshold rate
25,1500,100.0000000000000000,93781553.4857155680656433,399743376.6336780786514282
