lambdaBS,lambdaUE,loss_thresh,mean_rate,threshold rate
25,500,90.0000000000000000,223558238.5231485366821289,371506080.6219553947448730
