lambdaBS,lambdaUE,loss_thresh,mean_rate,threshold rate
25,1500,70.0000000000000000,80121041.7140337824821472,71632253.5381571054458618
