lambdaBS,lambdaUE,loss_thresh,mean_rate,threshold rate
25,1500,100.0000000000000000,103471025.3001089692115784,398754676.5081065893173218
