lambdaBS,lambdaUE,loss_thresh,mean_rate,threshold rate
25,750,10.0000000000000000,181737928.9022804796695709,88093281.5061809718608856
