lambdaBS,lambdaUE,loss_thresh,mean_rate,threshold rate
25,500,40.0000000000000000,222994751.6000937521457672,171126471.8508740067481995
