lambdaBS,lambdaUE,loss_thresh,mean_rate,threshold rate
25,250,90.0000000000000000,309686213.5316359400749207,393992358.9734278917312622
