lambdaBS,lambdaUE,loss_thresh,mean_rate,threshold rate
25,250,80.0000000000000000,302831688.7323762178421021,376659128.7246468067169189
