lambdaBS,lambdaUE,loss_thresh,mean_rate,threshold rate
25,1500,20.0000000000000000,74503587.4433700144290924,46762612.2850620672106743
