lambdaBS,lambdaUE,loss_thresh,mean_rate,threshold rate
25,500,100.0000000000000000,165428083.7351759374141693,399607309.3573648929595947
