lambdaBS,lambdaUE,loss_thresh,mean_rate,threshold rate
25,250,20.0000000000000000,296863002.5110914707183838,233831660.8365354537963867
