lambdaBS,lambdaUE,loss_thresh,mean_rate,threshold rate
25,1500,0.0000000000000000,47901062.3952187970280647,16544991.0553188845515251
