lambdaBS,lambdaUE,loss_thresh,mean_rate,threshold rate
25,250,10.0000000000000000,300543833.7896934151649475,195399788.9755721986293793
