lambdaBS,lambdaUE,loss_thresh,mean_rate,threshold rate
25,500,90.0000000000000000,219131539.3926328122615814,378926924.5786861181259155
