lambdaBS,lambdaUE,loss_thresh,mean_rate,threshold rate
25,500,30.0000000000000036,196499472.5015363693237305,131496378.3177270740270615
