lambdaBS,lambdaUE,loss_thresh,mean_rate,threshold rate
25,1000,50.0000000000000000,122439636.0881149470806122,84909608.4624245315790176
