lambdaBS,lambdaUE,loss_thresh,mean_rate,threshold rate
25,250,100.0000000000000000,277564207.0828672647476196,399969047.7701575756072998
