lambdaBS,lambdaUE,loss_thresh,mean_rate,threshold rate
25,2000,10.0000000000000000,73371870.8934513032436371,40473993.3489292114973068
