lambdaBS,lambdaUE,loss_thresh,mean_rate,threshold rate
25,750,70.0000000000000000,138469639.9977099299430847,123747989.2878625094890594
