lambdaBS,lambdaUE,loss_thresh,mean_rate,threshold rate
25,750,40.0000000000000000,107188527.8131493777036667,71440389.3400233983993530
