lambdaBS,lambdaUE,loss_thresh,mean_rate,threshold rate
25,1500,50.0000000000000000,55514229.2758087590336800,40046834.9999710768461227
