lambdaBS,lambdaUE,loss_thresh,mean_rate,threshold rate
25,750,0.0000000000000000,149686850.3862207829952240,66678142.0316182076931000
