lambdaBS,lambdaUE,loss_thresh,mean_rate,threshold rate
25,500,70.0000000000000000,219131539.3926328122615814,281780064.9336379766464233
