lambdaBS,lambdaUE,loss_thresh,mean_rate,threshold rate
25,1500,40.0000000000000000,72359109.4763343185186386,45867689.7197245880961418
