lambdaBS,lambdaUE,loss_thresh,mean_rate,threshold rate
25,500,30.0000000000000036,197810936.0517249405384064,120909641.4834364950656891
