lambdaBS,lambdaUE,loss_thresh,mean_rate,threshold rate
25,1500,10.0000000000000000,77273014.3932029157876968,44511393.8437321037054062
