lambdaBS,lambdaUE,loss_thresh,mean_rate,threshold rate
25,500,50.0000000000000000,219131539.3926328122615814,183699817.9618010520935059
