lambdaBS,lambdaUE,loss_thresh,mean_rate,threshold rate
25,500,90.0000000000000000,189683685.9448018670082092,344643917.2270072698593140
