lambdaBS,lambdaUE,loss_thresh,mean_rate,threshold rate
25,2000,50.0000000000000000,56868228.2897503301501274,41060785.6477873921394348
