lambdaBS,lambdaUE,loss_thresh,mean_rate,threshold rate
25,750,40.0000000000000000,194051128.7470055520534515,135410734.3065403699874878
