lambdaBS,lambdaUE,loss_thresh,mean_rate,threshold rate
25,2000,30.0000000000000036,56685397.6138151958584785,34265197.0009126514196396
