lambdaBS,lambdaUE,loss_thresh,mean_rate,threshold rate
25,750,100.0000000000000000,146719048.2203429341316223,399781467.0529642105102539
