lambdaBS,lambdaUE,loss_thresh,mean_rate,threshold rate
25,750,0.0000000000000000,133653561.4949979335069656,54382673.7331446930766106
