lambdaBS,lambdaUE,loss_thresh,mean_rate,threshold rate
25,500,20.0000000000000000,189683685.9448018670082092,112154425.7472916096448898
