lambdaBS,lambdaUE,loss_thresh,mean_rate,threshold rate
25,1500,20.0000000000000000,72359109.4763343185186386,40863172.5903861299157143
