lambdaBS,lambdaUE,loss_thresh,mean_rate,threshold rate
25,750,40.0000000000000000,154007311.5975665748119354,104928862.5327804088592529
