lambdaBS,lambdaUE,loss_thresh,mean_rate,threshold rate
25,2000,10.0000000000000000,53611676.5190386399626732,28932948.8926087506115437
