lambdaBS,lambdaUE,loss_thresh,mean_rate,threshold rate
25,250,30.0000000000000036,244477306.9735323190689087,173497979.5801637768745422
