lambdaBS,lambdaUE,loss_thresh,mean_rate,threshold rate
25,500,10.0000000000000000,195700273.4462177753448486,109855098.6788479834794998
