lambdaBS,lambdaUE,loss_thresh,mean_rate,threshold rate
25,750,10.0000000000000000,171167393.7804499864578247,88934651.5764097869396210
