lambdaBS,lambdaUE,loss_thresh,mean_rate,threshold rate
25,750,0.0000000000000000,167255350.6905601918697357,66065012.2835905998945236
