lambdaBS,lambdaUE,loss_thresh,mean_rate,threshold rate
25,1000,0.0000000000000000,126299774.7028612494468689,52391013.5927352383732796
