lambdaBS,lambdaUE,loss_thresh,mean_rate,threshold rate
25,250,20.0000000000000000,275431098.8313042521476746,194314617.7465236783027649
