lambdaBS,lambdaUE,loss_thresh,mean_rate,threshold rate
25,1000,0.0000000000000000,137919017.3074255883693695,52723239.9544609040021896
