lambdaBS,lambdaUE,loss_thresh,mean_rate,threshold rate
25,250,90.0000000000000000,306806437.4557766318321228,392183989.6507554054260254
