lambdaBS,lambdaUE,loss_thresh,mean_rate,threshold rate
25,1500,20.0000000000000000,98900038.9029720425605774,56539174.5674542784690857
