lambdaBS,lambdaUE,loss_thresh,mean_rate,threshold rate
25,2000,60.0000000000000000,81930753.8390030562877655,60402121.2366917654871941
