lambdaBS,lambdaUE,loss_thresh,mean_rate,threshold rate
25,750,70.0000000000000000,133653561.4949979335069656,134070748.2816327661275864
