lambdaBS,lambdaUE,loss_thresh,mean_rate,threshold rate
25,1500,30.0000000000000036,79816489.1934691220521927,49584594.0470240563154221
