lambdaBS,lambdaUE,loss_thresh,mean_rate,threshold rate
25,2000,100.0000000000000000,38792331.2653004229068756,399832770.4592001438140869
