lambdaBS,lambdaUE,loss_thresh,mean_rate,threshold rate
25,500,0.0000000000000000,211555306.4451645612716675,79448206.4669762104749680
