lambdaBS,lambdaUE,loss_thresh,mean_rate,threshold rate
25,1000,70.0000000000000000,81648340.8879122883081436,60320050.9765088260173798
