lambdaBS,lambdaUE,loss_thresh,mean_rate,threshold rate
25,1500,0.0000000000000000,61583977.8417275696992874,22554205.2848366945981979
