lambdaBS,lambdaUE,loss_thresh,mean_rate,threshold rate
25,1500,70.0000000000000000,92062317.2619398683309555,78469867.7894009798765182
