lambdaBS,lambdaUE,loss_thresh,mean_rate,threshold rate
25,500,10.0000000000000000,206814532.6901633739471436,116264981.4169169366359711
