lambdaBS,lambdaUE,loss_thresh,mean_rate,threshold rate
25,500,30.0000000000000036,191493673.9017001688480377,122192187.7652478963136673
