lambdaBS,lambdaUE,loss_thresh,mean_rate,threshold rate
25,2000,20.0000000000000000,56868228.2897503301501274,34291704.8250484913587570
