lambdaBS,lambdaUE,loss_thresh,mean_rate,threshold rate
25,500,60.0000000000000000,197570801.4182207882404327,194189168.1963604390621185
