lambdaBS,lambdaUE,loss_thresh,mean_rate,threshold rate
25,1500,10.0000000000000000,69561759.1489303708076477,38914769.8276704847812653
