lambdaBS,lambdaUE,loss_thresh,mean_rate,threshold rate
25,250,80.0000000000000000,297139300.5895200967788696,386531136.1278222799301147
