lambdaBS,lambdaUE,loss_thresh,mean_rate,threshold rate
25,500,20.0000000000000000,193904863.8447406589984894,114669801.6280095726251602
