lambdaBS,lambdaUE,loss_thresh,mean_rate,threshold rate
25,750,100.0000000000000000,120699030.5994547456502914,399735570.4959302544593811
