lambdaBS,lambdaUE,loss_thresh,mean_rate,threshold rate
25,500,90.0000000000000000,195590553.7730862498283386,350487675.5816037058830261
