lambdaBS,lambdaUE,loss_thresh,mean_rate,threshold rate
25,750,50.0000000000000000,131276599.5707870721817017,90509505.0226831138134003
