lambdaBS,lambdaUE,loss_thresh,mean_rate,threshold rate
25,1500,40.0000000000000000,120905410.4253394901752472,75268948.2390552908182144
