lambdaBS,lambdaUE,loss_thresh,mean_rate,threshold rate
25,750,50.0000000000000000,137357254.8511541783809662,94428298.2851587235927582
