lambdaBS,lambdaUE,loss_thresh,mean_rate,threshold rate
25,1000,50.0000000000000000,85722231.1941309869289398,60942014.4403905048966408
