lambdaBS,lambdaUE,loss_thresh,mean_rate,threshold rate
25,250,30.0000000000000036,272772754.1196290254592896,208598220.3228623867034912
