lambdaBS,lambdaUE,loss_thresh,mean_rate,threshold rate
25,1500,10.0000000000000000,73502658.1937979161739349,38951334.6323398053646088
