lambdaBS,lambdaUE,loss_thresh,mean_rate,threshold rate
25,1500,0.0000000000000000,64311613.2985997721552849,27370373.4405548050999641
