lambdaBS,lambdaUE,loss_thresh,mean_rate,threshold rate
25,2000,10.0000000000000000,40128318.7311688065528870,21688676.8018375001847744
