lambdaBS,lambdaUE,loss_thresh,mean_rate,threshold rate
25,2000,80.0000000000000000,63408999.9613129720091820,58738173.8855097144842148
