lambdaBS,lambdaUE,loss_thresh,mean_rate,threshold rate
25,750,30.0000000000000036,120699030.5994547456502914,70980202.4731080383062363
