lambdaBS,lambdaUE,loss_thresh,mean_rate,threshold rate
25,750,100.0000000000000000,102847072.6652850359678268,399673366.3611709475517273
