lambdaBS,lambdaUE,loss_thresh,mean_rate,threshold rate
25,2000,60.0000000000000000,42548737.1037807762622833,30663621.0454578101634979
