lambdaBS,lambdaUE,loss_thresh,mean_rate,threshold rate
25,1000,40.0000000000000000,106537997.8191786259412766,70051442.0592941045761108
