lambdaBS,lambdaUE,loss_thresh,mean_rate,threshold rate
25,1000,10.0000000000000000,98943820.5460494756698608,54871838.2185055464506149
