lambdaBS,lambdaUE,loss_thresh,mean_rate,threshold rate
25,1500,90.0000000000000000,65723562.7735048681497574,90033381.4364925175905228
