lambdaBS,lambdaUE,loss_thresh,mean_rate,threshold rate
25,500,60.0000000000000000,210764168.7636462748050690,204783582.3783181905746460
