lambdaBS,lambdaUE,loss_thresh,mean_rate,threshold rate
25,2000,100.0000000000000000,63995786.1745498180389404,399479478.7415739893913269
