lambdaBS,lambdaUE,loss_thresh,mean_rate,threshold rate
25,2000,50.0000000000000000,81930753.8390030562877655,56468088.4960487186908722
