lambdaBS,lambdaUE,loss_thresh,mean_rate,threshold rate
25,1000,90.0000000000000000,92034427.3394107967615128,191615672.6718718111515045
