lambdaBS,lambdaUE,loss_thresh,mean_rate,threshold rate
25,250,30.0000000000000036,260840409.3548102676868439,203473261.6339155137538910
