lambdaBS,lambdaUE,loss_thresh,mean_rate,threshold rate
25,1000,80.0000000000000000,131040853.7542281001806259,170981442.8585062921047211
