lambdaBS,lambdaUE,loss_thresh,mean_rate,threshold rate
25,500,80.0000000000000000,212097579.0020851492881775,315444480.5462939739227295
