lambdaBS,lambdaUE,loss_thresh,mean_rate,threshold rate
25,1500,80.0000000000000000,74383799.8107198923826218,72799119.3203559070825577
