lambdaBS,lambdaUE,loss_thresh,mean_rate,threshold rate
25,1500,100.0000000000000000,78855078.5031198710203171,399820582.1115994453430176
