lambdaBS,lambdaUE,loss_thresh,mean_rate,threshold rate
25,2000,70.0000000000000000,66739001.6189924255013466,54511101.9653786942362785
