lambdaBS,lambdaUE,loss_thresh,mean_rate,threshold rate
25,500,30.0000000000000036,204140041.3972802162170410,134502507.9827646315097809
