lambdaBS,lambdaUE,loss_thresh,mean_rate,threshold rate
25,500,60.0000000000000000,193904863.8447406589984894,178934555.6300293505191803
