lambdaBS,lambdaUE,loss_thresh,mean_rate,threshold rate
25,750,90.0000000000000000,161877426.1697733700275421,350380911.1899043321609497
