lambdaBS,lambdaUE,loss_thresh,mean_rate,threshold rate
25,1000,40.0000000000000000,88432693.7925610542297363,55344124.1064289659261703
