lambdaBS,lambdaUE,loss_thresh,mean_rate,threshold rate
25,1500,80.0000000000000000,80811130.3796265274286270,79870704.3521523922681808
