lambdaBS,lambdaUE,loss_thresh,mean_rate,threshold rate
25,250,50.0000000000000000,277669285.1619676947593689,278524084.9806509017944336
