lambdaBS,lambdaUE,loss_thresh,mean_rate,threshold rate
25,500,100.0000000000000000,245374647.5183960795402527,399293822.0354896783828735
