lambdaBS,lambdaUE,loss_thresh,mean_rate,threshold rate
25,2000,50.0000000000000000,51721079.6352816298604012,36472481.0867073014378548
