lambdaBS,lambdaUE,loss_thresh,mean_rate,threshold rate
25,750,40.0000000000000000,99012073.0574931502342224,65238437.8142043501138687
