lambdaBS,lambdaUE,loss_thresh,mean_rate,threshold rate
25,750,0.0000000000000000,98790830.1420820355415344,51739869.3450590968132019
