lambdaBS,lambdaUE,loss_thresh,mean_rate,threshold rate
25,250,80.0000000000000000,279098601.9563840627670288,374435320.4893928766250610
