lambdaBS,lambdaUE,loss_thresh,mean_rate,threshold rate
25,500,20.0000000000000000,187252466.5755333602428436,110221915.3282701969146729
