lambdaBS,lambdaUE,loss_thresh,mean_rate,threshold rate
25,750,10.0000000000000000,149947925.1653344929218292,81033018.1868758797645569
