lambdaBS,lambdaUE,loss_thresh,mean_rate,threshold rate
25,1000,10.0000000000000000,98914069.4826032370328903,51262907.1866772621870041
