lambdaBS,lambdaUE,loss_thresh,mean_rate,threshold rate
25,750,0.0000000000000000,136120457.0908496379852295,63065461.1122729927301407
