lambdaBS,lambdaUE,loss_thresh,mean_rate,threshold rate
25,750,10.0000000000000000,153198712.8203188180923462,81752902.9386573880910873
