lambdaBS,lambdaUE,loss_thresh,mean_rate,threshold rate
25,1500,30.0000000000000036,107689697.7194018512964249,64153793.8921533003449440
