lambdaBS,lambdaUE,loss_thresh,mean_rate,threshold rate
25,1000,10.0000000000000000,111568575.4929027706384659,59128834.6724484935402870
