lambdaBS,lambdaUE,loss_thresh,mean_rate,threshold rate
25,2000,80.0000000000000000,37401754.1048015952110291,30449394.4409529268741608
