lambdaBS,lambdaUE,loss_thresh,mean_rate,threshold rate
25,2000,30.0000000000000036,40927057.5321334451436996,25709481.7973432987928391
