lambdaBS,lambdaUE,loss_thresh,mean_rate,threshold rate
25,250,50.0000000000000000,278905271.0019903182983398,282890862.9186424612998962
