lambdaBS,lambdaUE,loss_thresh,mean_rate,threshold rate
25,250,0.0000000000000000,301100846.2533439993858337,129898167.5656339675188065
