lambdaBS,lambdaUE,loss_thresh,mean_rate,threshold rate
25,500,20.0000000000000000,196499472.5015363693237305,121279290.7049737870693207
