lambdaBS,lambdaUE,loss_thresh,mean_rate,threshold rate
25,2000,60.0000000000000000,55620506.0765084773302078,41404777.2901885956525803
