lambdaBS,lambdaUE,loss_thresh,mean_rate,threshold rate
25,1500,10.0000000000000000,75112564.8432339876890182,39506217.2210670709609985
