lambdaBS,lambdaUE,loss_thresh,mean_rate,threshold rate
25,250,0.0000000000000000,294318618.9243327975273132,153593000.1346394717693329
