lambdaBS,lambdaUE,loss_thresh,mean_rate,threshold rate
25,2000,90.0000000000000000,55476733.6250363066792488,78081172.5618320405483246
