lambdaBS,lambdaUE,loss_thresh,mean_rate,threshold rate
25,2000,20.0000000000000000,54923005.9546283781528473,31048949.5343922078609467
