lambdaBS,lambdaUE,loss_thresh,mean_rate,threshold rate
25,1000,80.0000000000000000,98943820.5460494756698608,104052301.8485180884599686
