lambdaBS,lambdaUE,loss_thresh,mean_rate,threshold rate
25,750,30.0000000000000036,130316952.2468164563179016,84861488.0443605482578278
