lambdaBS,lambdaUE,loss_thresh,mean_rate,threshold rate
25,250,50.0000000000000000,265872923.2297193408012390,253345509.2890846133232117
