lambdaBS,lambdaUE,loss_thresh,mean_rate,threshold rate
25,500,90.0000000000000000,222126892.1069528460502625,372650909.3985918164253235
