lambdaBS,lambdaUE,loss_thresh,mean_rate,threshold rate
25,500,90.0000000000000000,160825113.1049457192420959,320774401.8013490438461304
