lambdaBS,lambdaUE,loss_thresh,mean_rate,threshold rate
25,1500,40.0000000000000000,89364709.6743436306715012,59413688.5155215933918953
