lambdaBS,lambdaUE,loss_thresh,mean_rate,threshold rate
25,500,50.0000000000000000,193404125.1742516160011292,145383573.5700289011001587
