lambdaBS,lambdaUE,loss_thresh,mean_rate,threshold rate
25,750,40.0000000000000000,96746134.5355876386165619,59272968.6036025732755661
