lambdaBS,lambdaUE,loss_thresh,mean_rate,threshold rate
25,1500,20.0000000000000000,59178293.3649869337677956,36014242.5569276213645935
