lambdaBS,lambdaUE,loss_thresh,mean_rate,threshold rate
25,750,20.0000000000000000,126113712.0432818084955215,72075084.5967604070901871
