lambdaBS,lambdaUE,loss_thresh,mean_rate,threshold rate
25,1500,80.0000000000000000,75897609.5003102868795395,65888950.3513581454753876
