lambdaBS,lambdaUE,loss_thresh,mean_rate,threshold rate
25,250,10.0000000000000000,293959182.2258570790290833,197350690.6468975245952606
