lambdaBS,lambdaUE,loss_thresh,mean_rate,threshold rate
25,500,30.0000000000000036,157236492.7287157773971558,97552778.1704335212707520
