lambdaBS,lambdaUE,loss_thresh,mean_rate,threshold rate
25,1000,0.0000000000000000,85722231.1941309869289398,39917045.6617521122097969
