lambdaBS,lambdaUE,loss_thresh,mean_rate,threshold rate
25,750,70.0000000000000000,162843666.1541970372200012,173095323.1813938617706299
