lambdaBS,lambdaUE,loss_thresh,mean_rate,threshold rate
25,1500,50.0000000000000000,86833242.0973747521638870,59084797.6526316776871681
