lambdaBS,lambdaUE,loss_thresh,mean_rate,threshold rate
25,500,20.0000000000000000,206140722.6378326416015625,120089346.5834865719079971
