lambdaBS,lambdaUE,loss_thresh,mean_rate,threshold rate
25,1000,30.0000000000000036,106537997.8191786259412766,66117365.1298120245337486
