lambdaBS,lambdaUE,loss_thresh,mean_rate,threshold rate
25,1500,60.0000000000000000,87705724.3826857507228851,65925481.2856211364269257
