lambdaBS,lambdaUE,loss_thresh,mean_rate,threshold rate
25,1000,90.0000000000000000,108372620.3200024515390396,226221082.9025538563728333
