lambdaBS,lambdaUE,loss_thresh,mean_rate,threshold rate
25,250,100.0000000000000000,296176002.5036040544509888,399964461.0866696834564209
