lambdaBS,lambdaUE,loss_thresh,mean_rate,threshold rate
25,1000,100.0000000000000000,104522928.6809184551239014,399601787.1869523525238037
