lambdaBS,lambdaUE,loss_thresh,mean_rate,threshold rate
25,750,90.0000000000000000,150346419.1019440889358521,304765700.0165000557899475
