lambdaBS,lambdaUE,loss_thresh,mean_rate,threshold rate
25,500,40.0000000000000000,183309490.6228809952735901,128634710.2427691966295242
