lambdaBS,lambdaUE,loss_thresh,mean_rate,threshold rate
25,1000,90.0000000000000000,161306447.1557166278362274,343818405.9148889183998108
