lambdaBS,lambdaUE,loss_thresh,mean_rate,threshold rate
25,1000,60.0000000000000000,144356258.8307785093784332,118731124.4731002449989319
