lambdaBS,lambdaUE,loss_thresh,mean_rate,threshold rate
25,1000,0.0000000000000000,129635651.8699527382850647,56342578.9117065966129303
