lambdaBS,lambdaUE,loss_thresh,mean_rate,threshold rate
25,1000,90.0000000000000000,106319852.4506192058324814,235230003.0564916431903839
