lambdaBS,lambdaUE,loss_thresh,mean_rate,threshold rate
25,500,70.0000000000000000,164752846.7565250396728516,163065774.1768134534358978
