lambdaBS,lambdaUE,loss_thresh,mean_rate,threshold rate
25,750,90.0000000000000000,142905587.7171257734298706,300465515.8264880180358887
