lambdaBS,lambdaUE,loss_thresh,mean_rate,threshold rate
25,1000,60.0000000000000000,139020875.1377535760402679,111096150.9635713100433350
