lambdaBS,lambdaUE,loss_thresh,mean_rate,threshold rate
25,1500,10.0000000000000000,69316872.9499998241662979,39047890.6763281896710396
