lambdaBS,lambdaUE,loss_thresh,mean_rate,threshold rate
25,1000,30.0000000000000036,137694754.5414112210273743,84631574.8000099807977676
