lambdaBS,lambdaUE,loss_thresh,mean_rate,threshold rate
25,500,10.0000000000000000,220033116.1265414655208588,127369285.7298912703990936
