lambdaBS,lambdaUE,loss_thresh,mean_rate,threshold rate
25,1500,70.0000000000000000,77866211.4340708404779434,65041332.9934316128492355
