lambdaBS,lambdaUE,loss_thresh,mean_rate,threshold rate
25,750,70.0000000000000000,130316952.2468164563179016,117665991.7850787043571472
