lambdaBS,lambdaUE,loss_thresh,mean_rate,threshold rate
25,1500,100.0000000000000000,89100120.5524170547723770,397604708.7580779790878296
