lambdaBS,lambdaUE,loss_thresh,mean_rate,threshold rate
25,500,20.0000000000000000,195590553.7730862498283386,112678735.2089308202266693
