lambdaBS,lambdaUE,loss_thresh,mean_rate,threshold rate
25,2000,90.0000000000000000,59561739.0353456437587738,84250132.3394635021686554
