lambdaBS,lambdaUE,loss_thresh,mean_rate,threshold rate
25,2000,40.0000000000000000,59561739.0353456437587738,37266123.7287637442350388
