lambdaBS,lambdaUE,loss_thresh,mean_rate,threshold rate
25,2000,30.0000000000000036,65666872.3771683499217033,44022558.7314121425151825
