lambdaBS,lambdaUE,loss_thresh,mean_rate,threshold rate
25,750,10.0000000000000000,142905587.7171257734298706,78328432.1024395376443863
