lambdaBS,lambdaUE,loss_thresh,mean_rate,threshold rate
25,2000,100.0000000000000000,58702984.6762075275182724,399644753.3638197183609009
