lambdaBS,lambdaUE,loss_thresh,mean_rate,threshold rate
25,2000,60.0000000000000000,63995786.1745498180389404,48687962.3327285721898079
