lambdaBS,lambdaUE,loss_thresh,mean_rate,threshold rate
25,1000,90.0000000000000000,109389751.6823235005140305,217564489.1297265589237213
