lambdaBS,lambdaUE,loss_thresh,mean_rate,threshold rate
25,1000,30.0000000000000036,118226441.7022977024316788,72924890.8709212392568588
