lambdaBS,lambdaUE,loss_thresh,mean_rate,threshold rate
25,1000,50.0000000000000000,110610317.5281575471162796,80367529.6961116790771484
