lambdaBS,lambdaUE,loss_thresh,mean_rate,threshold rate
25,500,40.0000000000000000,194679458.9382317662239075,133246941.7757839709520340
