lambdaBS,lambdaUE,loss_thresh,mean_rate,threshold rate
25,500,30.0000000000000036,164752846.7565250396728516,101503173.8483674973249435
