lambdaBS,lambdaUE,loss_thresh,mean_rate,threshold rate
25,2000,40.0000000000000000,66739001.6189924255013466,45354016.3399274870753288
