lambdaBS,lambdaUE,loss_thresh,mean_rate,threshold rate
25,2000,50.0000000000000000,71748796.2210294604301453,49568483.5410189479589462
