lambdaBS,lambdaUE,loss_thresh,mean_rate,threshold rate
25,250,0.0000000000000000,244477306.9735323190689087,113694251.9415671676397324
