lambdaBS,lambdaUE,loss_thresh,mean_rate,threshold rate
25,250,10.0000000000000000,260840409.3548102676868439,159125511.6050286889076233
