lambdaBS,lambdaUE,loss_thresh,mean_rate,threshold rate
25,1000,40.0000000000000000,130299161.8032526373863220,86562172.9377498179674149
