lambdaBS,lambdaUE,loss_thresh,mean_rate,threshold rate
25,1500,10.0000000000000000,75862600.6932693123817444,41444669.8798738196492195
