lambdaBS,lambdaUE,loss_thresh,mean_rate,threshold rate
25,750,30.0000000000000036,172767201.2033430337905884,108611306.7419228255748749
