lambdaBS,lambdaUE,loss_thresh,mean_rate,threshold rate
25,1000,20.0000000000000000,91361207.9844168722629547,54242186.3809748291969299
