lambdaBS,lambdaUE,loss_thresh,mean_rate,threshold rate
25,500,0.0000000000000000,187252466.5755333602428436,81785703.7740846425294876
