lambdaBS,lambdaUE,loss_thresh,mean_rate,threshold rate
25,750,0.0000000000000000,155637274.1525279581546783,66870169.0547263324260712
