lambdaBS,lambdaUE,loss_thresh,mean_rate,threshold rate
25,2000,0.0000000000000000,58001672.2311887219548225,24571826.6818737424910069
