lambdaBS,lambdaUE,loss_thresh,mean_rate,threshold rate
25,1000,70.0000000000000000,122483095.9288169890642166,108463972.6383353024721146
