lambdaBS,lambdaUE,loss_thresh,mean_rate,threshold rate
25,250,80.0000000000000000,277994868.6527094244956970,370225298.7834272384643555
