lambdaBS,lambdaUE,loss_thresh,mean_rate,threshold rate
25,2000,70.0000000000000000,63268488.5270378738641739,48706240.7524008601903915
