lambdaBS,lambdaUE,loss_thresh,mean_rate,threshold rate
25,500,50.0000000000000000,178878921.2982313632965088,137771778.0083027780056000
