lambdaBS,lambdaUE,loss_thresh,mean_rate,threshold rate
25,750,40.0000000000000000,126113712.0432818084955215,83319795.6601740121841431
