lambdaBS,lambdaUE,loss_thresh,mean_rate,threshold rate
25,250,10.0000000000000000,301100846.2533439993858337,191975805.8883230686187744
