lambdaBS,lambdaUE,loss_thresh,mean_rate,threshold rate
25,1000,20.0000000000000000,126346968.7536365389823914,76730895.3206558823585510
