lambdaBS,lambdaUE,loss_thresh,mean_rate,threshold rate
25,1000,40.0000000000000000,109758924.9450438916683197,76292254.7258246839046478
