lambdaBS,lambdaUE,loss_thresh,mean_rate,threshold rate
25,1000,40.0000000000000000,128178526.0993956923484802,82298147.5697738528251648
