lambdaBS,lambdaUE,loss_thresh,mean_rate,threshold rate
25,1000,80.0000000000000000,90200644.4742006659507751,88966355.3724996745586395
