lambdaBS,lambdaUE,loss_thresh,mean_rate,threshold rate
25,500,60.0000000000000000,186607459.9680850803852081,175000385.1449584364891052
