lambdaBS,lambdaUE,loss_thresh,mean_rate,threshold rate
25,2000,50.0000000000000000,92943755.5947412103414536,64571699.0822482332587242
