lambdaBS,lambdaUE,loss_thresh,mean_rate,threshold rate
25,250,100.0000000000000000,277994868.6527094244956970,399427921.8227701783180237
