lambdaBS,lambdaUE,loss_thresh,mean_rate,threshold rate
25,1500,40.0000000000000000,77866211.4340708404779434,48528764.5609418451786041
