lambdaBS,lambdaUE,loss_thresh,mean_rate,threshold rate
25,250,30.0000000000000036,267824282.5696836113929749,204042072.1730807423591614
