lambdaBS,lambdaUE,loss_thresh,mean_rate,threshold rate
25,750,0.0000000000000000,126113712.0432818084955215,50392588.5641842484474182
