lambdaBS,lambdaUE,loss_thresh,mean_rate,threshold rate
25,750,80.0000000000000000,164735575.7048147618770599,223518416.8956494033336639
