lambdaBS,lambdaUE,loss_thresh,mean_rate,threshold rate
25,1000,20.0000000000000000,138660678.4872659146785736,70577716.6625622212886810
