lambdaBS,lambdaUE,loss_thresh,mean_rate,threshold rate
25,1500,50.0000000000000000,60184069.0373658239841461,40738040.1600525304675102
