lambdaBS,lambdaUE,loss_thresh,mean_rate,threshold rate
25,500,20.0000000000000000,204140041.3972802162170410,123811621.9369593858718872
