lambdaBS,lambdaUE,loss_thresh,mean_rate,threshold rate
25,1500,40.0000000000000000,96498020.0949508696794510,61884346.5924267172813416
