lambdaBS,lambdaUE,loss_thresh,mean_rate,threshold rate
25,1000,60.0000000000000000,111472474.2292449176311493,80274800.8220157325267792
