lambdaBS,lambdaUE,loss_thresh,mean_rate,threshold rate
25,1000,40.0000000000000000,135493580.3021383881568909,88059452.8303001374006271
