lambdaBS,lambdaUE,loss_thresh,mean_rate,threshold rate
25,1000,90.0000000000000000,138660678.4872659146785736,337304661.2301890850067139
