lambdaBS,lambdaUE,loss_thresh,mean_rate,threshold rate
25,1000,50.0000000000000000,166101768.3984597921371460,120797704.6455062925815582
