lambdaBS,lambdaUE,loss_thresh,mean_rate,threshold rate
25,2000,80.0000000000000000,75399467.1500550955533981,74970704.6927528679370880
