lambdaBS,lambdaUE,loss_thresh,mean_rate,threshold rate
25,250,40.0000000000000000,257485536.9079914987087250,206511940.1484236717224121
