lambdaBS,lambdaUE,loss_thresh,mean_rate,threshold rate
25,500,100.0000000000000000,197810936.0517249405384064,399929983.7452101707458496
