lambdaBS,lambdaUE,loss_thresh,mean_rate,threshold rate
25,250,10.0000000000000000,227825158.3172380924224854,134019646.9857413768768311
