lambdaBS,lambdaUE,loss_thresh,mean_rate,threshold rate
25,250,0.0000000000000000,271810300.9025349020957947,138801310.7057539224624634
