lambdaBS,lambdaUE,loss_thresh,mean_rate,threshold rate
25,250,90.0000000000000000,262536866.9099802970886230,386762753.5871071815490723
