lambdaBS,lambdaUE,loss_thresh,mean_rate,threshold rate
25,1000,60.0000000000000000,159159871.0735320150852203,143265845.8282438218593597
