lambdaBS,lambdaUE,loss_thresh,mean_rate,threshold rate
25,250,80.0000000000000000,301543110.8811925649642944,381301470.0167306661605835
