lambdaBS,lambdaUE,loss_thresh,mean_rate,threshold rate
25,500,90.0000000000000000,214401319.7525389492511749,372194860.0678689479827881
