lambdaBS,lambdaUE,loss_thresh,mean_rate,threshold rate
25,1000,0.0000000000000000,100035443.1928832232952118,42058937.9168838709592819
