lambdaBS,lambdaUE,loss_thresh,mean_rate,threshold rate
25,250,60.0000000000000000,303594684.2354417443275452,342911508.4585385322570801
