lambdaBS,lambdaUE,loss_thresh,mean_rate,threshold rate
25,250,20.0000000000000000,253997166.0669423639774323,158131021.8835260868072510
