lambdaBS,lambdaUE,loss_thresh,mean_rate,threshold rate
25,1500,80.0000000000000000,73829411.0891317129135132,64576833.5763268470764160
