lambdaBS,lambdaUE,loss_thresh,mean_rate,threshold rate
25,250,0.0000000000000000,287931514.2966033816337585,133405749.1229695826768875
