lambdaBS,lambdaUE,loss_thresh,mean_rate,threshold rate
25,250,50.0000000000000000,303594684.2354417443275452,321387088.3860030174255371
