lambdaBS,lambdaUE,loss_thresh,mean_rate,threshold rate
25,250,40.0000000000000000,274625506.3686826229095459,240752071.5843962430953979
