lambdaBS,lambdaUE,loss_thresh,mean_rate,threshold rate
25,750,0.0000000000000000,149563626.3222410082817078,67040926.7492090091109276
