lambdaBS,lambdaUE,loss_thresh,mean_rate,threshold rate
25,2000,70.0000000000000000,75399467.1500550955533981,61403543.2113177552819252
