lambdaBS,lambdaUE,loss_thresh,mean_rate,threshold rate
25,2000,70.0000000000000000,62300538.9624994173645973,47184689.9358310326933861
