lambdaBS,lambdaUE,loss_thresh,mean_rate,threshold rate
25,1000,10.0000000000000000,126053447.7040834873914719,64211572.1036819368600845
