lambdaBS,lambdaUE,loss_thresh,mean_rate,threshold rate
25,1500,30.0000000000000036,93781553.4857155680656433,54501770.6416619494557381
