lambdaBS,lambdaUE,loss_thresh,mean_rate,threshold rate
25,1000,80.0000000000000000,93646997.9121973067522049,101868481.6265601366758347
