lambdaBS,lambdaUE,loss_thresh,mean_rate,threshold rate
25,2000,40.0000000000000000,68953960.1516192108392715,41079551.0257593318820000
