lambdaBS,lambdaUE,loss_thresh,mean_rate,threshold rate
25,500,80.0000000000000000,176673053.5490611493587494,263491252.8573485016822815
