lambdaBS,lambdaUE,loss_thresh,mean_rate,threshold rate
25,1000,60.0000000000000000,101448867.7225758433341980,76937920.9923752546310425
