lambdaBS,lambdaUE,loss_thresh,mean_rate,threshold rate
25,250,50.0000000000000000,274309910.5850853323936462,270968526.6214355230331421
