lambdaBS,lambdaUE,loss_thresh,mean_rate,threshold rate
25,2000,20.0000000000000000,48028662.9549871087074280,28560776.9561602361500263
