lambdaBS,lambdaUE,loss_thresh,mean_rate,threshold rate
25,1000,40.0000000000000000,95129199.3819804489612579,62648868.3712266385555267
