lambdaBS,lambdaUE,loss_thresh,mean_rate,threshold rate
25,500,50.0000000000000000,159687712.3017172217369080,118373561.9432092159986496
