lambdaBS,lambdaUE,loss_thresh,mean_rate,threshold rate
25,750,100.0000000000000000,171167393.7804499864578247,399827613.1849092245101929
