lambdaBS,lambdaUE,loss_thresh,mean_rate,threshold rate
25,750,50.0000000000000000,128259416.4522450715303421,89260937.3584899902343750
