lambdaBS,lambdaUE,loss_thresh,mean_rate,threshold rate
25,500,100.0000000000000000,205437894.8055492043495178,399851686.0574584007263184
