lambdaBS,lambdaUE,loss_thresh,mean_rate,threshold rate
25,750,80.0000000000000000,122559706.6174858212471008,155408322.8427736163139343
