lambdaBS,lambdaUE,loss_thresh,mean_rate,threshold rate
25,250,10.0000000000000000,294667406.6752005219459534,187362159.7687457799911499
