lambdaBS,lambdaUE,loss_thresh,mean_rate,threshold rate
25,500,50.0000000000000000,203932088.5897113084793091,174008043.6030054092407227
