lambdaBS,lambdaUE,loss_thresh,mean_rate,threshold rate
25,250,30.0000000000000036,290258261.3553092479705811,239696563.7775611281394958
