lambdaBS,lambdaUE,loss_thresh,mean_rate,threshold rate
25,500,40.0000000000000000,210764168.7636462748050690,161451660.7957332134246826
