lambdaBS,lambdaUE,loss_thresh,mean_rate,threshold rate
25,500,10.0000000000000000,190056779.5299750566482544,100399090.1236765086650848
