lambdaBS,lambdaUE,loss_thresh,mean_rate,threshold rate
25,1500,100.0000000000000000,81696749.9079154878854752,399367270.8124043941497803
