lambdaBS,lambdaUE,loss_thresh,mean_rate,threshold rate
25,1500,40.0000000000000000,47901062.3952187970280647,31155077.3858036473393440
