lambdaBS,lambdaUE,loss_thresh,mean_rate,threshold rate
25,1500,10.0000000000000000,116063919.8313247710466385,60931669.9341814145445824
