lambdaBS,lambdaUE,loss_thresh,mean_rate,threshold rate
25,500,80.0000000000000000,194679458.9382317662239075,310070842.6293069720268250
