lambdaBS,lambdaUE,loss_thresh,mean_rate,threshold rate
25,1500,20.0000000000000000,52885256.3798075765371323,31246957.8568995371460915
