lambdaBS,lambdaUE,loss_thresh,mean_rate,threshold rate
25,2000,50.0000000000000000,61761642.0200998857617378,43947598.5525682866573334
