lambdaBS,lambdaUE,loss_thresh,mean_rate,threshold rate
25,2000,70.0000000000000000,42136691.0408588349819183,30936187.4709447994828224
