lambdaBS,lambdaUE,loss_thresh,mean_rate,threshold rate
25,1000,40.0000000000000000,113478921.8477745652198792,73990289.3343328535556793
