lambdaBS,lambdaUE,loss_thresh,mean_rate,threshold rate
25,2000,0.0000000000000000,49952095.1488297507166862,19434237.5302949510514736
