lambdaBS,lambdaUE,loss_thresh,mean_rate,threshold rate
25,1500,30.0000000000000036,58577805.9608336016535759,38255365.4006888344883919
