lambdaBS,lambdaUE,loss_thresh,mean_rate,threshold rate
25,1000,70.0000000000000000,103538602.1898398250341415,83334889.0810120850801468
