lambdaBS,lambdaUE,loss_thresh,mean_rate,threshold rate
25,1000,90.0000000000000000,110610317.5281575471162796,220018320.6025046706199646
