lambdaBS,lambdaUE,loss_thresh,mean_rate,threshold rate
25,1500,100.0000000000000000,75862600.6932693123817444,399536193.8114929795265198
