lambdaBS,lambdaUE,loss_thresh,mean_rate,threshold rate
25,250,60.0000000000000000,247551135.9894803166389465,270998624.2315387725830078
