lambdaBS,lambdaUE,loss_thresh,mean_rate,threshold rate
25,500,0.0000000000000000,207015959.3530932366847992,101168272.0645926892757416
