lambdaBS,lambdaUE,loss_thresh,mean_rate,threshold rate
25,1500,90.0000000000000000,75112564.8432339876890182,146500040.8721905946731567
