lambdaBS,lambdaUE,loss_thresh,mean_rate,threshold rate
25,750,80.0000000000000000,199496890.2507174611091614,300658858.5478482842445374
