lambdaBS,lambdaUE,loss_thresh,mean_rate,threshold rate
25,750,20.0000000000000000,192398105.9804332554340363,103022461.2655081599950790
