lambdaBS,lambdaUE,loss_thresh,mean_rate,threshold rate
25,750,90.0000000000000000,177295295.2033334374427795,342563923.3180921673774719
