lambdaBS,lambdaUE,loss_thresh,mean_rate,threshold rate
25,750,10.0000000000000000,154599280.2439275383949280,81662316.9017107635736465
