lambdaBS,lambdaUE,loss_thresh,mean_rate,threshold rate
25,250,30.0000000000000036,305050831.5635651946067810,255812459.4916190505027771
