lambdaBS,lambdaUE,loss_thresh,mean_rate,threshold rate
25,1000,90.0000000000000000,104642690.8279273360967636,237065254.5551197826862335
