lambdaBS,lambdaUE,loss_thresh,mean_rate,threshold rate
25,250,60.0000000000000000,300601995.4441230893135071,338220856.0139814615249634
