lambdaBS,lambdaUE,loss_thresh,mean_rate,threshold rate
25,1500,70.0000000000000000,61583977.8417275696992874,46457188.8412528708577156
