lambdaBS,lambdaUE,loss_thresh,mean_rate,threshold rate
25,500,100.0000000000000000,203270399.0365623831748962,399865664.4290677309036255
