lambdaBS,lambdaUE,loss_thresh,mean_rate,threshold rate
25,2000,50.0000000000000000,63268488.5270378738641739,43075618.3048091530799866
