lambdaBS,lambdaUE,loss_thresh,mean_rate,threshold rate
25,2000,30.0000000000000036,56974567.8599111586809158,36189914.2994292229413986
