lambdaBS,lambdaUE,loss_thresh,mean_rate,threshold rate
25,1000,100.0000000000000000,109389751.6823235005140305,399890257.4944990873336792
