lambdaBS,lambdaUE,loss_thresh,mean_rate,threshold rate
25,750,0.0000000000000000,155942695.8685144484043121,60905960.0016544461250305
