lambdaBS,lambdaUE,loss_thresh,mean_rate,threshold rate
25,750,50.0000000000000000,199496890.2507174611091614,161033120.8701534271240234
