lambdaBS,lambdaUE,loss_thresh,mean_rate,threshold rate
25,750,80.0000000000000000,110108441.9236152470111847,124393607.3989439308643341
