lambdaBS,lambdaUE,loss_thresh,mean_rate,threshold rate
25,500,20.0000000000000000,236112254.3286349475383759,136606840.2767846584320068
