lambdaBS,lambdaUE,loss_thresh,mean_rate,threshold rate
25,250,20.0000000000000000,316994527.7789049148559570,253497401.6779937148094177
