lambdaBS,lambdaUE,loss_thresh,mean_rate,threshold rate
25,1000,60.0000000000000000,136808355.6297045350074768,109064359.1066415458917618
