lambdaBS,lambdaUE,loss_thresh,mean_rate,threshold rate
25,2000,10.0000000000000000,42136691.0408588349819183,21187906.9243334755301476
