lambdaBS,lambdaUE,loss_thresh,mean_rate,threshold rate
25,500,70.0000000000000000,229952935.4116376638412476,281979945.6945286393165588
