lambdaBS,lambdaUE,loss_thresh,mean_rate,threshold rate
25,750,40.0000000000000000,120859099.2272561937570572,86025676.2286523431539536
