lambdaBS,lambdaUE,loss_thresh,mean_rate,threshold rate
25,750,80.0000000000000000,162843666.1541970372200012,223647089.0212822258472443
