lambdaBS,lambdaUE,loss_thresh,mean_rate,threshold rate
25,750,40.0000000000000000,167085894.6852245032787323,112686637.4899841248989105
