lambdaBS,lambdaUE,loss_thresh,mean_rate,threshold rate
25,1000,40.0000000000000000,105326884.5751594752073288,69961413.9831398129463196
