lambdaBS,lambdaUE,loss_thresh,mean_rate,threshold rate
25,750,80.0000000000000000,98790830.1420820355415344,106738357.1857327669858932
