lambdaBS,lambdaUE,loss_thresh,mean_rate,threshold rate
25,500,50.0000000000000000,165428083.7351759374141693,124381027.8442682325839996
