lambdaBS,lambdaUE,loss_thresh,mean_rate,threshold rate
25,2000,30.0000000000000036,70382396.8436682522296906,46992766.5834294706583023
