lambdaBS,lambdaUE,loss_thresh,mean_rate,threshold rate
25,750,40.0000000000000000,159879350.8154439032077789,101928372.5666895955801010
