lambdaBS,lambdaUE,loss_thresh,mean_rate,threshold rate
25,1500,50.0000000000000000,65723562.7735048681497574,49264928.6500902771949768
