lambdaBS,lambdaUE,loss_thresh,mean_rate,threshold rate
25,500,80.0000000000000000,170429418.9727191627025604,257965498.0440307259559631
