lambdaBS,lambdaUE,loss_thresh,mean_rate,threshold rate
25,2000,80.0000000000000000,73749756.5873665809631348,70190298.2571509182453156
