lambdaBS,lambdaUE,loss_thresh,mean_rate,threshold rate
25,1500,40.0000000000000000,80137926.8273003995418549,52984660.9060369879007339
