lambdaBS,lambdaUE,loss_thresh,mean_rate,threshold rate
25,750,40.0000000000000000,110067459.3325697183609009,74352250.0410515815019608
