lambdaBS,lambdaUE,loss_thresh,mean_rate,threshold rate
25,1500,30.0000000000000036,83314653.9474094808101654,50076715.0241703465580940
