lambdaBS,lambdaUE,loss_thresh,mean_rate,threshold rate
25,250,0.0000000000000000,252513333.8873901963233948,125402796.4363773167133331
