lambdaBS,lambdaUE,loss_thresh,mean_rate,threshold rate
25,250,0.0000000000000000,316994527.7789049148559570,183329127.3391934037208557
