lambdaBS,lambdaUE,loss_thresh,mean_rate,threshold rate
25,1500,80.0000000000000000,107689697.7194018512964249,120382031.6406280398368835
