lambdaBS,lambdaUE,loss_thresh,mean_rate,threshold rate
25,250,80.0000000000000000,278994029.1142294406890869,364153452.3471564054489136
