lambdaBS,lambdaUE,loss_thresh,mean_rate,threshold rate
25,750,20.0000000000000000,125769516.1215940266847610,74276566.4573157280683517
