lambdaBS,lambdaUE,loss_thresh,mean_rate,threshold rate
25,1000,100.0000000000000000,167392508.0464700758457184,399433874.2831470370292664
