lambdaBS,lambdaUE,loss_thresh,mean_rate,threshold rate
25,1000,10.0000000000000000,128178526.0993956923484802,65456159.4341709762811661
