lambdaBS,lambdaUE,loss_thresh,mean_rate,threshold rate
25,500,0.0000000000000000,257898345.5196865200996399,114815038.2901596724987030
