lambdaBS,lambdaUE,loss_thresh,mean_rate,threshold rate
25,1500,50.0000000000000000,80811130.3796265274286270,55773335.8645426183938980
