lambdaBS,lambdaUE,loss_thresh,mean_rate,threshold rate
25,1000,10.0000000000000000,106319852.4506192058324814,54392909.7717211022973061
