lambdaBS,lambdaUE,loss_thresh,mean_rate,threshold rate
25,1000,90.0000000000000000,85722231.1941309869289398,141078360.1051825582981110
