lambdaBS,lambdaUE,loss_thresh,mean_rate,threshold rate
25,1000,90.0000000000000000,131040853.7542281001806259,304284319.5222075581550598
