lambdaBS,lambdaUE,loss_thresh,mean_rate,threshold rate
25,1500,60.0000000000000000,57213386.9327307641506195,41369464.7405896335840225
