lambdaBS,lambdaUE,loss_thresh,mean_rate,threshold rate
25,1500,30.0000000000000036,89364709.6743436306715012,56685953.7940594106912613
