lambdaBS,lambdaUE,loss_thresh,mean_rate,threshold rate
25,750,60.0000000000000000,162429641.4979998171329498,137410525.2983570098876953
