lambdaBS,lambdaUE,loss_thresh,mean_rate,threshold rate
25,500,90.0000000000000000,232670656.5390791594982147,374627457.2073817253112793
