lambdaBS,lambdaUE,loss_thresh,mean_rate,threshold rate
25,750,20.0000000000000000,181737928.9022804796695709,99461779.5254393070936203
