lambdaBS,lambdaUE,loss_thresh,mean_rate,threshold rate
25,250,60.0000000000000000,292124702.7760958671569824,333898325.4732353687286377
