lambdaBS,lambdaUE,loss_thresh,mean_rate,threshold rate
25,500,90.0000000000000000,236112254.3286349475383759,381514284.2793030142784119
