lambdaBS,lambdaUE,loss_thresh,mean_rate,threshold rate
25,500,0.0000000000000000,188826169.8792707622051239,77910384.1883500218391418
