lambdaBS,lambdaUE,loss_thresh,mean_rate,threshold rate
25,2000,70.0000000000000000,48028662.9549871087074280,38235543.4190497621893883
