lambdaBS,lambdaUE,loss_thresh,mean_rate,threshold rate
25,1500,40.0000000000000000,90678836.6046885997056961,56721488.5519877225160599
