lambdaBS,lambdaUE,loss_thresh,mean_rate,threshold rate
25,1500,90.0000000000000000,86696647.1356132328510284,184335481.0512229800224304
