lambdaBS,lambdaUE,loss_thresh,mean_rate,threshold rate
25,2000,20.0000000000000000,40927057.5321334451436996,24374609.1404329948127270
