lambdaBS,lambdaUE,loss_thresh,mean_rate,threshold rate
25,1500,100.0000000000000000,57353620.3425506278872490,399397410.2613494992256165
