lambdaBS,lambdaUE,loss_thresh,mean_rate,threshold rate
25,500,10.0000000000000000,175424909.6674039661884308,102943133.5374536663293839
