lambdaBS,lambdaUE,loss_thresh,mean_rate,threshold rate
25,750,20.0000000000000000,139637540.1970115602016449,74887194.2928041368722916
