lambdaBS,lambdaUE,loss_thresh,mean_rate,threshold rate
25,2000,40.0000000000000000,87932602.9753477573394775,57486351.1607786267995834
