lambdaBS,lambdaUE,loss_thresh,mean_rate,threshold rate
25,500,80.0000000000000000,172362796.6160665154457092,242047001.2694011330604553
