lambdaBS,lambdaUE,loss_thresh,mean_rate,threshold rate
25,2000,20.0000000000000000,87932602.9753477573394775,48985006.1890714839100838
