lambdaBS,lambdaUE,loss_thresh,mean_rate,threshold rate
25,500,60.0000000000000000,245333896.6028930246829987,256385235.7223443686962128
