lambdaBS,lambdaUE,loss_thresh,mean_rate,threshold rate
25,1500,20.0000000000000000,69316872.9499998241662979,41633602.7448167353868484
