lambdaBS,lambdaUE,loss_thresh,mean_rate,threshold rate
25,250,0.0000000000000000,275431098.8313042521476746,131481287.0949594974517822
