lambdaBS,lambdaUE,loss_thresh,mean_rate,threshold rate
25,250,30.0000000000000036,299332505.5781394839286804,248596247.7965314686298370
