lambdaBS,lambdaUE,loss_thresh,mean_rate,threshold rate
25,1500,50.0000000000000000,88131446.4134005606174469,60171298.1148924380540848
