lambdaBS,lambdaUE,loss_thresh,mean_rate,threshold rate
25,750,70.0000000000000000,154599280.2439275383949280,164505346.5323661267757416
