lambdaBS,lambdaUE,loss_thresh,mean_rate,threshold rate
25,2000,80.0000000000000000,93373758.2512785494327545,96083579.5185818970203400
