lambdaBS,lambdaUE,loss_thresh,mean_rate,threshold rate
25,750,70.0000000000000000,139200367.9064988195896149,136278049.0330075025558472
