lambdaBS,lambdaUE,loss_thresh,mean_rate,threshold rate
25,250,90.0000000000000000,307460330.0645127892494202,396181333.5349149703979492
