lambdaBS,lambdaUE,loss_thresh,mean_rate,threshold rate
25,500,70.0000000000000000,175424909.6674039661884308,190896255.4963808059692383
