lambdaBS,lambdaUE,loss_thresh,mean_rate,threshold rate
25,1000,10.0000000000000000,129149158.4527609348297119,70183085.6662720143795013
