lambdaBS,lambdaUE,loss_thresh,mean_rate,threshold rate
25,2000,10.0000000000000000,57429064.9140639156103134,30269641.3898124173283577
