lambdaBS,lambdaUE,loss_thresh,mean_rate,threshold rate
25,2000,80.0000000000000000,61632913.3410553112626076,57785494.5074280351400375
