lambdaBS,lambdaUE,loss_thresh,mean_rate,threshold rate
25,750,90.0000000000000000,145034545.0254938602447510,300731259.6513494849205017
