lambdaBS,lambdaUE,loss_thresh,mean_rate,threshold rate
25,250,40.0000000000000000,242677647.4639374315738678,192161208.0230774581432343
