lambdaBS,lambdaUE,loss_thresh,mean_rate,threshold rate
25,500,40.0000000000000000,169310545.8454463481903076,119883945.5052416622638702
