lambdaBS,lambdaUE,loss_thresh,mean_rate,threshold rate
25,750,70.0000000000000000,111706631.5471182018518448,95269980.4146099090576172
