lambdaBS,lambdaUE,loss_thresh,mean_rate,threshold rate
25,2000,10.0000000000000000,71358643.7283172309398651,36941476.9977581202983856
