lambdaBS,lambdaUE,loss_thresh,mean_rate,threshold rate
25,1500,60.0000000000000000,75862600.6932693123817444,55376236.2088486552238464
