lambdaBS,lambdaUE,loss_thresh,mean_rate,threshold rate
25,750,0.0000000000000000,145335754.2808541059494019,72681356.6761871278285980
