lambdaBS,lambdaUE,loss_thresh,mean_rate,threshold rate
25,250,40.0000000000000000,309686213.5316359400749207,313932895.2112112045288086
