lambdaBS,lambdaUE,loss_thresh,mean_rate,threshold rate
25,1000,10.0000000000000000,101448867.7225758433341980,58190135.2991784363985062
