lambdaBS,lambdaUE,loss_thresh,mean_rate,threshold rate
25,1500,60.0000000000000000,55514229.2758087590336800,41993149.2799798324704170
