lambdaBS,lambdaUE,loss_thresh,mean_rate,threshold rate
25,500,20.0000000000000000,200117506.6658497452735901,129722639.3281333446502686
