lambdaBS,lambdaUE,loss_thresh,mean_rate,threshold rate
25,1500,20.0000000000000000,74383799.8107198923826218,44090299.3567820563912392
