lambdaBS,lambdaUE,loss_thresh,mean_rate,threshold rate
25,750,80.0000000000000000,168395073.1195701658725739,235284543.1319169402122498
