lambdaBS,lambdaUE,loss_thresh,mean_rate,threshold rate
25,2000,100.0000000000000000,71748796.2210294604301453,399540185.4581611156463623
