lambdaBS,lambdaUE,loss_thresh,mean_rate,threshold rate
25,2000,50.0000000000000000,70171556.1003137230873108,48871938.7813843935728073
