lambdaBS,lambdaUE,loss_thresh,mean_rate,threshold rate
25,1500,90.0000000000000000,81500970.2790151238441467,136529162.5472051799297333
