lambdaBS,lambdaUE,loss_thresh,mean_rate,threshold rate
25,1500,80.0000000000000000,87767591.7160757482051849,86507521.1483946293592453
