lambdaBS,lambdaUE,loss_thresh,mean_rate,threshold rate
25,250,20.0000000000000000,283907712.6400912404060364,204398210.7205073237419128
