lambdaBS,lambdaUE,loss_thresh,mean_rate,threshold rate
25,250,60.0000000000000000,312305433.1622051000595093,338735566.0519932508468628
