lambdaBS,lambdaUE,loss_thresh,mean_rate,threshold rate
25,1000,20.0000000000000000,101906946.0104690641164780,61127019.8711811304092407
