lambdaBS,lambdaUE,loss_thresh,mean_rate,threshold rate
25,750,0.0000000000000000,159978555.5293815135955811,69055169.1171941906213760
