lambdaBS,lambdaUE,loss_thresh,mean_rate,threshold rate
25,1000,0.0000000000000000,88432693.7925610542297363,29974823.6244210787117481
