lambdaBS,lambdaUE,loss_thresh,mean_rate,threshold rate
25,500,80.0000000000000000,221349025.4847458004951477,322517614.0311381220817566
