lambdaBS,lambdaUE,loss_thresh,mean_rate,threshold rate
25,250,60.0000000000000000,301532702.1284962892532349,334970739.2303456068038940
