lambdaBS,lambdaUE,loss_thresh,mean_rate,threshold rate
25,1000,10.0000000000000000,129635651.8699527382850647,69253671.0203578621149063
