lambdaBS,lambdaUE,loss_thresh,mean_rate,threshold rate
25,750,70.0000000000000000,154230337.7962758541107178,162730099.9763406217098236
