lambdaBS,lambdaUE,loss_thresh,mean_rate,threshold rate
25,1500,20.0000000000000000,86696647.1356132328510284,47057893.5872736498713493
