lambdaBS,lambdaUE,loss_thresh,mean_rate,threshold rate
25,750,30.0000000000000036,196806957.2354021370410919,126035685.5836557447910309
