lambdaBS,lambdaUE,loss_thresh,mean_rate,threshold rate
25,2000,20.0000000000000000,53388665.3878123611211777,30997915.6075579486787319
