lambdaBS,lambdaUE,loss_thresh,mean_rate,threshold rate
25,750,80.0000000000000000,124535802.8954550325870514,146985025.6305324733257294
