lambdaBS,lambdaUE,loss_thresh,mean_rate,threshold rate
25,500,90.0000000000000000,220033116.1265414655208588,364641094.4538118243217468
