lambdaBS,lambdaUE,loss_thresh,mean_rate,threshold rate
25,2000,90.0000000000000000,61446935.6204690188169479,95788850.9722341001033783
