lambdaBS,lambdaUE,loss_thresh,mean_rate,threshold rate
25,250,10.0000000000000000,277669285.1619676947593689,177407406.9119236171245575
