lambdaBS,lambdaUE,loss_thresh,mean_rate,threshold rate
25,2000,20.0000000000000000,37401754.1048015952110291,23328499.1515640094876289
