lambdaBS,lambdaUE,loss_thresh,mean_rate,threshold rate
25,1500,30.0000000000000036,101185487.0637925267219543,61082938.4515139758586884
