lambdaBS,lambdaUE,loss_thresh,mean_rate,threshold rate
25,750,60.0000000000000000,172500979.9761629700660706,156551529.9310199618339539
