lambdaBS,lambdaUE,loss_thresh,mean_rate,threshold rate
25,750,10.0000000000000000,170777532.0917022824287415,89790547.2417935132980347
