lambdaBS,lambdaUE,loss_thresh,mean_rate,threshold rate
25,250,10.0000000000000000,275498188.9532374143600464,170217801.4010366797447205
