lambdaBS,lambdaUE,loss_thresh,mean_rate,threshold rate
25,250,30.0000000000000036,286926541.7221158146858215,217433937.8763929605484009
