lambdaBS,lambdaUE,loss_thresh,mean_rate,threshold rate
25,2000,60.0000000000000000,63383674.5002592131495476,44812431.5894891172647476
