lambdaBS,lambdaUE,loss_thresh,mean_rate,threshold rate
25,750,90.0000000000000000,149563626.3222410082817078,303777497.3029547333717346
