lambdaBS,lambdaUE,loss_thresh,mean_rate,threshold rate
25,250,70.0000000000000000,281484691.6597837209701538,323714556.1306300163269043
