lambdaBS,lambdaUE,loss_thresh,mean_rate,threshold rate
25,500,50.0000000000000000,157236492.7287157773971558,109146053.5465552806854248
