lambdaBS,lambdaUE,loss_thresh,mean_rate,threshold rate
25,2000,70.0000000000000000,40927057.5321334451436996,31089073.6736002936959267
