lambdaBS,lambdaUE,loss_thresh,mean_rate,threshold rate
25,500,20.0000000000000000,219131539.3926328122615814,125259808.1663281023502350
