lambdaBS,lambdaUE,loss_thresh,mean_rate,threshold rate
25,1500,10.0000000000000000,67382523.1430252790451050,37119769.9020732715725899
