lambdaBS,lambdaUE,loss_thresh,mean_rate,threshold rate
25,1500,50.0000000000000000,67382523.1430252790451050,46888679.7950111031532288
