lambdaBS,lambdaUE,loss_thresh,mean_rate,threshold rate
25,1500,80.0000000000000000,72359109.4763343185186386,66633204.7497121319174767
