lambdaBS,lambdaUE,loss_thresh,mean_rate,threshold rate
25,1500,90.0000000000000000,53112722.3691986650228500,70704316.1088833063840866
