lambdaBS,lambdaUE,loss_thresh,mean_rate,threshold rate
25,500,70.0000000000000000,257898345.5196865200996399,312127184.2182937860488892
