lambdaBS,lambdaUE,loss_thresh,mean_rate,threshold rate
25,2000,10.0000000000000000,57186087.7915293499827385,31078299.2995632551610470
