lambdaBS,lambdaUE,loss_thresh,mean_rate,threshold rate
25,1500,10.0000000000000000,65723562.7735048681497574,38170372.2639561370015144
