lambdaBS,lambdaUE,loss_thresh,mean_rate,threshold rate
25,1000,70.0000000000000000,134061764.4645828902721405,122478532.1885523647069931
