lambdaBS,lambdaUE,loss_thresh,mean_rate,threshold rate
25,1000,80.0000000000000000,115337179.6485338360071182,136199918.5960160791873932
