lambdaBS,lambdaUE,loss_thresh,mean_rate,threshold rate
25,1500,0.0000000000000000,80811130.3796265274286270,26829972.9703728929162025
