lambdaBS,lambdaUE,loss_thresh,mean_rate,threshold rate
25,2000,30.0000000000000036,45305208.7174745053052902,28268661.5346974022686481
