lambdaBS,lambdaUE,loss_thresh,mean_rate,threshold rate
25,750,70.0000000000000000,149563626.3222410082817078,152899855.7855378091335297
