lambdaBS,lambdaUE,loss_thresh,mean_rate,threshold rate
25,500,50.0000000000000000,204140041.3972802162170410,175602023.7657065987586975
