lambdaBS,lambdaUE,loss_thresh,mean_rate,threshold rate
25,1500,70.0000000000000000,75112564.8432339876890182,57725477.0754551514983177
