lambdaBS,lambdaUE,loss_thresh,mean_rate,threshold rate
25,1000,60.0000000000000000,127994972.5718139410018921,94064101.6156905293464661
