lambdaBS,lambdaUE,loss_thresh,mean_rate,threshold rate
25,2000,70.0000000000000000,61446935.6204690188169479,49013487.0607458651065826
