lambdaBS,lambdaUE,loss_thresh,mean_rate,threshold rate
25,500,80.0000000000000000,183309490.6228809952735901,282984672.5306768417358398
