lambdaBS,lambdaUE,loss_thresh,mean_rate,threshold rate
25,500,80.0000000000000000,210764168.7636462748050690,311979431.8065595626831055
