lambdaBS,lambdaUE,loss_thresh,mean_rate,threshold rate
25,1000,0.0000000000000000,129331404.1830827593803406,51895152.6802655607461929
