lambdaBS,lambdaUE,loss_thresh,mean_rate,threshold rate
25,2000,80.0000000000000000,54334385.4918935149908066,44246850.6825352683663368
