lambdaBS,lambdaUE,loss_thresh,mean_rate,threshold rate
25,500,60.0000000000000000,159687712.3017172217369080,130939770.6364130228757858
