lambdaBS,lambdaUE,loss_thresh,mean_rate,threshold rate
25,250,90.0000000000000000,270681329.2155610322952271,389591812.9945414662361145
