lambdaBS,lambdaUE,loss_thresh,mean_rate,threshold rate
25,1000,20.0000000000000000,76853562.4266330301761627,41829100.0685436949133873
