lambdaBS,lambdaUE,loss_thresh,mean_rate,threshold rate
25,250,30.0000000000000036,274309910.5850853323936462,209268707.7605869174003601
