lambdaBS,lambdaUE,loss_thresh,mean_rate,threshold rate
25,2000,10.0000000000000000,34017729.5774768292903900,17045742.6262036859989166
