lambdaBS,lambdaUE,loss_thresh,mean_rate,threshold rate
25,2000,70.0000000000000000,55961653.3258567973971367,45785975.7759600430727005
