lambdaBS,lambdaUE,loss_thresh,mean_rate,threshold rate
25,750,30.0000000000000036,171167393.7804499864578247,106081894.4618924856185913
