lambdaBS,lambdaUE,loss_thresh,mean_rate,threshold rate
25,1000,30.0000000000000036,108800702.6403066813945770,65976801.4001618325710297
