lambdaBS,lambdaUE,loss_thresh,mean_rate,threshold rate
25,750,40.0000000000000000,215922754.0323698222637177,167584212.7365660071372986
