lambdaBS,lambdaUE,loss_thresh,mean_rate,threshold rate
25,750,20.0000000000000000,154826177.5446601808071136,87012711.8526104390621185
