lambdaBS,lambdaUE,loss_thresh,mean_rate,threshold rate
25,1000,90.0000000000000000,83427377.7444459795951843,147485049.7843035459518433
