lambdaBS,lambdaUE,loss_thresh,mean_rate,threshold rate
25,250,100.0000000000000000,239273032.7303931117057800,399790685.4845533370971680
