lambdaBS,lambdaUE,loss_thresh,mean_rate,threshold rate
25,750,20.0000000000000000,115072313.7967611849308014,65853736.5294666439294815
