lambdaBS,lambdaUE,loss_thresh,mean_rate,threshold rate
25,500,90.0000000000000000,257898345.5196865200996399,385224805.9987012147903442
