lambdaBS,lambdaUE,loss_thresh,mean_rate,threshold rate
25,750,80.0000000000000000,181737928.9022804796695709,278677197.5984001755714417
