lambdaBS,lambdaUE,loss_thresh,mean_rate,threshold rate
25,250,30.0000000000000036,253997166.0669423639774323,177168068.7373237311840057
