lambdaBS,lambdaUE,loss_thresh,mean_rate,threshold rate
25,2000,40.0000000000000000,65666872.3771683499217033,45953545.7406147569417953
