lambdaBS,lambdaUE,loss_thresh,mean_rate,threshold rate
25,1500,30.0000000000000036,60542622.9864991903305054,37466304.1016186252236366
