lambdaBS,lambdaUE,loss_thresh,mean_rate,threshold rate
25,2000,30.0000000000000036,59561739.0353456437587738,34580553.1056299731135368
