lambdaBS,lambdaUE,loss_thresh,mean_rate,threshold rate
25,750,60.0000000000000000,170924857.5760799646377563,146684111.2823851108551025
