lambdaBS,lambdaUE,loss_thresh,mean_rate,threshold rate
25,2000,40.0000000000000000,66278003.3392788544297218,43470745.7133061885833740
