lambdaBS,lambdaUE,loss_thresh,mean_rate,threshold rate
25,500,90.0000000000000000,221825162.0981989204883575,385461559.1964787244796753
