lambdaBS,lambdaUE,loss_thresh,mean_rate,threshold rate
25,750,40.0000000000000000,137935430.2246192991733551,89160156.3489705026149750
