lambdaBS,lambdaUE,loss_thresh,mean_rate,threshold rate
25,1500,10.0000000000000000,89466719.7626030743122101,46491458.4392416477203369
