lambdaBS,lambdaUE,loss_thresh,mean_rate,threshold rate
25,250,30.0000000000000036,294652560.7431404590606689,259738245.1121975183486938
