lambdaBS,lambdaUE,loss_thresh,mean_rate,threshold rate
25,500,20.0000000000000000,183309490.6228809952735901,112643535.5684009939432144
