lambdaBS,lambdaUE,loss_thresh,mean_rate,threshold rate
25,250,90.0000000000000000,286342088.0961239933967590,385523360.1070818305015564
