lambdaBS,lambdaUE,loss_thresh,mean_rate,threshold rate
25,750,30.0000000000000036,144227377.7009856700897217,87729787.0988640636205673
