lambdaBS,lambdaUE,loss_thresh,mean_rate,threshold rate
25,1500,40.0000000000000000,89684275.0049919188022614,59933231.9478089958429337
