lambdaBS,lambdaUE,loss_thresh,mean_rate,threshold rate
25,250,10.0000000000000000,301543110.8811925649642944,197284950.4796635806560516
