lambdaBS,lambdaUE,loss_thresh,mean_rate,threshold rate
25,500,10.0000000000000000,194343964.8573822081089020,95614608.2563726156949997
