lambdaBS,lambdaUE,loss_thresh,mean_rate,threshold rate
25,2000,30.0000000000000036,41594880.9075666889548302,27472794.8754996582865715
