lambdaBS,lambdaUE,loss_thresh,mean_rate,threshold rate
25,750,100.0000000000000000,137357254.8511541783809662,398418215.5305793881416321
