lambdaBS,lambdaUE,loss_thresh,mean_rate,threshold rate
25,1500,50.0000000000000000,101185487.0637925267219543,68556297.2474634647369385
