lambdaBS,lambdaUE,loss_thresh,mean_rate,threshold rate
25,2000,100.0000000000000000,59561739.0353456437587738,399735307.9137563705444336
