lambdaBS,lambdaUE,loss_thresh,mean_rate,threshold rate
25,500,20.0000000000000000,173955911.9568229019641876,95010198.4143598079681396
