lambdaBS,lambdaUE,loss_thresh,mean_rate,threshold rate
25,1000,40.0000000000000000,118385896.2690688818693161,74207677.6050463318824768
