lambdaBS,lambdaUE,loss_thresh,mean_rate,threshold rate
25,1500,50.0000000000000000,54734545.1460508033633232,38694683.5534579083323479
