lambdaBS,lambdaUE,loss_thresh,mean_rate,threshold rate
25,1500,90.0000000000000000,89684275.0049919188022614,175619372.8230096399784088
