lambdaBS,lambdaUE,loss_thresh,mean_rate,threshold rate
25,2000,0.0000000000000000,59561739.0353456437587738,19256830.6030453965067863
