lambdaBS,lambdaUE,loss_thresh,mean_rate,threshold rate
25,1500,0.0000000000000000,99477236.2207554876804352,37316710.7202495336532593
