lambdaBS,lambdaUE,loss_thresh,mean_rate,threshold rate
25,500,30.0000000000000036,193404125.1742516160011292,118020735.4173460304737091
