lambdaBS,lambdaUE,loss_thresh,mean_rate,threshold rate
25,1000,100.0000000000000000,110610317.5281575471162796,399121023.0827605724334717
