lambdaBS,lambdaUE,loss_thresh,mean_rate,threshold rate
25,1500,0.0000000000000000,74258144.6002072542905807,16142986.8030373081564903
