lambdaBS,lambdaUE,loss_thresh,mean_rate,threshold rate
25,1500,40.0000000000000000,57741331.5915692150592804,39421733.2528011873364449
