lambdaBS,lambdaUE,loss_thresh,mean_rate,threshold rate
25,750,60.0000000000000000,163527801.9001040458679199,142824499.9186494946479797
