lambdaBS,lambdaUE,loss_thresh,mean_rate,threshold rate
25,750,30.0000000000000036,111706631.5471182018518448,69247311.3891516923904419
