lambdaBS,lambdaUE,loss_thresh,mean_rate,threshold rate
25,1500,60.0000000000000000,81696749.9079154878854752,58375112.3546026125550270
