lambdaBS,lambdaUE,loss_thresh,mean_rate,threshold rate
25,1500,40.0000000000000000,86696647.1356132328510284,53109123.3379317298531532
