lambdaBS,lambdaUE,loss_thresh,mean_rate,threshold rate
25,750,100.0000000000000000,161877426.1697733700275421,399865400.9195086359977722
