lambdaBS,lambdaUE,loss_thresh,mean_rate,threshold rate
25,250,40.0000000000000000,280732767.4952313303947449,252231584.7113749384880066
