lambdaBS,lambdaUE,loss_thresh,mean_rate,threshold rate
25,2000,90.0000000000000000,49500837.5829512625932693,55757333.8432122692465782
