lambdaBS,lambdaUE,loss_thresh,mean_rate,threshold rate
25,1500,100.0000000000000000,73829411.0891317129135132,398004789.4581171274185181
