lambdaBS,lambdaUE,loss_thresh,mean_rate,threshold rate
25,750,70.0000000000000000,107188527.8131493777036667,89710121.5970766842365265
