lambdaBS,lambdaUE,loss_thresh,mean_rate,threshold rate
25,1000,80.0000000000000000,97667317.5592616945505142,107377336.0418896675109863
