lambdaBS,lambdaUE,loss_thresh,mean_rate,threshold rate
25,1000,0.0000000000000000,159159871.0735320150852203,60637591.4915668368339539
