lambdaBS,lambdaUE,loss_thresh,mean_rate,threshold rate
25,1500,60.0000000000000000,78767711.9996387362480164,55685141.2085369676351547
