lambdaBS,lambdaUE,loss_thresh,mean_rate,threshold rate
25,1500,100.0000000000000000,86696647.1356132328510284,399477311.9252691864967346
