lambdaBS,lambdaUE,loss_thresh,mean_rate,threshold rate
25,1000,40.0000000000000000,119679648.6324974000453949,77053922.0642502605915070
