lambdaBS,lambdaUE,loss_thresh,mean_rate,threshold rate
25,500,60.0000000000000000,219131539.3926328122615814,226641597.9500715136528015
