lambdaBS,lambdaUE,loss_thresh,mean_rate,threshold rate
25,750,50.0000000000000000,124535802.8954550325870514,86025510.7441951632499695
