lambdaBS,lambdaUE,loss_thresh,mean_rate,threshold rate
25,1000,70.0000000000000000,138660678.4872659146785736,128193285.8855392187833786
