lambdaBS,lambdaUE,loss_thresh,mean_rate,threshold rate
25,1000,0.0000000000000000,111472474.2292449176311493,43193288.6608886718750000
