lambdaBS,lambdaUE,loss_thresh,mean_rate,threshold rate
25,2000,10.0000000000000000,61823349.3152036592364311,32451263.9643834382295609
