lambdaBS,lambdaUE,loss_thresh,mean_rate,threshold rate
25,2000,20.0000000000000000,59561739.0353456437587738,32015694.1375116482377052
