lambdaBS,lambdaUE,loss_thresh,mean_rate,threshold rate
25,2000,70.0000000000000000,46641663.0322953164577484,35248962.3013717085123062
