lambdaBS,lambdaUE,loss_thresh,mean_rate,threshold rate
25,1500,0.0000000000000000,80121041.7140337824821472,29376414.0688001886010170
