lambdaBS,lambdaUE,loss_thresh,mean_rate,threshold rate
25,750,60.0000000000000000,154007311.5975665748119354,121712293.9057276695966721
