lambdaBS,lambdaUE,loss_thresh,mean_rate,threshold rate
25,2000,70.0000000000000000,56889127.1473166272044182,45550034.7085013538599014
