lambdaBS,lambdaUE,loss_thresh,mean_rate,threshold rate
25,500,70.0000000000000000,161868819.2519365251064301,164710674.5081022381782532
