lambdaBS,lambdaUE,loss_thresh,mean_rate,threshold rate
25,1000,30.0000000000000036,101906946.0104690641164780,64738926.0313910394906998
