lambdaBS,lambdaUE,loss_thresh,mean_rate,threshold rate
25,500,70.0000000000000000,217938411.1568375527858734,256377155.7441172301769257
