lambdaBS,lambdaUE,loss_thresh,mean_rate,threshold rate
25,2000,60.0000000000000000,45882657.0967239961028099,34821647.7865716740489006
