lambdaBS,lambdaUE,loss_thresh,mean_rate,threshold rate
25,1000,70.0000000000000000,83427377.7444459795951843,65561195.1034149304032326
