lambdaBS,lambdaUE,loss_thresh,mean_rate,threshold rate
25,500,100.0000000000000000,193404125.1742516160011292,399644897.9426561594009399
