lambdaBS,lambdaUE,loss_thresh,mean_rate,threshold rate
25,2000,70.0000000000000000,55905281.6923233717679977,47738406.7690465897321701
