lambdaBS,lambdaUE,loss_thresh,mean_rate,threshold rate
25,250,70.0000000000000000,275431098.8313042521476746,343688275.2633364796638489
