lambdaBS,lambdaUE,loss_thresh,mean_rate,threshold rate
25,250,0.0000000000000000,292807224.2829713225364685,144637015.6817727088928223
