lambdaBS,lambdaUE,loss_thresh,mean_rate,threshold rate
25,2000,30.0000000000000036,38513342.4822388216853142,25764715.4703186005353928
