lambdaBS,lambdaUE,loss_thresh,mean_rate,threshold rate
25,250,80.0000000000000000,268481727.2362066507339478,352046496.2645800709724426
