lambdaBS,lambdaUE,loss_thresh,mean_rate,threshold rate
25,250,30.0000000000000036,288235448.7020944952964783,230287402.9087359905242920
