lambdaBS,lambdaUE,loss_thresh,mean_rate,threshold rate
25,2000,0.0000000000000000,71748796.2210294604301453,20436174.1511829271912575
