lambdaBS,lambdaUE,loss_thresh,mean_rate,threshold rate
25,500,60.0000000000000000,212357953.0745219290256500,211089249.0977026522159576
