lambdaBS,lambdaUE,loss_thresh,mean_rate,threshold rate
25,1500,40.0000000000000000,80983968.8130644857883453,53666914.5968745797872543
