lambdaBS,lambdaUE,loss_thresh,mean_rate,threshold rate
25,1000,50.0000000000000000,123765855.4814504235982895,88653489.8011932373046875
