lambdaBS,lambdaUE,loss_thresh,mean_rate,threshold rate
25,250,30.0000000000000036,293049810.8440539836883545,245345410.8550964593887329
