lambdaBS,lambdaUE,loss_thresh,mean_rate,threshold rate
25,1000,10.0000000000000000,97667317.5592616945505142,53001162.5358606278896332
