lambdaBS,lambdaUE,loss_thresh,mean_rate,threshold rate
25,250,30.0000000000000036,266646249.6610763967037201,192632109.6161921620368958
