lambdaBS,lambdaUE,loss_thresh,mean_rate,threshold rate
25,1000,90.0000000000000000,123765855.4814504235982895,267698280.8922800421714783
