lambdaBS,lambdaUE,loss_thresh,mean_rate,threshold rate
25,2000,100.0000000000000000,68132408.6019668430089951,399474101.1400608420372009
