lambdaBS,lambdaUE,loss_thresh,mean_rate,threshold rate
25,250,0.0000000000000000,292124702.7760958671569824,136168279.0130636096000671
