lambdaBS,lambdaUE,loss_thresh,mean_rate,threshold rate
25,750,80.0000000000000000,99012073.0574931502342224,100640491.1774623692035675
