lambdaBS,lambdaUE,loss_thresh,mean_rate,threshold rate
25,1500,20.0000000000000000,80557282.5083457678556442,46849339.2360610663890839
