lambdaBS,lambdaUE,loss_thresh,mean_rate,threshold rate
25,750,90.0000000000000000,124535802.8954550325870514,283166164.5688394308090210
