lambdaBS,lambdaUE,loss_thresh,mean_rate,threshold rate
25,250,50.0000000000000000,260840409.3548102676868439,255998814.8728260993957520
