lambdaBS,lambdaUE,loss_thresh,mean_rate,threshold rate
25,1500,90.0000000000000000,67301508.1838892549276352,121474919.7507510185241699
