lambdaBS,lambdaUE,loss_thresh,mean_rate,threshold rate
25,1500,60.0000000000000000,74503587.4433700144290924,56600750.2332057058811188
