lambdaBS,lambdaUE,loss_thresh,mean_rate,threshold rate
25,250,0.0000000000000000,301543110.8811925649642944,148884529.6652006804943085
