lambdaBS,lambdaUE,loss_thresh,mean_rate,threshold rate
25,2000,0.0000000000000000,63995786.1745498180389404,26062087.1495718136429787
