lambdaBS,lambdaUE,loss_thresh,mean_rate,threshold rate
25,250,70.0000000000000000,315248652.3834155797958374,367530119.0797526836395264
