lambdaBS,lambdaUE,loss_thresh,mean_rate,threshold rate
25,250,30.0000000000000036,294667406.6752005219459534,251093698.7038475275039673
