lambdaBS,lambdaUE,loss_thresh,mean_rate,threshold rate
25,2000,100.0000000000000000,73371870.8934513032436371,399433777.1199232339859009
