lambdaBS,lambdaUE,loss_thresh,mean_rate,threshold rate
25,1000,50.0000000000000000,109389751.6823235005140305,73995190.5674869120121002
