lambdaBS,lambdaUE,loss_thresh,mean_rate,threshold rate
25,250,50.0000000000000000,242677647.4639374315738678,206749497.2494364976882935
