lambdaBS,lambdaUE,loss_thresh,mean_rate,threshold rate
25,1000,0.0000000000000000,122483095.9288169890642166,40573014.9761778488755226
