lambdaBS,lambdaUE,loss_thresh,mean_rate,threshold rate
25,500,0.0000000000000000,245333896.6028930246829987,104691501.4940380156040192
