lambdaBS,lambdaUE,loss_thresh,mean_rate,threshold rate
25,2000,20.0000000000000000,73887281.6468609869480133,45812844.1937849223613739
