lambdaBS,lambdaUE,loss_thresh,mean_rate,threshold rate
25,750,30.0000000000000036,182664999.0430847704410553,116978583.1184863746166229
