lambdaBS,lambdaUE,loss_thresh,mean_rate,threshold rate
25,250,20.0000000000000000,275498188.9532374143600464,189883921.4308200180530548
