lambdaBS,lambdaUE,loss_thresh,mean_rate,threshold rate
25,750,40.0000000000000000,165878903.1768380403518677,123761518.7332715690135956
