lambdaBS,lambdaUE,loss_thresh,mean_rate,threshold rate
25,250,50.0000000000000000,282705265.7705399990081787,280126863.4817590713500977
