lambdaBS,lambdaUE,loss_thresh,mean_rate,threshold rate
25,500,70.0000000000000000,166593563.4842134714126587,167615948.5480744242668152
