lambdaBS,lambdaUE,loss_thresh,mean_rate,threshold rate
25,250,30.0000000000000036,279098601.9563840627670288,217891879.5461072623729706
