lambdaBS,lambdaUE,loss_thresh,mean_rate,threshold rate
25,750,60.0000000000000000,111706631.5471182018518448,84492415.5317531377077103
