lambdaBS,lambdaUE,loss_thresh,mean_rate,threshold rate
25,250,20.0000000000000000,306806437.4557766318321228,237859605.8615090847015381
