lambdaBS,lambdaUE,loss_thresh,mean_rate,threshold rate
25,500,30.0000000000000036,156329264.3753971457481384,98085343.6273419260978699
