lambdaBS,lambdaUE,loss_thresh,mean_rate,threshold rate
25,1500,70.0000000000000000,103471025.3001089692115784,89409227.4063646197319031
