lambdaBS,lambdaUE,loss_thresh,mean_rate,threshold rate
25,1000,30.0000000000000036,93646997.9121973067522049,57305978.3246491774916649
