lambdaBS,lambdaUE,loss_thresh,mean_rate,threshold rate
25,500,50.0000000000000000,169310545.8454463481903076,128936227.6455527096986771
