lambdaBS,lambdaUE,loss_thresh,mean_rate,threshold rate
25,1000,20.0000000000000000,114102832.8003760874271393,62524431.9176175892353058
