lambdaBS,lambdaUE,loss_thresh,mean_rate,threshold rate
25,250,20.0000000000000000,260840409.3548102676868439,185931685.8342185616493225
