lambdaBS,lambdaUE,loss_thresh,mean_rate,threshold rate
25,1500,30.0000000000000036,52885256.3798075765371323,33331200.9369040466845036
