lambdaBS,lambdaUE,loss_thresh,mean_rate,threshold rate
25,250,0.0000000000000000,293049810.8440539836883545,134149838.8316415995359421
