lambdaBS,lambdaUE,loss_thresh,mean_rate,threshold rate
25,250,0.0000000000000000,274309910.5850853323936462,125224384.4945729970932007
