lambdaBS,lambdaUE,loss_thresh,mean_rate,threshold rate
25,750,50.0000000000000000,138469639.9977099299430847,97605233.0088798701763153
