lambdaBS,lambdaUE,loss_thresh,mean_rate,threshold rate
25,500,50.0000000000000000,147387617.5816494226455688,106899441.8885081112384796
