lambdaBS,lambdaUE,loss_thresh,mean_rate,threshold rate
25,2000,40.0000000000000000,48028662.9549871087074280,32684584.3525114879012108
