lambdaBS,lambdaUE,loss_thresh,mean_rate,threshold rate
25,2000,70.0000000000000000,57429064.9140639156103134,44454143.3814362660050392
