lambdaBS,lambdaUE,loss_thresh,mean_rate,threshold rate
25,1000,0.0000000000000000,97667317.5592616945505142,42151815.8636357039213181
