lambdaBS,lambdaUE,loss_thresh,mean_rate,threshold rate
25,1500,20.0000000000000000,65723562.7735048681497574,42477397.2820201292634010
