lambdaBS,lambdaUE,loss_thresh,mean_rate,threshold rate
25,250,80.0000000000000000,286926541.7221158146858215,378712924.5645680427551270
