lambdaBS,lambdaUE,loss_thresh,mean_rate,threshold rate
25,500,60.0000000000000000,205437894.8055492043495178,194876537.3367970585823059
