lambdaBS,lambdaUE,loss_thresh,mean_rate,threshold rate
25,250,20.0000000000000000,300543833.7896934151649475,232141106.4004597663879395
