lambdaBS,lambdaUE,loss_thresh,mean_rate,threshold rate
25,2000,0.0000000000000000,45592089.8189247921109200,15373240.1342573668807745
