lambdaBS,lambdaUE,loss_thresh,mean_rate,threshold rate
25,250,30.0000000000000036,316994527.7789049148559570,284639961.0950798988342285
