lambdaBS,lambdaUE,loss_thresh,mean_rate,threshold rate
25,500,80.0000000000000000,188826169.8792707622051239,277508960.5348851084709167
