lambdaBS,lambdaUE,loss_thresh,mean_rate,threshold rate
25,1500,70.0000000000000000,74503587.4433700144290924,60976695.8201242089271545
