lambdaBS,lambdaUE,loss_thresh,mean_rate,threshold rate
25,2000,60.0000000000000000,86273476.0627824366092682,64646618.5469446182250977
