lambdaBS,lambdaUE,loss_thresh,mean_rate,threshold rate
25,500,40.0000000000000000,249273413.3952049016952515,205128999.1762836277484894
