lambdaBS,lambdaUE,loss_thresh,mean_rate,threshold rate
25,750,100.0000000000000000,128685228.4856506437063217,399173050.6951093673706055
