lambdaBS,lambdaUE,loss_thresh,mean_rate,threshold rate
25,250,70.0000000000000000,247551135.9894803166389465,313821828.3403322100639343
