lambdaBS,lambdaUE,loss_thresh,mean_rate,threshold rate
25,1000,90.0000000000000000,111593512.5921529084444046,242089449.2215659022331238
