lambdaBS,lambdaUE,loss_thresh,mean_rate,threshold rate
25,750,0.0000000000000000,139637540.1970115602016449,50785603.2695467993617058
