lambdaBS,lambdaUE,loss_thresh,mean_rate,threshold rate
25,500,80.0000000000000000,217783064.0025576353073120,307191474.4116706252098083
