lambdaBS,lambdaUE,loss_thresh,mean_rate,threshold rate
25,2000,10.0000000000000000,70171556.1003137230873108,38859300.0135797038674355
