lambdaBS,lambdaUE,loss_thresh,mean_rate,threshold rate
25,1500,80.0000000000000000,60542622.9864991903305054,52307307.1194561719894409
