lambdaBS,lambdaUE,loss_thresh,mean_rate,threshold rate
25,1000,90.0000000000000000,118976417.3674478977918625,263794904.5764099061489105
