lambdaBS,lambdaUE,loss_thresh,mean_rate,threshold rate
25,1000,40.0000000000000000,91361207.9844168722629547,59890902.9215460419654846
