lambdaBS,lambdaUE,loss_thresh,mean_rate,threshold rate
25,1500,70.0000000000000000,60403773.3580315560102463,47885406.9325838312506676
