lambdaBS,lambdaUE,loss_thresh,mean_rate,threshold rate
25,750,50.0000000000000000,120699030.5994547456502914,79180838.3334251344203949
