lambdaBS,lambdaUE,loss_thresh,mean_rate,threshold rate
25,750,40.0000000000000000,166995098.1058658957481384,109772225.1675676852464676
