lambdaBS,lambdaUE,loss_thresh,mean_rate,threshold rate
25,1000,90.0000000000000000,144838088.9673042893409729,319331324.5537887215614319
