lambdaBS,lambdaUE,loss_thresh,mean_rate,threshold rate
25,250,20.0000000000000000,294318618.9243327975273132,229083714.1937175691127777
