lambdaBS,lambdaUE,loss_thresh,mean_rate,threshold rate
25,1500,0.0000000000000000,82045455.3809620738029480,30917568.5937638096511364
