lambdaBS,lambdaUE,loss_thresh,mean_rate,threshold rate
25,1500,80.0000000000000000,77273014.3932029157876968,79176085.9823035448789597
