lambdaBS,lambdaUE,loss_thresh,mean_rate,threshold rate
25,500,60.0000000000000000,165428083.7351759374141693,140304313.3272498250007629
