lambdaBS,lambdaUE,loss_thresh,mean_rate,threshold rate
25,250,80.0000000000000000,315248652.3834155797958374,381139543.5804854631423950
