lambdaBS,lambdaUE,loss_thresh,mean_rate,threshold rate
25,2000,30.0000000000000036,55476733.6250363066792488,35142670.8214162141084671
