lambdaBS,lambdaUE,loss_thresh,mean_rate,threshold rate
25,1000,100.0000000000000000,109758924.9450438916683197,399496361.6324248909950256
