lambdaBS,lambdaUE,loss_thresh,mean_rate,threshold rate
25,1500,70.0000000000000000,80557282.5083457678556442,67145812.3974680304527283
