lambdaBS,lambdaUE,loss_thresh,mean_rate,threshold rate
25,1000,40.0000000000000000,101448867.7225758433341980,68473832.5971064567565918
