lambdaBS,lambdaUE,loss_thresh,mean_rate,threshold rate
25,1000,50.0000000000000000,137694754.5414112210273743,96144957.2754840552806854
