lambdaBS,lambdaUE,loss_thresh,mean_rate,threshold rate
25,250,50.0000000000000000,271810300.9025349020957947,264277473.1000350117683411
