lambdaBS,lambdaUE,loss_thresh,mean_rate,threshold rate
25,250,20.0000000000000000,290335956.9735071063041687,209565990.0286502540111542
