lambdaBS,lambdaUE,loss_thresh,mean_rate,threshold rate
25,1000,40.0000000000000000,80090887.6745335310697556,54251528.8497774004936218
