lambdaBS,lambdaUE,loss_thresh,mean_rate,threshold rate
25,1500,90.0000000000000000,101185487.0637925267219543,205391559.6563260555267334
