lambdaBS,lambdaUE,loss_thresh,mean_rate,threshold rate
25,500,70.0000000000000000,222994751.6000937521457672,271326775.5962131619453430
