lambdaBS,lambdaUE,loss_thresh,mean_rate,threshold rate
25,750,100.0000000000000000,108030417.9273125678300858,397071202.8578031063079834
