lambdaBS,lambdaUE,loss_thresh,mean_rate,threshold rate
25,2000,40.0000000000000000,59873746.6564631015062332,39311972.0610449388623238
