lambdaBS,lambdaUE,loss_thresh,mean_rate,threshold rate
25,250,70.0000000000000000,283907712.6400912404060364,341162734.8972296118736267
