lambdaBS,lambdaUE,loss_thresh,mean_rate,threshold rate
25,750,70.0000000000000000,171307766.9431833922863007,175021084.5317642092704773
