lambdaBS,lambdaUE,loss_thresh,mean_rate,threshold rate
25,750,90.0000000000000000,130316952.2468164563179016,276593408.3263841867446899
