lambdaBS,lambdaUE,loss_thresh,mean_rate,threshold rate
25,2000,60.0000000000000000,61446935.6204690188169479,44458581.6442968621850014
