lambdaBS,lambdaUE,loss_thresh,mean_rate,threshold rate
25,250,30.0000000000000036,268481727.2362066507339478,211254050.8842222094535828
