lambdaBS,lambdaUE,loss_thresh,mean_rate,threshold rate
25,500,60.0000000000000000,236112254.3286349475383759,256149627.5117777585983276
