lambdaBS,lambdaUE,loss_thresh,mean_rate,threshold rate
25,250,40.0000000000000000,303594684.2354417443275452,298802775.6685026288032532
