lambdaBS,lambdaUE,loss_thresh,mean_rate,threshold rate
25,1000,90.0000000000000000,144356258.8307785093784332,316712073.5408030748367310
