lambdaBS,lambdaUE,loss_thresh,mean_rate,threshold rate
25,250,30.0000000000000036,301099301.9467942714691162,262314891.6232534050941467
