lambdaBS,lambdaUE,loss_thresh,mean_rate,threshold rate
25,2000,20.0000000000000000,55905281.6923233717679977,34383914.8690809756517410
