lambdaBS,lambdaUE,loss_thresh,mean_rate,threshold rate
25,250,50.0000000000000000,306806437.4557766318321228,317948653.1918741464614868
