lambdaBS,lambdaUE,loss_thresh,mean_rate,threshold rate
25,2000,90.0000000000000000,45882657.0967239961028099,53370235.8926595598459244
