lambdaBS,lambdaUE,loss_thresh,mean_rate,threshold rate
25,1000,90.0000000000000000,135493580.3021383881568909,311297081.1485798358917236
