lambdaBS,lambdaUE,loss_thresh,mean_rate,threshold rate
25,500,10.0000000000000000,233026430.3156396448612213,128702854.7900718152523041
