lambdaBS,lambdaUE,loss_thresh,mean_rate,threshold rate
25,2000,0.0000000000000000,66278003.3392788544297218,21812768.6819980219006538
