lambdaBS,lambdaUE,loss_thresh,mean_rate,threshold rate
25,1000,20.0000000000000000,129159106.8489950001239777,71669589.8068336695432663
