lambdaBS,lambdaUE,loss_thresh,mean_rate,threshold rate
25,250,60.0000000000000000,253185220.4067657887935638,273073509.9559396505355835
