lambdaBS,lambdaUE,loss_thresh,mean_rate,threshold rate
25,750,100.0000000000000000,125769516.1215940266847610,399915646.4466442465782166
