lambdaBS,lambdaUE,loss_thresh,mean_rate,threshold rate
25,750,30.0000000000000036,128259416.4522450715303421,75983703.7295949608087540
