lambdaBS,lambdaUE,loss_thresh,mean_rate,threshold rate
25,1000,30.0000000000000036,104642690.8279273360967636,65129608.5275545865297318
