lambdaBS,lambdaUE,loss_thresh,mean_rate,threshold rate
25,1500,40.0000000000000000,74383799.8107198923826218,48705980.4423200711607933
