lambdaBS,lambdaUE,loss_thresh,mean_rate,threshold rate
25,1000,40.0000000000000000,126053447.7040834873914719,79698984.6221725046634674
