lambdaBS,lambdaUE,loss_thresh,mean_rate,threshold rate
25,750,30.0000000000000036,162429641.4979998171329498,99588213.9913439899682999
