lambdaBS,lambdaUE,loss_thresh,mean_rate,threshold rate
25,750,100.0000000000000000,168395073.1195701658725739,399769382.5006145238876343
