lambdaBS,lambdaUE,loss_thresh,mean_rate,threshold rate
25,500,90.0000000000000000,230025780.0667336583137512,362443147.7062320113182068
