lambdaBS,lambdaUE,loss_thresh,mean_rate,threshold rate
25,750,20.0000000000000000,172500979.9761629700660706,106336712.9281996637582779
