lambdaBS,lambdaUE,loss_thresh,mean_rate,threshold rate
25,750,30.0000000000000036,170924857.5760799646377563,109310971.0658745914697647
