lambdaBS,lambdaUE,loss_thresh,mean_rate,threshold rate
25,500,100.0000000000000000,178828950.3131666779518127,399921708.2838327288627625
