lambdaBS,lambdaUE,loss_thresh,mean_rate,threshold rate
25,250,10.0000000000000000,278905271.0019903182983398,168012396.9499972462654114
