lambdaBS,lambdaUE,loss_thresh,mean_rate,threshold rate
25,750,60.0000000000000000,196806957.2354021370410919,196463874.3470744490623474
