lambdaBS,lambdaUE,loss_thresh,mean_rate,threshold rate
25,250,40.0000000000000000,297767393.8968445658683777,276637512.4968315958976746
