lambdaBS,lambdaUE,loss_thresh,mean_rate,threshold rate
25,750,100.0000000000000000,116297878.6479243934154510,399973111.1183571815490723
