lambdaBS,lambdaUE,loss_thresh,mean_rate,threshold rate
25,500,80.0000000000000000,189683685.9448018670082092,268322399.1992874145507812
