lambdaBS,lambdaUE,loss_thresh,mean_rate,threshold rate
25,250,100.0000000000000000,286926541.7221158146858215,399886011.7859848141670227
