lambdaBS,lambdaUE,loss_thresh,mean_rate,threshold rate
25,1500,20.0000000000000000,89466719.7626030743122101,50588067.7547676414251328
