lambdaBS,lambdaUE,loss_thresh,mean_rate,threshold rate
25,1500,50.0000000000000000,61321809.6150320470333099,45372101.4560732990503311
