lambdaBS,lambdaUE,loss_thresh,mean_rate,threshold rate
25,1500,50.0000000000000000,80121041.7140337824821472,57579941.5441593974828720
