lambdaBS,lambdaUE,loss_thresh,mean_rate,threshold rate
25,1000,80.0000000000000000,101906946.0104690641164780,108626284.0627827346324921
