lambdaBS,lambdaUE,loss_thresh,mean_rate,threshold rate
25,500,100.0000000000000000,157236492.7287157773971558,399540513.4440305233001709
