lambdaBS,lambdaUE,loss_thresh,mean_rate,threshold rate
25,1000,70.0000000000000000,111593512.5921529084444046,95946224.4353403896093369
