lambdaBS,lambdaUE,loss_thresh,mean_rate,threshold rate
25,500,10.0000000000000000,194679458.9382317662239075,106133154.0350616127252579
