lambdaBS,lambdaUE,loss_thresh,mean_rate,threshold rate
25,250,40.0000000000000000,298981477.9053134322166443,277688079.0212975740432739
