lambdaBS,lambdaUE,loss_thresh,mean_rate,threshold rate
25,1500,40.0000000000000000,85543066.2445224225521088,53553939.1777300536632538
