lambdaBS,lambdaUE,loss_thresh,mean_rate,threshold rate
25,500,100.0000000000000000,220033116.1265414655208588,399035294.8312059640884399
