lambdaBS,lambdaUE,loss_thresh,mean_rate,threshold rate
25,500,0.0000000000000000,169310545.8454463481903076,78977223.4465307593345642
