lambdaBS,lambdaUE,loss_thresh,mean_rate,threshold rate
25,2000,100.0000000000000000,65059012.4319120869040489,399313600.0346376299858093
