lambdaBS,lambdaUE,loss_thresh,mean_rate,threshold rate
25,500,90.0000000000000000,157236492.7287157773971558,330823669.9571235179901123
