lambdaBS,lambdaUE,loss_thresh,mean_rate,threshold rate
25,500,10.0000000000000000,232670656.5390791594982147,126888957.5941294729709625
