lambdaBS,lambdaUE,loss_thresh,mean_rate,threshold rate
25,500,60.0000000000000000,169310545.8454463481903076,142359888.8608489036560059
