lambdaBS,lambdaUE,loss_thresh,mean_rate,threshold rate
25,250,60.0000000000000000,300543833.7896934151649475,328501109.1340366005897522
