lambdaBS,lambdaUE,loss_thresh,mean_rate,threshold rate
25,1000,90.0000000000000000,111568575.4929027706384659,236081740.6013243496417999
