lambdaBS,lambdaUE,loss_thresh,mean_rate,threshold rate
25,1500,20.0000000000000000,60403773.3580315560102463,34757399.5895970463752747
