lambdaBS,lambdaUE,loss_thresh,mean_rate,threshold rate
25,2000,0.0000000000000000,56685397.6138151958584785,18197590.4048451744019985
