lambdaBS,lambdaUE,loss_thresh,mean_rate,threshold rate
25,2000,50.0000000000000000,63408999.9613129720091820,42214193.9868870675563812
