lambdaBS,lambdaUE,loss_thresh,mean_rate,threshold rate
25,500,90.0000000000000000,204140041.3972802162170410,356576959.6868093013763428
