lambdaBS,lambdaUE,loss_thresh,mean_rate,threshold rate
25,1000,60.0000000000000000,106319852.4506192058324814,74860613.9851391762495041
