lambdaBS,lambdaUE,loss_thresh,mean_rate,threshold rate
25,1500,40.0000000000000000,69105429.3689134865999222,44390810.5519373118877411
