lambdaBS,lambdaUE,loss_thresh,mean_rate,threshold rate
25,1500,50.0000000000000000,91460685.8948157727718353,59591097.8568901196122169
