lambdaBS,lambdaUE,loss_thresh,mean_rate,threshold rate
25,1500,20.0000000000000000,115239469.7292174994945526,64952767.4248924106359482
