lambdaBS,lambdaUE,loss_thresh,mean_rate,threshold rate
25,750,90.0000000000000000,98790830.1420820355415344,175200090.2994335293769836
