lambdaBS,lambdaUE,loss_thresh,mean_rate,threshold rate
25,750,20.0000000000000000,116297878.6479243934154510,63633963.4326980337500572
