lambdaBS,lambdaUE,loss_thresh,mean_rate,threshold rate
25,1500,50.0000000000000000,69561759.1489303708076477,47903752.4132324308156967
