lambdaBS,lambdaUE,loss_thresh,mean_rate,threshold rate
25,2000,100.0000000000000000,93373758.2512785494327545,399576618.0763708353042603
