lambdaBS,lambdaUE,loss_thresh,mean_rate,threshold rate
25,750,10.0000000000000000,134951182.6296507716178894,71014414.2223014831542969
