lambdaBS,lambdaUE,loss_thresh,mean_rate,threshold rate
25,1500,40.0000000000000000,54734545.1460508033633232,36815618.3307530209422112
