lambdaBS,lambdaUE,loss_thresh,mean_rate,threshold rate
25,500,80.0000000000000000,157582473.0646435916423798,224337455.4297287762165070
