lambdaBS,lambdaUE,loss_thresh,mean_rate,threshold rate
25,750,10.0000000000000000,163527801.9001040458679199,88493921.5017069876194000
