lambdaBS,lambdaUE,loss_thresh,mean_rate,threshold rate
25,1000,80.0000000000000000,106537997.8191786259412766,125726776.4701559543609619
