lambdaBS,lambdaUE,loss_thresh,mean_rate,threshold rate
25,1000,10.0000000000000000,85722231.1941309869289398,50112242.6316312253475189
