lambdaBS,lambdaUE,loss_thresh,mean_rate,threshold rate
25,1500,80.0000000000000000,65723562.7735048681497574,60158075.0866850316524506
