lambdaBS,lambdaUE,loss_thresh,mean_rate,threshold rate
25,250,100.0000000000000000,250535621.1387422382831573,399812817.6412353515625000
