lambdaBS,lambdaUE,loss_thresh,mean_rate,threshold rate
25,2000,50.0000000000000000,45305208.7174745053052902,31793156.1084254905581474
