lambdaBS,lambdaUE,loss_thresh,mean_rate,threshold rate
25,1000,70.0000000000000000,103278447.3806568831205368,81526484.0939448177814484
