lambdaBS,lambdaUE,loss_thresh,mean_rate,threshold rate
25,250,90.0000000000000000,274179328.1097429394721985,388129015.6098034977912903
