lambdaBS,lambdaUE,loss_thresh,mean_rate,threshold rate
25,1000,70.0000000000000000,129149158.4527609348297119,122132662.8194109499454498
