lambdaBS,lambdaUE,loss_thresh,mean_rate,threshold rate
25,250,30.0000000000000036,291223714.7254930138587952,246534552.0411496162414551
