lambdaBS,lambdaUE,loss_thresh,mean_rate,threshold rate
25,750,60.0000000000000000,153203903.3199640512466431,121885133.9870591312646866
