lambdaBS,lambdaUE,loss_thresh,mean_rate,threshold rate
25,750,100.0000000000000000,206999404.5599347949028015,399370219.8055145144462585
