lambdaBS,lambdaUE,loss_thresh,mean_rate,threshold rate
25,250,100.0000000000000000,316994527.7789049148559570,399771003.8838788866996765
