lambdaBS,lambdaUE,loss_thresh,mean_rate,threshold rate
25,750,20.0000000000000000,138469639.9977099299430847,79576301.0934237688779831
