lambdaBS,lambdaUE,loss_thresh,mean_rate,threshold rate
25,2000,90.0000000000000000,71748796.2210294604301453,126203947.7274015694856644
