lambdaBS,lambdaUE,loss_thresh,mean_rate,threshold rate
25,1500,70.0000000000000000,72359109.4763343185186386,55286803.1604966744780540
