lambdaBS,lambdaUE,loss_thresh,mean_rate,threshold rate
25,2000,100.0000000000000000,92943755.5947412103414536,399077344.9186687469482422
