lambdaBS,lambdaUE,loss_thresh,mean_rate,threshold rate
25,1000,20.0000000000000000,101448867.7225758433341980,62221320.1825708597898483
