lambdaBS,lambdaUE,loss_thresh,mean_rate,threshold rate
25,250,30.0000000000000036,296176002.5036040544509888,241115353.1450251936912537
