lambdaBS,lambdaUE,loss_thresh,mean_rate,threshold rate
25,250,90.0000000000000000,291682658.3846660852432251,388394007.8529241085052490
