lambdaBS,lambdaUE,loss_thresh,mean_rate,threshold rate
25,750,60.0000000000000000,122942346.4639396220445633,102262974.2699724584817886
