lambdaBS,lambdaUE,loss_thresh,mean_rate,threshold rate
25,750,20.0000000000000000,155942695.8685144484043121,87899084.7490079998970032
