lambdaBS,lambdaUE,loss_thresh,mean_rate,threshold rate
25,1500,10.0000000000000000,81500970.2790151238441467,43136073.6970100924372673
