lambdaBS,lambdaUE,loss_thresh,mean_rate,threshold rate
25,1000,50.0000000000000000,159159871.0735320150852203,122254365.8278359919786453
