lambdaBS,lambdaUE,loss_thresh,mean_rate,threshold rate
25,250,20.0000000000000000,293378104.0259145498275757,229020295.6255023479461670
