lambdaBS,lambdaUE,loss_thresh,mean_rate,threshold rate
25,1500,70.0000000000000000,85984994.8517355918884277,70812455.6941345483064651
