lambdaBS,lambdaUE,loss_thresh,mean_rate,threshold rate
25,250,100.0000000000000000,283048216.4289863705635071,399936379.2717393040657043
