lambdaBS,lambdaUE,loss_thresh,mean_rate,threshold rate
25,2000,30.0000000000000036,69066483.3061653822660446,44038556.3358706310391426
