lambdaBS,lambdaUE,loss_thresh,mean_rate,threshold rate
25,750,20.0000000000000000,166995098.1058658957481384,94572117.6244637519121170
