lambdaBS,lambdaUE,loss_thresh,mean_rate,threshold rate
25,1000,70.0000000000000000,126346968.7536365389823914,112042783.4641296863555908
