lambdaBS,lambdaUE,loss_thresh,mean_rate,threshold rate
25,750,10.0000000000000000,120859099.2272561937570572,72696871.2250864952802658
