lambdaBS,lambdaUE,loss_thresh,mean_rate,threshold rate
25,500,20.0000000000000000,156329264.3753971457481384,95061561.3971042782068253
