lambdaBS,lambdaUE,loss_thresh,mean_rate,threshold rate
25,1500,40.0000000000000000,60542622.9864991903305054,39406341.3235791176557541
