lambdaBS,lambdaUE,loss_thresh,mean_rate,threshold rate
25,500,90.0000000000000000,196499472.5015363693237305,339232765.2309956550598145
