lambdaBS,lambdaUE,loss_thresh,mean_rate,threshold rate
25,2000,30.0000000000000036,61823349.3152036592364311,37506342.4562558904290199
