lambdaBS,lambdaUE,loss_thresh,mean_rate,threshold rate
25,2000,60.0000000000000000,38513342.4822388216853142,29410415.7591974362730980
