lambdaBS,lambdaUE,loss_thresh,mean_rate,threshold rate
25,250,70.0000000000000000,270799507.3649336099624634,335293465.8583643436431885
