lambdaBS,lambdaUE,loss_thresh,mean_rate,threshold rate
25,250,70.0000000000000000,292807224.2829713225364685,359253186.7389663457870483
