lambdaBS,lambdaUE,loss_thresh,mean_rate,threshold rate
25,1000,30.0000000000000036,101448867.7225758433341980,65556224.0168771669268608
