lambdaBS,lambdaUE,loss_thresh,mean_rate,threshold rate
25,2000,60.0000000000000000,45305208.7174745053052902,33848508.5869488641619682
