lambdaBS,lambdaUE,loss_thresh,mean_rate,threshold rate
25,1000,30.0000000000000036,127055864.7069120705127716,75083429.6438945084810257
