lambdaBS,lambdaUE,loss_thresh,mean_rate,threshold rate
25,250,30.0000000000000036,281014839.7151524424552917,214228356.9887605905532837
