lambdaBS,lambdaUE,loss_thresh,mean_rate,threshold rate
25,250,0.0000000000000000,278905271.0019903182983398,140350965.3495855629444122
