lambdaBS,lambdaUE,loss_thresh,mean_rate,threshold rate
25,250,100.0000000000000000,277455822.2756936550140381,399902886.5808680653572083
