lambdaBS,lambdaUE,loss_thresh,mean_rate,threshold rate
25,2000,90.0000000000000000,99696799.4483978897333145,219375514.5226848721504211
