lambdaBS,lambdaUE,loss_thresh,mean_rate,threshold rate
25,750,40.0000000000000000,121307268.2176762819290161,80227121.7915344387292862
