lambdaBS,lambdaUE,loss_thresh,mean_rate,threshold rate
25,2000,100.0000000000000000,61446935.6204690188169479,399566617.5164279341697693
