lambdaBS,lambdaUE,loss_thresh,mean_rate,threshold rate
25,1000,10.0000000000000000,102167493.6697952896356583,55948868.8864273801445961
