lambdaBS,lambdaUE,loss_thresh,mean_rate,threshold rate
25,1500,100.0000000000000000,75897609.5003102868795395,399913299.3529118299484253
