lambdaBS,lambdaUE,loss_thresh,mean_rate,threshold rate
25,750,70.0000000000000000,166995098.1058658957481384,172934442.4421358108520508
