lambdaBS,lambdaUE,loss_thresh,mean_rate,threshold rate
25,500,30.0000000000000036,186607459.9680850803852081,112650602.7892528027296066
