lambdaBS,lambdaUE,loss_thresh,mean_rate,threshold rate
25,1500,40.0000000000000000,86416574.0809701830148697,55315765.2876666933298111
