lambdaBS,lambdaUE,loss_thresh,mean_rate,threshold rate
25,1500,10.0000000000000000,84232475.3530925065279007,45946370.4145466089248657
