lambdaBS,lambdaUE,loss_thresh,mean_rate,threshold rate
25,750,0.0000000000000000,122559706.6174858212471008,53105649.9892774671316147
