lambdaBS,lambdaUE,loss_thresh,mean_rate,threshold rate
25,750,70.0000000000000000,137357254.8511541783809662,131404830.4578802138566971
