lambdaBS,lambdaUE,loss_thresh,mean_rate,threshold rate
25,1000,50.0000000000000000,161797087.8351994752883911,118978230.3201761692762375
