lambdaBS,lambdaUE,loss_thresh,mean_rate,threshold rate
25,2000,90.0000000000000000,56685397.6138151958584785,76273646.4879675507545471
