lambdaBS,lambdaUE,loss_thresh,mean_rate,threshold rate
25,750,30.0000000000000036,115811678.0706593245267868,73846477.5513963699340820
