lambdaBS,lambdaUE,loss_thresh,mean_rate,threshold rate
25,1000,0.0000000000000000,67855215.6360788047313690,26695387.5856180675327778
