lambdaBS,lambdaUE,loss_thresh,mean_rate,threshold rate
25,2000,40.0000000000000000,56784643.1083457469940186,38632512.3611674159765244
