lambdaBS,lambdaUE,loss_thresh,mean_rate,threshold rate
25,2000,10.0000000000000000,61632913.3410553112626076,35260453.8098466992378235
