lambdaBS,lambdaUE,loss_thresh,mean_rate,threshold rate
25,1000,20.0000000000000000,109389751.6823235005140305,62375680.1680525839328766
