lambdaBS,lambdaUE,loss_thresh,mean_rate,threshold rate
25,250,80.0000000000000000,281014839.7151524424552917,373178798.2387481927871704
