lambdaBS,lambdaUE,loss_thresh,mean_rate,threshold rate
25,750,90.0000000000000000,159301373.5906502008438110,299223542.3939673304557800
