lambdaBS,lambdaUE,loss_thresh,mean_rate,threshold rate
25,1000,50.0000000000000000,98943820.5460494756698608,68820476.0507545024156570
