lambdaBS,lambdaUE,loss_thresh,mean_rate,threshold rate
25,2000,30.0000000000000036,68132408.6019668430089951,42734705.3450075387954712
