lambdaBS,lambdaUE,loss_thresh,mean_rate,threshold rate
25,250,0.0000000000000000,308098058.5486901998519897,164337550.7060140669345856
