lambdaBS,lambdaUE,loss_thresh,mean_rate,threshold rate
25,500,70.0000000000000000,210764168.7636462748050690,247110509.4003423452377319
