lambdaBS,lambdaUE,loss_thresh,mean_rate,threshold rate
25,500,30.0000000000000036,193741417.5633775889873505,124597895.1552045941352844
