lambdaBS,lambdaUE,loss_thresh,mean_rate,threshold rate
25,250,50.0000000000000000,288235448.7020944952964783,298951159.6937715411186218
