lambdaBS,lambdaUE,loss_thresh,mean_rate,threshold rate
25,1000,20.0000000000000000,163810821.3535307943820953,95484903.8758271038532257
