lambdaBS,lambdaUE,loss_thresh,mean_rate,threshold rate
25,500,40.0000000000000000,195700273.4462177753448486,142156957.6069089770317078
