lambdaBS,lambdaUE,loss_thresh,mean_rate,threshold rate
25,1500,50.0000000000000000,89466719.7626030743122101,63106182.0988158956170082
