lambdaBS,lambdaUE,loss_thresh,mean_rate,threshold rate
25,2000,100.0000000000000000,42136691.0408588349819183,399481674.0637344121932983
