lambdaBS,lambdaUE,loss_thresh,mean_rate,threshold rate
25,250,30.0000000000000036,283907712.6400912404060364,228695098.9546350240707397
