lambdaBS,lambdaUE,loss_thresh,mean_rate,threshold rate
25,750,100.0000000000000000,152086793.6128051578998566,399684490.3657554388046265
