lambdaBS,lambdaUE,loss_thresh,mean_rate,threshold rate
25,500,90.0000000000000000,193404125.1742516160011292,367228479.5084825754165649
