lambdaBS,lambdaUE,loss_thresh,mean_rate,threshold rate
25,1000,10.0000000000000000,83427377.7444459795951843,49084664.1419610902667046
