lambdaBS,lambdaUE,loss_thresh,mean_rate,threshold rate
25,1000,80.0000000000000000,137919017.3074255883693695,181289312.4885707795619965
