lambdaBS,lambdaUE,loss_thresh,mean_rate,threshold rate
25,1500,50.0000000000000000,102875847.8133615702390671,69074735.6337367743253708
