lambdaBS,lambdaUE,loss_thresh,mean_rate,threshold rate
25,750,100.0000000000000000,158119160.0242304205894470,399695012.7945502400398254
