lambdaBS,lambdaUE,loss_thresh,mean_rate,threshold rate
25,500,80.0000000000000000,232670656.5390791594982147,332355135.1540657281875610
