lambdaBS,lambdaUE,loss_thresh,mean_rate,threshold rate
25,500,100.0000000000000000,213536480.9752264916896820,399280168.1040464043617249
