lambdaBS,lambdaUE,loss_thresh,mean_rate,threshold rate
25,500,60.0000000000000000,221825162.0981989204883575,219317680.1221240758895874
