lambdaBS,lambdaUE,loss_thresh,mean_rate,threshold rate
25,750,40.0000000000000000,149563626.3222410082817078,100802711.2034057825803757
