lambdaBS,lambdaUE,loss_thresh,mean_rate,threshold rate
25,1500,10.0000000000000000,74258144.6002072542905807,35460927.0839465260505676
