lambdaBS,lambdaUE,loss_thresh,mean_rate,threshold rate
25,1000,30.0000000000000036,136808355.6297045350074768,79617933.7175182402133942
