lambdaBS,lambdaUE,loss_thresh,mean_rate,threshold rate
25,2000,60.0000000000000000,73371870.8934513032436371,56205765.4802722483873367
