lambdaBS,lambdaUE,loss_thresh,mean_rate,threshold rate
25,1000,100.0000000000000000,120799011.2299765646457672,399812569.4989569783210754
