lambdaBS,lambdaUE,loss_thresh,mean_rate,threshold rate
25,1500,0.0000000000000000,77493754.2026759386062622,31525866.9319924563169479
