lambdaBS,lambdaUE,loss_thresh,mean_rate,threshold rate
25,250,0.0000000000000000,301099301.9467942714691162,144296643.5902692079544067
