lambdaBS,lambdaUE,loss_thresh,mean_rate,threshold rate
25,2000,70.0000000000000000,51721079.6352816298604012,40130046.2909191474318504
