lambdaBS,lambdaUE,loss_thresh,mean_rate,threshold rate
25,1000,30.0000000000000036,93914965.5223555415868759,58814783.5767037048935890
