lambdaBS,lambdaUE,loss_thresh,mean_rate,threshold rate
25,500,0.0000000000000000,159687712.3017172217369080,66551245.1297508180141449
