lambdaBS,lambdaUE,loss_thresh,mean_rate,threshold rate
25,1000,20.0000000000000000,113478921.8477745652198792,64425505.7153255939483643
