lambdaBS,lambdaUE,loss_thresh,mean_rate,threshold rate
25,1500,90.0000000000000000,82714691.3774949908256531,160809836.5785028338432312
