lambdaBS,lambdaUE,loss_thresh,mean_rate,threshold rate
25,1000,20.0000000000000000,123765855.4814504235982895,73078475.6129578948020935
