lambdaBS,lambdaUE,loss_thresh,mean_rate,threshold rate
25,1500,100.0000000000000000,55944595.5965137854218483,399826284.3571674823760986
