lambdaBS,lambdaUE,loss_thresh,mean_rate,threshold rate
25,750,30.0000000000000036,192398105.9804332554340363,114763118.1724512875080109
