lambdaBS,lambdaUE,loss_thresh,mean_rate,threshold rate
25,1500,30.0000000000000036,80137926.8273003995418549,50354675.7785633653402328
