lambdaBS,lambdaUE,loss_thresh,mean_rate,threshold rate
25,500,70.0000000000000000,193741417.5633775889873505,228283484.4054942727088928
