lambdaBS,lambdaUE,loss_thresh,mean_rate,threshold rate
25,500,90.0000000000000000,204311716.0876972377300262,365439516.5912407636642456
