lambdaBS,lambdaUE,loss_thresh,mean_rate,threshold rate
25,2000,70.0000000000000000,64079944.1942034736275673,49633646.3421358019113541
