lambdaBS,lambdaUE,loss_thresh,mean_rate,threshold rate
25,500,90.0000000000000000,157582473.0646435916423798,337686827.7056965827941895
