lambdaBS,lambdaUE,loss_thresh,mean_rate,threshold rate
25,1500,50.0000000000000000,75897609.5003102868795395,50901148.8963749632239342
