lambdaBS,lambdaUE,loss_thresh,mean_rate,threshold rate
25,1500,20.0000000000000000,69890980.5809751451015472,40739722.9803347736597061
