lambdaBS,lambdaUE,loss_thresh,mean_rate,threshold rate
25,1500,100.0000000000000000,82138213.9431901574134827,399098490.9245936870574951
