lambdaBS,lambdaUE,loss_thresh,mean_rate,threshold rate
25,2000,100.0000000000000000,88260216.0241076797246933,399746941.2292289137840271
