lambdaBS,lambdaUE,loss_thresh,mean_rate,threshold rate
25,2000,60.0000000000000000,38792331.2653004229068756,30054093.8395984321832657
