lambdaBS,lambdaUE,loss_thresh,mean_rate,threshold rate
25,250,30.0000000000000036,306806437.4557766318321228,265317299.2455445230007172
