lambdaBS,lambdaUE,loss_thresh,mean_rate,threshold rate
25,2000,40.0000000000000000,54476759.0230063870549202,38196281.1002468764781952
