lambdaBS,lambdaUE,loss_thresh,mean_rate,threshold rate
25,1000,20.0000000000000000,122439636.0881149470806122,70036472.3228119760751724
