lambdaBS,lambdaUE,loss_thresh,mean_rate,threshold rate
25,2000,60.0000000000000000,34017729.5774768292903900,24418297.3018570952117443
