lambdaBS,lambdaUE,loss_thresh,mean_rate,threshold rate
25,250,0.0000000000000000,284183330.5342071056365967,132499027.7244607508182526
