lambdaBS,lambdaUE,loss_thresh,mean_rate,threshold rate
25,250,70.0000000000000000,290745828.2018916010856628,343920016.2089325785636902
