lambdaBS,lambdaUE,loss_thresh,mean_rate,threshold rate
25,750,100.0000000000000000,193603912.5965301394462585,399950794.9711752533912659
