lambdaBS,lambdaUE,loss_thresh,mean_rate,threshold rate
25,750,40.0000000000000000,139607656.5568103492259979,89871531.1361697465181351
