lambdaBS,lambdaUE,loss_thresh,mean_rate,threshold rate
25,1000,40.0000000000000000,128848945.6923470497131348,87209977.9048553407192230
