lambdaBS,lambdaUE,loss_thresh,mean_rate,threshold rate
25,1500,50.0000000000000000,73829411.0891317129135132,47302806.6838451474905014
