lambdaBS,lambdaUE,loss_thresh,mean_rate,threshold rate
25,500,60.0000000000000000,194679458.9382317662239075,171389950.2500633299350739
