lambdaBS,lambdaUE,loss_thresh,mean_rate,threshold rate
25,1500,20.0000000000000000,84232475.3530925065279007,49546960.4896240830421448
