lambdaBS,lambdaUE,loss_thresh,mean_rate,threshold rate
25,750,60.0000000000000000,172767201.2033430337905884,158211753.9758103489875793
