lambdaBS,lambdaUE,loss_thresh,mean_rate,threshold rate
25,2000,100.0000000000000000,99696799.4483978897333145,397926420.1031386852264404
