lambdaBS,lambdaUE,loss_thresh,mean_rate,threshold rate
25,750,30.0000000000000036,116297878.6479243934154510,68897685.4957807362079620
