lambdaBS,lambdaUE,loss_thresh,mean_rate,threshold rate
25,250,100.0000000000000000,281484691.6597837209701538,399272242.1903051733970642
