lambdaBS,lambdaUE,loss_thresh,mean_rate,threshold rate
25,500,60.0000000000000000,173955911.9568229019641876,143763253.2377883195877075
