lambdaBS,lambdaUE,loss_thresh,mean_rate,threshold rate
25,500,40.0000000000000000,191251399.8987487554550171,129904375.6110033988952637
