lambdaBS,lambdaUE,loss_thresh,mean_rate,threshold rate
25,750,70.0000000000000000,193603912.5965301394462585,231598549.7484481334686279
