lambdaBS,lambdaUE,loss_thresh,mean_rate,threshold rate
25,1000,10.0000000000000000,110397107.6045265495777130,55978974.6083920449018478
