lambdaBS,lambdaUE,loss_thresh,mean_rate,threshold rate
25,500,90.0000000000000000,197570801.4182207882404327,366131452.6551989316940308
