lambdaBS,lambdaUE,loss_thresh,mean_rate,threshold rate
25,2000,0.0000000000000000,53611676.5190386399626732,22463111.8619252219796181
