lambdaBS,lambdaUE,loss_thresh,mean_rate,threshold rate
25,2000,80.0000000000000000,40128318.7311688065528870,31885958.8134321197867393
