lambdaBS,lambdaUE,loss_thresh,mean_rate,threshold rate
25,500,100.0000000000000000,203098585.1772979795932770,399345510.8354621529579163
