lambdaBS,lambdaUE,loss_thresh,mean_rate,threshold rate
25,750,90.0000000000000000,171307766.9431833922863007,345766341.9365360140800476
