lambdaBS,lambdaUE,loss_thresh,mean_rate,threshold rate
25,1500,30.0000000000000036,61583977.8417275696992874,38280901.3878238424658775
