lambdaBS,lambdaUE,loss_thresh,mean_rate,threshold rate
25,500,80.0000000000000000,217938411.1568375527858734,296065327.5816596746444702
