lambdaBS,lambdaUE,loss_thresh,mean_rate,threshold rate
25,250,70.0000000000000000,294652560.7431404590606689,347739350.7594326734542847
