lambdaBS,lambdaUE,loss_thresh,mean_rate,threshold rate
25,250,30.0000000000000036,250535621.1387422382831573,179976031.7669309973716736
