lambdaBS,lambdaUE,loss_thresh,mean_rate,threshold rate
25,1000,30.0000000000000036,129331404.1830827593803406,78937768.5571435987949371
