lambdaBS,lambdaUE,loss_thresh,mean_rate,threshold rate
25,1500,50.0000000000000000,79816489.1934691220521927,55811881.1841057315468788
