lambdaBS,lambdaUE,loss_thresh,mean_rate,threshold rate
25,750,20.0000000000000000,139200367.9064988195896149,77910376.1261283159255981
