lambdaBS,lambdaUE,loss_thresh,mean_rate,threshold rate
25,2000,0.0000000000000000,65059012.4319120869040489,23681708.8450796045362949
