lambdaBS,lambdaUE,loss_thresh,mean_rate,threshold rate
25,2000,100.0000000000000000,56868228.2897503301501274,399962578.0274899601936340
