lambdaBS,lambdaUE,loss_thresh,mean_rate,threshold rate
25,1500,0.0000000000000000,73502658.1937979161739349,26642643.8545780628919601
