lambdaBS,lambdaUE,loss_thresh,mean_rate,threshold rate
25,1500,0.0000000000000000,55514229.2758087590336800,21757682.0366655178368092
