lambdaBS,lambdaUE,loss_thresh,mean_rate,threshold rate
25,2000,0.0000000000000000,54334385.4918935149908066,18697234.3488629683852196
