lambdaBS,lambdaUE,loss_thresh,mean_rate,threshold rate
25,250,50.0000000000000000,309686213.5316359400749207,332914413.2314753532409668
