lambdaBS,lambdaUE,loss_thresh,mean_rate,threshold rate
25,1500,80.0000000000000000,86696647.1356132328510284,82399150.7422132343053818
