lambdaBS,lambdaUE,loss_thresh,mean_rate,threshold rate
25,750,70.0000000000000000,163359988.1878515779972076,172051741.7531294822692871
