lambdaBS,lambdaUE,loss_thresh,mean_rate,threshold rate
25,250,60.0000000000000000,275431098.8313042521476746,300813222.0430737733840942
