lambdaBS,lambdaUE,loss_thresh,mean_rate,threshold rate
25,2000,90.0000000000000000,58702984.6762075275182724,73341011.7464763224124908
