lambdaBS,lambdaUE,loss_thresh,mean_rate,threshold rate
25,2000,90.0000000000000000,61761642.0200998857617378,86127448.9840063601732254
