lambdaBS,lambdaUE,loss_thresh,mean_rate,threshold rate
25,1000,40.0000000000000000,92416432.1329274475574493,58549468.5949393659830093
