lambdaBS,lambdaUE,loss_thresh,mean_rate,threshold rate
25,250,0.0000000000000000,257485536.9079914987087250,120803609.5412313640117645
