lambdaBS,lambdaUE,loss_thresh,mean_rate,threshold rate
25,500,40.0000000000000000,218763509.6631558239459991,166388088.5566219687461853
