lambdaBS,lambdaUE,loss_thresh,mean_rate,threshold rate
25,1000,0.0000000000000000,129159106.8489950001239777,48512736.9575659483671188
