lambdaBS,lambdaUE,loss_thresh,mean_rate,threshold rate
25,2000,90.0000000000000000,70171556.1003137230873108,119628974.9006570875644684
