lambdaBS,lambdaUE,loss_thresh,mean_rate,threshold rate
25,500,20.0000000000000000,217783064.0025576353073120,140941180.5701315402984619
