lambdaBS,lambdaUE,loss_thresh,mean_rate,threshold rate
25,250,0.0000000000000000,267824282.5696836113929749,124316292.7005542963743210
