lambdaBS,lambdaUE,loss_thresh,mean_rate,threshold rate
25,750,20.0000000000000000,154599280.2439275383949280,88585296.2539486140012741
