lambdaBS,lambdaUE,loss_thresh,mean_rate,threshold rate
25,2000,90.0000000000000000,47970043.1779759377241135,53691418.9909742474555969
