lambdaBS,lambdaUE,loss_thresh,mean_rate,threshold rate
25,1000,20.0000000000000000,93646997.9121973067522049,53431639.8363999575376511
