lambdaBS,lambdaUE,loss_thresh,mean_rate,threshold rate
25,1500,90.0000000000000000,73502658.1937979161739349,111307741.3787733465433121
