lambdaBS,lambdaUE,loss_thresh,mean_rate,threshold rate
25,2000,40.0000000000000000,42868567.6925612911581993,29044106.9578256607055664
