lambdaBS,lambdaUE,loss_thresh,mean_rate,threshold rate
25,250,80.0000000000000000,277564207.0828672647476196,361690632.0122029781341553
