lambdaBS,lambdaUE,loss_thresh,mean_rate,threshold rate
25,1000,20.0000000000000000,88432693.7925610542297363,50194180.4052263647317886
