lambdaBS,lambdaUE,loss_thresh,mean_rate,threshold rate
25,500,30.0000000000000036,200117506.6658497452735901,138894631.5304911136627197
