lambdaBS,lambdaUE,loss_thresh,mean_rate,threshold rate
25,1500,100.0000000000000000,75470483.9172180294990540,399687612.1610857248306274
