lambdaBS,lambdaUE,loss_thresh,mean_rate,threshold rate
25,1500,10.0000000000000000,60184069.0373658239841461,32512031.6775964125990868
