lambdaBS,lambdaUE,loss_thresh,mean_rate,threshold rate
25,250,40.0000000000000000,227825158.3172380924224854,174282509.4578074216842651
