lambdaBS,lambdaUE,loss_thresh,mean_rate,threshold rate
25,1000,100.0000000000000000,134061764.4645828902721405,399396493.6865770816802979
