lambdaBS,lambdaUE,loss_thresh,mean_rate,threshold rate
25,250,100.0000000000000000,282705265.7705399990081787,399410037.6130491495132446
