lambdaBS,lambdaUE,loss_thresh,mean_rate,threshold rate
25,2000,100.0000000000000000,56974567.8599111586809158,392617215.9553551673889160
