lambdaBS,lambdaUE,loss_thresh,mean_rate,threshold rate
25,1000,90.0000000000000000,129149158.4527609348297119,277701020.7116547822952271
