lambdaBS,lambdaUE,loss_thresh,mean_rate,threshold rate
25,1500,0.0000000000000000,84232475.3530925065279007,32281177.4509056359529495
