lambdaBS,lambdaUE,loss_thresh,mean_rate,threshold rate
25,1500,90.0000000000000000,60542622.9864991903305054,94827425.2562249898910522
