lambdaBS,lambdaUE,loss_thresh,mean_rate,threshold rate
25,1000,10.0000000000000000,103538602.1898398250341415,57193115.5128412693738937
