lambdaBS,lambdaUE,loss_thresh,mean_rate,threshold rate
25,2000,30.0000000000000036,79331113.0898984372615814,49396375.2169156223535538
