lambdaBS,lambdaUE,loss_thresh,mean_rate,threshold rate
25,1500,60.0000000000000000,77866211.4340708404779434,56925771.0574974939227104
