lambdaBS,lambdaUE,loss_thresh,mean_rate,threshold rate
25,250,80.0000000000000000,243289676.8362236320972443,343929237.2851374745368958
