lambdaBS,lambdaUE,loss_thresh,mean_rate,threshold rate
25,750,30.0000000000000036,122559706.6174858212471008,73517736.8738036304712296
