lambdaBS,lambdaUE,loss_thresh,mean_rate,threshold rate
25,1000,30.0000000000000036,98914069.4826032370328903,60379453.7210019379854202
