lambdaBS,lambdaUE,loss_thresh,mean_rate,threshold rate
25,1500,50.0000000000000000,80983968.8130644857883453,56364263.8413836807012558
