lambdaBS,lambdaUE,loss_thresh,mean_rate,threshold rate
25,1000,0.0000000000000000,109389751.6823235005140305,45285021.1618084460496902
