lambdaBS,lambdaUE,loss_thresh,mean_rate,threshold rate
25,750,20.0000000000000000,102847072.6652850359678268,60106698.1870370805263519
