lambdaBS,lambdaUE,loss_thresh,mean_rate,threshold rate
25,1000,40.0000000000000000,98717934.4678460806608200,64354728.0697065442800522
