lambdaBS,lambdaUE,loss_thresh,mean_rate,threshold rate
25,2000,100.0000000000000000,46641663.0322953164577484,399495626.5687466859817505
