lambdaBS,lambdaUE,loss_thresh,mean_rate,threshold rate
25,250,70.0000000000000000,262920882.4668350815773010,356149538.2090231776237488
