lambdaBS,lambdaUE,loss_thresh,mean_rate,threshold rate
25,250,70.0000000000000000,243289676.8362236320972443,317672758.0496976375579834
