lambdaBS,lambdaUE,loss_thresh,mean_rate,threshold rate
25,1000,80.0000000000000000,111593512.5921529084444046,134010136.0603141486644745
