lambdaBS,lambdaUE,loss_thresh,mean_rate,threshold rate
25,2000,50.0000000000000000,54476759.0230063870549202,39929005.3462451249361038
