lambdaBS,lambdaUE,loss_thresh,mean_rate,threshold rate
25,250,80.0000000000000000,301532702.1284962892532349,371488122.2359403371810913
