lambdaBS,lambdaUE,loss_thresh,mean_rate,threshold rate
25,500,100.0000000000000000,161868819.2519365251064301,399830842.9589030146598816
