lambdaBS,lambdaUE,loss_thresh,mean_rate,threshold rate
25,2000,50.0000000000000000,56685397.6138151958584785,38951886.0947397053241730
