lambdaBS,lambdaUE,loss_thresh,mean_rate,threshold rate
25,500,70.0000000000000000,196499472.5015363693237305,228238597.3985100388526917
