lambdaBS,lambdaUE,loss_thresh,mean_rate,threshold rate
25,500,40.0000000000000000,212357953.0745219290256500,160920775.0815627872943878
