lambdaBS,lambdaUE,loss_thresh,mean_rate,threshold rate
25,1500,50.0000000000000000,99477236.2207554876804352,64687090.0148503407835960
