lambdaBS,lambdaUE,loss_thresh,mean_rate,threshold rate
25,1000,60.0000000000000000,182141719.9945314526557922,171066929.6133209466934204
