lambdaBS,lambdaUE,loss_thresh,mean_rate,threshold rate
25,500,60.0000000000000000,200117506.6658497452735901,194339191.9503759443759918
