lambdaBS,lambdaUE,loss_thresh,mean_rate,threshold rate
25,1500,10.0000000000000000,60403773.3580315560102463,30961154.4138699546456337
