lambdaBS,lambdaUE,loss_thresh,mean_rate,threshold rate
25,2000,20.0000000000000000,65666872.3771683499217033,42199274.5223218873143196
