lambdaBS,lambdaUE,loss_thresh,mean_rate,threshold rate
25,750,90.0000000000000000,194051128.7470055520534515,362390167.5522791147232056
