lambdaBS,lambdaUE,loss_thresh,mean_rate,threshold rate
25,500,30.0000000000000036,193904863.8447406589984894,125069523.5265664160251617
