lambdaBS,lambdaUE,loss_thresh,mean_rate,threshold rate
25,2000,30.0000000000000036,63995786.1745498180389404,41167620.4643285050988197
