lambdaBS,lambdaUE,loss_thresh,mean_rate,threshold rate
25,1000,10.0000000000000000,144838088.9673042893409729,77468605.3661816418170929
