lambdaBS,lambdaUE,loss_thresh,mean_rate,threshold rate
25,2000,70.0000000000000000,60864390.6409080401062965,45159044.7107306718826294
