lambdaBS,lambdaUE,loss_thresh,mean_rate,threshold rate
25,250,10.0000000000000000,279098601.9563840627670288,166867434.6927198469638824
