lambdaBS,lambdaUE,loss_thresh,mean_rate,threshold rate
25,500,40.0000000000000000,203098585.1772979795932770,144080269.9722197055816650
