lambdaBS,lambdaUE,loss_thresh,mean_rate,threshold rate
25,250,80.0000000000000000,270681329.2155610322952271,367686513.2553237080574036
