lambdaBS,lambdaUE,loss_thresh,mean_rate,threshold rate
25,250,50.0000000000000000,262536866.9099802970886230,245194298.5592584013938904
