lambdaBS,lambdaUE,loss_thresh,mean_rate,threshold rate
25,1000,80.0000000000000000,128848945.6923470497131348,159152726.6673904657363892
