lambdaBS,lambdaUE,loss_thresh,mean_rate,threshold rate
25,1500,10.0000000000000000,89684275.0049919188022614,49393659.1161364316940308
