lambdaBS,lambdaUE,loss_thresh,mean_rate,threshold rate
25,2000,20.0000000000000000,55476733.6250363066792488,32749658.9043521881103516
