lambdaBS,lambdaUE,loss_thresh,mean_rate,threshold rate
25,500,20.0000000000000000,191251399.8987487554550171,110916015.2024831175804138
