lambdaBS,lambdaUE,loss_thresh,mean_rate,threshold rate
25,1000,10.0000000000000000,118385896.2690688818693161,59091960.1702666133642197
