lambdaBS,lambdaUE,loss_thresh,mean_rate,threshold rate
25,2000,100.0000000000000000,44935888.3266390934586525,399769349.0519395470619202
