lambdaBS,lambdaUE,loss_thresh,mean_rate,threshold rate
25,250,30.0000000000000036,301100846.2533439993858337,262050322.0970019400119781
