lambdaBS,lambdaUE,loss_thresh,mean_rate,threshold rate
25,2000,0.0000000000000000,69437306.8819510489702225,25323001.5297975391149521
