lambdaBS,lambdaUE,loss_thresh,mean_rate,threshold rate
25,500,10.0000000000000000,221825162.0981989204883575,127013705.6890741884708405
