lambdaBS,lambdaUE,loss_thresh,mean_rate,threshold rate
25,500,40.0000000000000000,156329264.3753971457481384,105217823.9890039861202240
