lambdaBS,lambdaUE,loss_thresh,mean_rate,threshold rate
25,2000,90.0000000000000000,63995786.1745498180389404,91403430.2730421423912048
