lambdaBS,lambdaUE,loss_thresh,mean_rate,threshold rate
25,250,60.0000000000000000,278994029.1142294406890869,294527380.0688518285751343
