lambdaBS,lambdaUE,loss_thresh,mean_rate,threshold rate
25,500,70.0000000000000000,206814532.6901633739471436,239648817.3226676583290100
