lambdaBS,lambdaUE,loss_thresh,mean_rate,threshold rate
25,500,20.0000000000000000,211555306.4451645612716675,121488897.7690364122390747
