lambdaBS,lambdaUE,loss_thresh,mean_rate,threshold rate
25,2000,50.0000000000000000,47970043.1779759377241135,34312080.4060006216168404
