lambdaBS,lambdaUE,loss_thresh,mean_rate,threshold rate
25,1500,90.0000000000000000,64311613.2985997721552849,97529569.3577522039413452
