lambdaBS,lambdaUE,loss_thresh,mean_rate,threshold rate
25,1500,30.0000000000000036,99561452.4301052689552307,60930768.7163790985941887
