lambdaBS,lambdaUE,loss_thresh,mean_rate,threshold rate
25,250,20.0000000000000000,283048216.4289863705635071,200019780.7319543361663818
