lambdaBS,lambdaUE,loss_thresh,mean_rate,threshold rate
25,1500,10.0000000000000000,87984004.9698738157749176,48005734.8150542378425598
