lambdaBS,lambdaUE,loss_thresh,mean_rate,threshold rate
25,2000,0.0000000000000000,56148353.5995105504989624,14764199.8920756056904793
