lambdaBS,lambdaUE,loss_thresh,mean_rate,threshold rate
25,1000,50.0000000000000000,144838088.9673042893409729,101663748.5683291256427765
