lambdaBS,lambdaUE,loss_thresh,mean_rate,threshold rate
25,2000,10.0000000000000000,75399467.1500550955533981,41019166.6714020743966103
