lambdaBS,lambdaUE,loss_thresh,mean_rate,threshold rate
25,500,30.0000000000000036,257898345.5196865200996399,202897153.4580096900463104
