lambdaBS,lambdaUE,loss_thresh,mean_rate,threshold rate
25,500,0.0000000000000000,222215636.5330757796764374,102069736.9282603710889816
