lambdaBS,lambdaUE,loss_thresh,mean_rate,threshold rate
25,250,60.0000000000000000,282705265.7705399990081787,306754817.7592017054557800
