lambdaBS,lambdaUE,loss_thresh,mean_rate,threshold rate
25,500,30.0000000000000036,169128446.8036064505577087,110438826.9360211044549942
