lambdaBS,lambdaUE,loss_thresh,mean_rate,threshold rate
25,750,20.0000000000000000,144227377.7009856700897217,82599892.2501290589570999
