lambdaBS,lambdaUE,loss_thresh,mean_rate,threshold rate
25,1000,50.0000000000000000,67855215.6360788047313690,47273859.5009052008390427
