lambdaBS,lambdaUE,loss_thresh,mean_rate,threshold rate
25,1000,40.0000000000000000,76853562.4266330301761627,47390421.4543281197547913
