lambdaBS,lambdaUE,loss_thresh,mean_rate,threshold rate
25,1000,100.0000000000000000,129149158.4527609348297119,399776961.5595223307609558
