lambdaBS,lambdaUE,loss_thresh,mean_rate,threshold rate
25,2000,100.0000000000000000,70382396.8436682522296906,399449263.7304643988609314
