lambdaBS,lambdaUE,loss_thresh,mean_rate,threshold rate
25,1500,50.0000000000000000,77123393.8701012432575226,54232302.5810898542404175
