lambdaBS,lambdaUE,loss_thresh,mean_rate,threshold rate
25,750,90.0000000000000000,154599280.2439275383949280,320450774.8390516042709351
