lambdaBS,lambdaUE,loss_thresh,mean_rate,threshold rate
25,250,50.0000000000000000,310938424.8790909051895142,319272728.8729271888732910
