lambdaBS,lambdaUE,loss_thresh,mean_rate,threshold rate
25,1000,30.0000000000000036,95129199.3819804489612579,60446205.7630150094628334
