lambdaBS,lambdaUE,loss_thresh,mean_rate,threshold rate
25,500,40.0000000000000000,206814532.6901633739471436,152254906.1151109933853149
