lambdaBS,lambdaUE,loss_thresh,mean_rate,threshold rate
25,500,0.0000000000000000,249273413.3952049016952515,106849947.8782589882612228
