lambdaBS,lambdaUE,loss_thresh,mean_rate,threshold rate
25,1500,20.0000000000000000,75897609.5003102868795395,44609958.1837869435548782
