lambdaBS,lambdaUE,loss_thresh,mean_rate,threshold rate
25,2000,0.0000000000000000,56974567.8599111586809158,22232003.1540979519486427
