lambdaBS,lambdaUE,loss_thresh,mean_rate,threshold rate
25,750,30.0000000000000036,163359988.1878515779972076,102130796.2651302367448807
