lambdaBS,lambdaUE,loss_thresh,mean_rate,threshold rate
25,500,40.0000000000000000,226426851.0836409926414490,177113921.4165548384189606
