lambdaBS,lambdaUE,loss_thresh,mean_rate,threshold rate
25,1000,70.0000000000000000,129714523.2631676942110062,115222028.4015659987926483
