lambdaBS,lambdaUE,loss_thresh,mean_rate,threshold rate
25,750,30.0000000000000036,167255350.6905601918697357,98377008.5540422052145004
