lambdaBS,lambdaUE,loss_thresh,mean_rate,threshold rate
25,250,10.0000000000000000,270799507.3649336099624634,160881417.4198929071426392
