lambdaBS,lambdaUE,loss_thresh,mean_rate,threshold rate
25,1500,40.0000000000000000,79816489.1934691220521927,52484215.6822910755872726
