lambdaBS,lambdaUE,loss_thresh,mean_rate,threshold rate
25,1000,70.0000000000000000,98914069.4826032370328903,79742543.5815186053514481
