lambdaBS,lambdaUE,loss_thresh,mean_rate,threshold rate
25,1000,10.0000000000000000,127920627.5562996715307236,67255544.1771473586559296
