lambdaBS,lambdaUE,loss_thresh,mean_rate,threshold rate
25,1000,30.0000000000000036,163810821.3535307943820953,101926328.7422355264425278
