lambdaBS,lambdaUE,loss_thresh,mean_rate,threshold rate
25,2000,70.0000000000000000,93373758.2512785494327545,75717020.3596967905759811
