lambdaBS,lambdaUE,loss_thresh,mean_rate,threshold rate
25,500,70.0000000000000000,199786126.1512503325939178,243844561.0602781176567078
