lambdaBS,lambdaUE,loss_thresh,mean_rate,threshold rate
25,750,80.0000000000000000,139200367.9064988195896149,186767454.3487713038921356
