lambdaBS,lambdaUE,loss_thresh,mean_rate,threshold rate
25,250,20.0000000000000000,301532702.1284962892532349,229338703.1781315803527832
