lambdaBS,lambdaUE,loss_thresh,mean_rate,threshold rate
25,1500,50.0000000000000000,89364709.6743436306715012,62715739.7702569663524628
