lambdaBS,lambdaUE,loss_thresh,mean_rate,threshold rate
25,500,10.0000000000000000,191493673.9017001688480377,106497906.0685600340366364
