lambdaBS,lambdaUE,loss_thresh,mean_rate,threshold rate
25,750,90.0000000000000000,115811678.0706593245267868,248146315.8343956470489502
