lambdaBS,lambdaUE,loss_thresh,mean_rate,threshold rate
25,750,90.0000000000000000,122559706.6174858212471008,275078668.9328775405883789
