lambdaBS,lambdaUE,loss_thresh,mean_rate,threshold rate
25,250,60.0000000000000000,315248652.3834155797958374,347162835.9570837616920471
