lambdaBS,lambdaUE,loss_thresh,mean_rate,threshold rate
25,1000,70.0000000000000000,80090887.6745335310697556,64110814.6129147186875343
