lambdaBS,lambdaUE,loss_thresh,mean_rate,threshold rate
25,250,20.0000000000000000,301100846.2533439993858337,219785893.3449989855289459
