lambdaBS,lambdaUE,loss_thresh,mean_rate,threshold rate
25,250,70.0000000000000000,266646249.6610763967037201,328177027.7041145563125610
