lambdaBS,lambdaUE,loss_thresh,mean_rate,threshold rate
25,250,10.0000000000000000,306394671.5027071237564087,200648095.4298270344734192
