lambdaBS,lambdaUE,loss_thresh,mean_rate,threshold rate
25,2000,60.0000000000000000,75399467.1500550955533981,56505995.7821210622787476
