lambdaBS,lambdaUE,loss_thresh,mean_rate,threshold rate
25,1500,20.0000000000000000,58577805.9608336016535759,35774178.2804683446884155
