lambdaBS,lambdaUE,loss_thresh,mean_rate,threshold rate
25,2000,80.0000000000000000,49952095.1488297507166862,40714963.6857989430427551
