lambdaBS,lambdaUE,loss_thresh,mean_rate,threshold rate
25,1000,0.0000000000000000,80646573.2939335107803345,31947348.6943693570792675
