lambdaBS,lambdaUE,loss_thresh,mean_rate,threshold rate
25,500,20.0000000000000000,159687712.3017172217369080,93262202.7374046444892883
