lambdaBS,lambdaUE,loss_thresh,mean_rate,threshold rate
25,1000,40.0000000000000000,129714523.2631676942110062,85662636.7758884131908417
