lambdaBS,lambdaUE,loss_thresh,mean_rate,threshold rate
25,1500,80.0000000000000000,103471025.3001089692115784,120386427.4291376471519470
