lambdaBS,lambdaUE,loss_thresh,mean_rate,threshold rate
25,500,20.0000000000000000,213716266.6943967640399933,133404559.3581781685352325
