lambdaBS,lambdaUE,loss_thresh,mean_rate,threshold rate
25,1000,30.0000000000000036,138660678.4872659146785736,77860081.5213261693716049
