lambdaBS,lambdaUE,loss_thresh,mean_rate,threshold rate
25,1500,60.0000000000000000,65723562.7735048681497574,51659418.8631396740674973
