lambdaBS,lambdaUE,loss_thresh,mean_rate,threshold rate
25,1000,70.0000000000000000,144838088.9673042893409729,139514297.1518330872058868
