lambdaBS,lambdaUE,loss_thresh,mean_rate,threshold rate
25,500,70.0000000000000000,159687712.3017172217369080,158093941.8488681018352509
