lambdaBS,lambdaUE,loss_thresh,mean_rate,threshold rate
25,1500,90.0000000000000000,87984004.9698738157749176,168085954.0826303660869598
