lambdaBS,lambdaUE,loss_thresh,mean_rate,threshold rate
25,2000,40.0000000000000000,54923005.9546283781528473,34454105.5454826653003693
