lambdaBS,lambdaUE,loss_thresh,mean_rate,threshold rate
25,1000,50.0000000000000000,115083360.2753917276859283,79863511.7830723822116852
