lambdaBS,lambdaUE,loss_thresh,mean_rate,threshold rate
25,250,60.0000000000000000,294318618.9243327975273132,320626677.3005061149597168
