lambdaBS,lambdaUE,loss_thresh,mean_rate,threshold rate
25,250,70.0000000000000000,308098058.5486901998519897,367671971.1416033506393433
