lambdaBS,lambdaUE,loss_thresh,mean_rate,threshold rate
25,1500,80.0000000000000000,64311613.2985997721552849,56057043.5106826871633530
