lambdaBS,lambdaUE,loss_thresh,mean_rate,threshold rate
25,2000,90.0000000000000000,38792331.2653004229068756,42778031.2317288219928741
