lambdaBS,lambdaUE,loss_thresh,mean_rate,threshold rate
25,2000,40.0000000000000000,40128318.7311688065528870,27118773.8233128860592842
