lambdaBS,lambdaUE,loss_thresh,mean_rate,threshold rate
25,750,70.0000000000000000,172767201.2033430337905884,192093159.4099339246749878
