lambdaBS,lambdaUE,loss_thresh,mean_rate,threshold rate
25,500,30.0000000000000036,223558238.5231485366821289,159085273.8391306102275848
