lambdaBS,lambdaUE,loss_thresh,mean_rate,threshold rate
25,500,0.0000000000000000,196499472.5015363693237305,86958486.1168946623802185
