lambdaBS,lambdaUE,loss_thresh,mean_rate,threshold rate
25,250,90.0000000000000000,301532702.1284962892532349,388814107.0236933231353760
