lambdaBS,lambdaUE,loss_thresh,mean_rate,threshold rate
25,500,80.0000000000000000,162556468.4388157427310944,252107854.5417654514312744
