lambdaBS,lambdaUE,loss_thresh,mean_rate,threshold rate
25,2000,0.0000000000000000,45882657.0967239961028099,16413527.5456966608762741
