lambdaBS,lambdaUE,loss_thresh,mean_rate,threshold rate
25,250,80.0000000000000000,275498188.9532374143600464,370576487.2554732561111450
