lambdaBS,lambdaUE,loss_thresh,mean_rate,threshold rate
25,500,40.0000000000000000,170347966.1752496361732483,110788009.6073852181434631
