lambdaBS,lambdaUE,loss_thresh,mean_rate,threshold rate
25,500,40.0000000000000000,170429418.9727191627025604,109458333.1230429708957672
