lambdaBS,lambdaUE,loss_thresh,mean_rate,threshold rate
25,500,50.0000000000000000,206814532.6901633739471436,170069493.0491265356540680
