lambdaBS,lambdaUE,loss_thresh,mean_rate,threshold rate
25,1000,80.0000000000000000,112573536.7955150455236435,138709556.2459740340709686
