lambdaBS,lambdaUE,loss_thresh,mean_rate,threshold rate
25,500,0.0000000000000000,197810936.0517249405384064,75608483.3406905978918076
