lambdaBS,lambdaUE,loss_thresh,mean_rate,threshold rate
25,750,40.0000000000000000,154230337.7962758541107178,102969291.0172665417194366
