lambdaBS,lambdaUE,loss_thresh,mean_rate,threshold rate
25,1500,60.0000000000000000,78590688.9124905318021774,58434629.1461053043603897
