lambdaBS,lambdaUE,loss_thresh,mean_rate,threshold rate
25,250,50.0000000000000000,291682658.3846660852432251,294656761.9842183589935303
