lambdaBS,lambdaUE,loss_thresh,mean_rate,threshold rate
25,2000,60.0000000000000000,54334385.4918935149908066,39978555.4901281818747520
