lambdaBS,lambdaUE,loss_thresh,mean_rate,threshold rate
25,750,60.0000000000000000,131276599.5707870721817017,108725963.8124253749847412
