lambdaBS,lambdaUE,loss_thresh,mean_rate,threshold rate
25,1500,0.0000000000000000,59178293.3649869337677956,22571957.2449311278760433
