lambdaBS,lambdaUE,loss_thresh,mean_rate,threshold rate
25,2000,10.0000000000000000,61446935.6204690188169479,32813584.0684531033039093
