lambdaBS,lambdaUE,loss_thresh,mean_rate,threshold rate
25,1000,60.0000000000000000,93914965.5223555415868759,68959930.5058092474937439
