lambdaBS,lambdaUE,loss_thresh,mean_rate,threshold rate
25,2000,50.0000000000000000,65059012.4319120869040489,46736796.2991453781723976
