lambdaBS,lambdaUE,loss_thresh,mean_rate,threshold rate
25,250,80.0000000000000000,293049810.8440539836883545,373365613.3514191508293152
