lambdaBS,lambdaUE,loss_thresh,mean_rate,threshold rate
25,1500,40.0000000000000000,80988837.1309504061937332,53029201.0031086578965187
