lambdaBS,lambdaUE,loss_thresh,mean_rate,threshold rate
25,250,90.0000000000000000,274309910.5850853323936462,387065146.0484305024147034
