lambdaBS,lambdaUE,loss_thresh,mean_rate,threshold rate
25,250,70.0000000000000000,307460330.0645127892494202,367147533.8715072274208069
