lambdaBS,lambdaUE,loss_thresh,mean_rate,threshold rate
25,2000,100.0000000000000000,38513342.4822388216853142,398518358.2789989709854126
