lambdaBS,lambdaUE,loss_thresh,mean_rate,threshold rate
25,250,60.0000000000000000,287931514.2966033816337585,338351186.6443045139312744
