lambdaBS,lambdaUE,loss_thresh,mean_rate,threshold rate
25,1500,100.0000000000000000,77273014.3932029157876968,398879949.1136776208877563
