lambdaBS,lambdaUE,loss_thresh,mean_rate,threshold rate
25,2000,0.0000000000000000,42548737.1037807762622833,13008444.1095641776919365
