lambdaBS,lambdaUE,loss_thresh,mean_rate,threshold rate
25,750,0.0000000000000000,166550955.6694678664207458,74469730.8835087418556213
