lambdaBS,lambdaUE,loss_thresh,mean_rate,threshold rate
25,1500,100.0000000000000000,72359109.4763343185186386,399476740.2241488695144653
