lambdaBS,lambdaUE,loss_thresh,mean_rate,threshold rate
25,250,30.0000000000000036,300508665.4237394928932190,260619837.4928680062294006
