lambdaBS,lambdaUE,loss_thresh,mean_rate,threshold rate
25,2000,0.0000000000000000,73887281.6468609869480133,28532419.2241031937301159
