lambdaBS,lambdaUE,loss_thresh,mean_rate,threshold rate
25,2000,20.0000000000000000,50839173.2861243858933449,28312547.9632135517895222
