lambdaBS,lambdaUE,loss_thresh,mean_rate,threshold rate
25,1000,80.0000000000000000,126053447.7040834873914719,156279459.2152116000652313
