lambdaBS,lambdaUE,loss_thresh,mean_rate,threshold rate
25,500,20.0000000000000000,178878921.2982313632965088,106204790.8371768593788147
