lambdaBS,lambdaUE,loss_thresh,mean_rate,threshold rate
25,500,20.0000000000000000,222126892.1069528460502625,128993792.5459162592887878
