lambdaBS,lambdaUE,loss_thresh,mean_rate,threshold rate
25,750,30.0000000000000036,149563626.3222410082817078,94700589.6472610235214233
