lambdaBS,lambdaUE,loss_thresh,mean_rate,threshold rate
25,2000,90.0000000000000000,48557252.2873085588216782,57007975.9512419030070305
