lambdaBS,lambdaUE,loss_thresh,mean_rate,threshold rate
25,250,70.0000000000000000,253997166.0669423639774323,308056898.5831983089447021
