lambdaBS,lambdaUE,loss_thresh,mean_rate,threshold rate
25,750,30.0000000000000036,145034545.0254938602447510,90230014.8111884891986847
