lambdaBS,lambdaUE,loss_thresh,mean_rate,threshold rate
25,250,60.0000000000000000,267167687.5265225172042847,286530896.2370207905769348
