lambdaBS,lambdaUE,loss_thresh,mean_rate,threshold rate
25,1500,90.0000000000000000,55514229.2758087590336800,73494714.4678900241851807
