lambdaBS,lambdaUE,loss_thresh,mean_rate,threshold rate
25,750,10.0000000000000000,153189547.8606058657169342,81759897.3941726386547089
