lambdaBS,lambdaUE,loss_thresh,mean_rate,threshold rate
25,1000,60.0000000000000000,128178526.0993956923484802,99320713.7493590116500854
