lambdaBS,lambdaUE,loss_thresh,mean_rate,threshold rate
25,750,100.0000000000000000,96746134.5355876386165619,399686236.4193375110626221
