lambdaBS,lambdaUE,loss_thresh,mean_rate,threshold rate
25,250,20.0000000000000000,295615349.8246500492095947,218244039.5556543469429016
