lambdaBS,lambdaUE,loss_thresh,mean_rate,threshold rate
25,500,30.0000000000000036,169766361.8417476415634155,113301436.4839648902416229
