lambdaBS,lambdaUE,loss_thresh,mean_rate,threshold rate
25,250,0.0000000000000000,243289676.8362236320972443,113265041.8473842889070511
