lambdaBS,lambdaUE,loss_thresh,mean_rate,threshold rate
25,500,80.0000000000000000,165428083.7351759374141693,225344063.7802678942680359
