lambdaBS,lambdaUE,loss_thresh,mean_rate,threshold rate
25,2000,90.0000000000000000,65059012.4319120869040489,108115440.7407919466495514
