lambdaBS,lambdaUE,loss_thresh,mean_rate,threshold rate
25,1000,90.0000000000000000,182141719.9945314526557922,329264957.5230284929275513
