lambdaBS,lambdaUE,loss_thresh,mean_rate,threshold rate
25,2000,80.0000000000000000,66974819.0820897296071053,58161227.3581535592675209
