lambdaBS,lambdaUE,loss_thresh,mean_rate,threshold rate
25,1000,30.0000000000000036,118278074.9840818643569946,75678007.6784859746694565
