lambdaBS,lambdaUE,loss_thresh,mean_rate,threshold rate
25,1500,30.0000000000000036,59178293.3649869337677956,38240215.6283721700310707
