lambdaBS,lambdaUE,loss_thresh,mean_rate,threshold rate
25,500,80.0000000000000000,195128016.4363408982753754,307009987.7669576406478882
