lambdaBS,lambdaUE,loss_thresh,mean_rate,threshold rate
25,250,0.0000000000000000,294652560.7431404590606689,145476123.3515035510063171
