lambdaBS,lambdaUE,loss_thresh,mean_rate,threshold rate
25,1000,0.0000000000000000,92034427.3394107967615128,35568735.6699193492531776
