lambdaBS,lambdaUE,loss_thresh,mean_rate,threshold rate
25,1000,50.0000000000000000,137919017.3074255883693695,98830022.3944032490253448
