lambdaBS,lambdaUE,loss_thresh,mean_rate,threshold rate
25,1500,100.0000000000000000,89364709.6743436306715012,399397829.7825103402137756
