lambdaBS,lambdaUE,loss_thresh,mean_rate,threshold rate
25,2000,10.0000000000000000,56889127.1473166272044182,31308515.8329202756285667
