lambdaBS,lambdaUE,loss_thresh,mean_rate,threshold rate
25,1000,10.0000000000000000,129177701.3151416480541229,64433093.1487589478492737
