lambdaBS,lambdaUE,loss_thresh,mean_rate,threshold rate
25,1500,80.0000000000000000,123737141.4477924108505249,155809831.8063080310821533
