lambdaBS,lambdaUE,loss_thresh,mean_rate,threshold rate
25,1500,50.0000000000000000,82138213.9431901574134827,56505153.5517228767275810
