lambdaBS,lambdaUE,loss_thresh,mean_rate,threshold rate
25,2000,90.0000000000000000,70382396.8436682522296906,103443047.4623225629329681
