lambdaBS,lambdaUE,loss_thresh,mean_rate,threshold rate
25,250,70.0000000000000000,304547412.2497818470001221,354378395.3773707151412964
