lambdaBS,lambdaUE,loss_thresh,mean_rate,threshold rate
25,500,70.0000000000000000,205437894.8055492043495178,240872706.6011284589767456
