lambdaBS,lambdaUE,loss_thresh,mean_rate,threshold rate
25,1000,50.0000000000000000,129714523.2631676942110062,92455687.1241777837276459
