lambdaBS,lambdaUE,loss_thresh,mean_rate,threshold rate
25,1000,0.0000000000000000,90200644.4742006659507751,38456452.3679324984550476
