lambdaBS,lambdaUE,loss_thresh,mean_rate,threshold rate
25,1500,0.0000000000000000,48839680.8619498834013939,20259194.7080685831606388
