lambdaBS,lambdaUE,loss_thresh,mean_rate,threshold rate
25,1500,10.0000000000000000,77123393.8701012432575226,41779155.3422649353742599
