lambdaBS,lambdaUE,loss_thresh,mean_rate,threshold rate
25,1500,90.0000000000000000,88131446.4134005606174469,175854805.3009393215179443
