lambdaBS,lambdaUE,loss_thresh,mean_rate,threshold rate
25,750,100.0000000000000000,99012073.0574931502342224,399725573.8092368841171265
