lambdaBS,lambdaUE,loss_thresh,mean_rate,threshold rate
25,250,40.0000000000000000,270799507.3649336099624634,235805852.7116710245609283
