lambdaBS,lambdaUE,loss_thresh,mean_rate,threshold rate
25,1500,70.0000000000000000,69890980.5809751451015472,52735491.6611331626772881
