lambdaBS,lambdaUE,loss_thresh,mean_rate,threshold rate
25,500,40.0000000000000000,217938411.1568375527858734,169754972.2564404010772705
