lambdaBS,lambdaUE,loss_thresh,mean_rate,threshold rate
25,1500,30.0000000000000036,74605920.9676925241947174,47345932.4838904291391373
