lambdaBS,lambdaUE,loss_thresh,mean_rate,threshold rate
25,1500,40.0000000000000000,74503587.4433700144290924,51289236.9495795890688896
