lambdaBS,lambdaUE,loss_thresh,mean_rate,threshold rate
25,1500,50.0000000000000000,75862600.6932693123817444,52213357.6373524963855743
