lambdaBS,lambdaUE,loss_thresh,mean_rate,threshold rate
25,1500,10.0000000000000000,85984994.8517355918884277,48760747.5864646881818771
