lambdaBS,lambdaUE,loss_thresh,mean_rate,threshold rate
25,2000,80.0000000000000000,62300538.9624994173645973,52748086.7716222181916237
