lambdaBS,lambdaUE,loss_thresh,mean_rate,threshold rate
25,500,100.0000000000000000,236112254.3286349475383759,399748513.6752301454544067
