lambdaBS,lambdaUE,loss_thresh,mean_rate,threshold rate
25,250,20.0000000000000000,227825158.3172380924224854,145362488.3082810640335083
