lambdaBS,lambdaUE,loss_thresh,mean_rate,threshold rate
25,1000,60.0000000000000000,104522928.6809184551239014,73697669.1861761957406998
