lambdaBS,lambdaUE,loss_thresh,mean_rate,threshold rate
25,2000,70.0000000000000000,55476733.6250363066792488,44017681.0318056046962738
