lambdaBS,lambdaUE,loss_thresh,mean_rate,threshold rate
25,750,30.0000000000000036,157017060.4377644658088684,98556128.3471389710903168
