lambdaBS,lambdaUE,loss_thresh,mean_rate,threshold rate
25,1500,70.0000000000000000,115239469.7292174994945526,106358518.9760630875825882
