lambdaBS,lambdaUE,loss_thresh,mean_rate,threshold rate
25,1000,80.0000000000000000,92034427.3394107967615128,87716567.2607561349868774
