lambdaBS,lambdaUE,loss_thresh,mean_rate,threshold rate
25,2000,70.0000000000000000,58747989.7847753390669823,46873245.2593747228384018
