lambdaBS,lambdaUE,loss_thresh,mean_rate,threshold rate
25,500,80.0000000000000000,212357953.0745219290256500,311277450.7766671180725098
