lambdaBS,lambdaUE,loss_thresh,mean_rate,threshold rate
25,250,10.0000000000000000,301099301.9467942714691162,198953801.3057016134262085
