lambdaBS,lambdaUE,loss_thresh,mean_rate,threshold rate
25,250,20.0000000000000000,259160227.4407435357570648,178167039.4329417943954468
