lambdaBS,lambdaUE,loss_thresh,mean_rate,threshold rate
25,2000,90.0000000000000000,69066483.3061653822660446,105407847.3617352098226547
