lambdaBS,lambdaUE,loss_thresh,mean_rate,threshold rate
25,750,70.0000000000000000,131212270.4838777333498001,118036044.5968476831912994
