lambdaBS,lambdaUE,loss_thresh,mean_rate,threshold rate
25,1000,30.0000000000000036,118976417.3674478977918625,70199867.8932435661554337
