lambdaBS,lambdaUE,loss_thresh,mean_rate,threshold rate
25,500,10.0000000000000000,213536480.9752264916896820,116288123.5685361921787262
