lambdaBS,lambdaUE,loss_thresh,mean_rate,threshold rate
25,750,10.0000000000000000,162843666.1541970372200012,82951767.8628711104393005
