lambdaBS,lambdaUE,loss_thresh,mean_rate,threshold rate
25,1500,50.0000000000000000,88689550.8980881571769714,61467436.2731842622160912
