lambdaBS,lambdaUE,loss_thresh,mean_rate,threshold rate
25,1000,90.0000000000000000,104522928.6809184551239014,251631952.9916026294231415
