lambdaBS,lambdaUE,loss_thresh,mean_rate,threshold rate
25,1500,10.0000000000000000,93781553.4857155680656433,45064300.4978696256875992
