lambdaBS,lambdaUE,loss_thresh,mean_rate,threshold rate
25,1500,80.0000000000000000,69316872.9499998241662979,64906242.0172527208924294
