lambdaBS,lambdaUE,loss_thresh,mean_rate,threshold rate
25,1500,30.0000000000000036,78767711.9996387362480164,48087555.7941901385784149
