lambdaBS,lambdaUE,loss_thresh,mean_rate,threshold rate
25,750,80.0000000000000000,125554415.0458351373672485,148034243.4040302336215973
