lambdaBS,lambdaUE,loss_thresh,mean_rate,threshold rate
25,750,20.0000000000000000,140012112.6677200198173523,78508673.5976500213146210
