lambdaBS,lambdaUE,loss_thresh,mean_rate,threshold rate
25,750,0.0000000000000000,139222004.5197342634201050,53004547.3613331913948059
