lambdaBS,lambdaUE,loss_thresh,mean_rate,threshold rate
25,1000,0.0000000000000000,103538602.1898398250341415,45688641.0102779567241669
