lambdaBS,lambdaUE,loss_thresh,mean_rate,threshold rate
25,500,90.0000000000000000,173955911.9568229019641876,352666076.7476030588150024
