lambdaBS,lambdaUE,loss_thresh,mean_rate,threshold rate
25,500,50.0000000000000000,233026430.3156396448612213,200872909.0619379281997681
