lambdaBS,lambdaUE,loss_thresh,mean_rate,threshold rate
25,750,20.0000000000000000,134883436.5794526040554047,78976987.0240436196327209
