lambdaBS,lambdaUE,loss_thresh,mean_rate,threshold rate
25,1500,40.0000000000000000,86833242.0973747521638870,54224061.8699598312377930
