lambdaBS,lambdaUE,loss_thresh,mean_rate,threshold rate
25,500,40.0000000000000000,230025780.0667336583137512,183966840.2562398612499237
