lambdaBS,lambdaUE,loss_thresh,mean_rate,threshold rate
25,2000,100.0000000000000000,42548737.1037807762622833,399817107.6595755815505981
