lambdaBS,lambdaUE,loss_thresh,mean_rate,threshold rate
25,500,80.0000000000000000,233428498.1046710014343262,333497259.6140355467796326
