lambdaBS,lambdaUE,loss_thresh,mean_rate,threshold rate
25,1000,90.0000000000000000,127055864.7069120705127716,298194169.2944269776344299
