lambdaBS,lambdaUE,loss_thresh,mean_rate,threshold rate
25,250,90.0000000000000000,290745828.2018916010856628,387909769.7520256042480469
