lambdaBS,lambdaUE,loss_thresh,mean_rate,threshold rate
25,250,60.0000000000000000,291223714.7254930138587952,320561396.7702903747558594
