lambdaBS,lambdaUE,loss_thresh,mean_rate,threshold rate
25,750,10.0000000000000000,149686850.3862207829952240,80441754.8821174353361130
