lambdaBS,lambdaUE,loss_thresh,mean_rate,threshold rate
25,500,100.0000000000000000,190056779.5299750566482544,399851357.4042848944664001
