lambdaBS,lambdaUE,loss_thresh,mean_rate,threshold rate
25,250,90.0000000000000000,243289676.8362236320972443,373889755.7131702899932861
