lambdaBS,lambdaUE,loss_thresh,mean_rate,threshold rate
25,250,70.0000000000000000,244477306.9735323190689087,306881945.7793496847152710
