lambdaBS,lambdaUE,loss_thresh,mean_rate,threshold rate
25,1500,10.0000000000000000,54734545.1460508033633232,29001572.2047440186142921
