lambdaBS,lambdaUE,loss_thresh,mean_rate,threshold rate
25,500,0.0000000000000000,162556468.4388157427310944,71948793.8338234275579453
