lambdaBS,lambdaUE,loss_thresh,mean_rate,threshold rate
25,250,40.0000000000000000,291223714.7254930138587952,277991922.7453174591064453
