lambdaBS,lambdaUE,loss_thresh,mean_rate,threshold rate
25,1500,20.0000000000000000,99561452.4301052689552307,56641105.9220926612615585
