lambdaBS,lambdaUE,loss_thresh,mean_rate,threshold rate
25,250,70.0000000000000000,296176002.5036040544509888,352050320.3118970394134521
