lambdaBS,lambdaUE,loss_thresh,mean_rate,threshold rate
25,1000,70.0000000000000000,161306447.1557166278362274,175952636.0602964758872986
