lambdaBS,lambdaUE,loss_thresh,mean_rate,threshold rate
25,500,90.0000000000000000,218763509.6631558239459991,368350176.0983782410621643
