lambdaBS,lambdaUE,loss_thresh,mean_rate,threshold rate
25,1500,20.0000000000000000,123737141.4477924108505249,66766960.6520020663738251
