lambdaBS,lambdaUE,loss_thresh,mean_rate,threshold rate
25,1000,100.0000000000000000,108800702.6403066813945770,399456626.9237644672393799
