lambdaBS,lambdaUE,loss_thresh,mean_rate,threshold rate
25,2000,40.0000000000000000,37401754.1048015952110291,25870976.1721226312220097
