lambdaBS,lambdaUE,loss_thresh,mean_rate,threshold rate
25,500,90.0000000000000000,204222263.0539392828941345,379429256.9828338623046875
