lambdaBS,lambdaUE,loss_thresh,mean_rate,threshold rate
25,500,50.0000000000000000,160825113.1049457192420959,122150753.0574715882539749
