lambdaBS,lambdaUE,loss_thresh,mean_rate,threshold rate
25,250,50.0000000000000000,286342088.0961239933967590,276450005.0215560197830200
