lambdaBS,lambdaUE,loss_thresh,mean_rate,threshold rate
25,750,50.0000000000000000,153189547.8606058657169342,110869380.0646156966686249
