lambdaBS,lambdaUE,loss_thresh,mean_rate,threshold rate
25,1500,90.0000000000000000,77866211.4340708404779434,142240712.2934510707855225
