lambdaBS,lambdaUE,loss_thresh,mean_rate,threshold rate
25,1500,20.0000000000000000,67301508.1838892549276352,38386659.0684708058834076
