lambdaBS,lambdaUE,loss_thresh,mean_rate,threshold rate
25,1500,20.0000000000000000,80811130.3796265274286270,46275980.6669221743941307
