lambdaBS,lambdaUE,loss_thresh,mean_rate,threshold rate
25,250,30.0000000000000036,257485536.9079914987087250,185049511.5202449858188629
