lambdaBS,lambdaUE,loss_thresh,mean_rate,threshold rate
25,2000,70.0000000000000000,56090337.9564635455608368,42365059.4751924276351929
