lambdaBS,lambdaUE,loss_thresh,mean_rate,threshold rate
25,1500,40.0000000000000000,59178293.3649869337677956,40444234.2381710112094879
