lambdaBS,lambdaUE,loss_thresh,mean_rate,threshold rate
25,750,30.0000000000000036,154007311.5975665748119354,98284443.5330012291669846
