lambdaBS,lambdaUE,loss_thresh,mean_rate,threshold rate
25,500,10.0000000000000000,206140722.6378326416015625,108933516.8542300909757614
