lambdaBS,lambdaUE,loss_thresh,mean_rate,threshold rate
25,1500,90.0000000000000000,85984994.8517355918884277,157524229.0981425642967224
