lambdaBS,lambdaUE,loss_thresh,mean_rate,threshold rate
25,1500,80.0000000000000000,74258144.6002072542905807,70704349.6290521621704102
