lambdaBS,lambdaUE,loss_thresh,mean_rate,threshold rate
25,750,20.0000000000000000,136120457.0908496379852295,78846306.2804470360279083
