lambdaBS,lambdaUE,loss_thresh,mean_rate,threshold rate
25,500,100.0000000000000000,195590553.7730862498283386,399895785.0863470435142517
