lambdaBS,lambdaUE,loss_thresh,mean_rate,threshold rate
25,750,30.0000000000000036,139200367.9064988195896149,83875722.5456149578094482
