lambdaBS,lambdaUE,loss_thresh,mean_rate,threshold rate
25,250,50.0000000000000000,262920882.4668350815773010,274255301.9286410212516785
