lambdaBS,lambdaUE,loss_thresh,mean_rate,threshold rate
25,1000,40.0000000000000000,104642690.8279273360967636,67928525.1435176879167557
