lambdaBS,lambdaUE,loss_thresh,mean_rate,threshold rate
25,1500,60.0000000000000000,116063919.8313247710466385,85652601.6522183120250702
