lambdaBS,lambdaUE,loss_thresh,mean_rate,threshold rate
25,750,100.0000000000000000,181737928.9022804796695709,399818535.7066779732704163
