lambdaBS,lambdaUE,loss_thresh,mean_rate,threshold rate
25,750,10.0000000000000000,177295295.2033334374427795,98701292.9671817421913147
