lambdaBS,lambdaUE,loss_thresh,mean_rate,threshold rate
25,500,10.0000000000000000,169310545.8454463481903076,95772165.0283225774765015
