lambdaBS,lambdaUE,loss_thresh,mean_rate,threshold rate
25,500,30.0000000000000036,249273413.3952049016952515,182487744.3045405149459839
