lambdaBS,lambdaUE,loss_thresh,mean_rate,threshold rate
25,2000,60.0000000000000000,53388665.3878123611211777,40575825.5162881910800934
