lambdaBS,lambdaUE,loss_thresh,mean_rate,threshold rate
25,1500,70.0000000000000000,69105429.3689134865999222,53448723.0154343843460083
