lambdaBS,lambdaUE,loss_thresh,mean_rate,threshold rate
25,2000,80.0000000000000000,70171556.1003137230873108,65329784.3431730568408966
