lambdaBS,lambdaUE,loss_thresh,mean_rate,threshold rate
25,2000,90.0000000000000000,63383674.5002592131495476,86203954.8255828469991684
