lambdaBS,lambdaUE,loss_thresh,mean_rate,threshold rate
25,1500,30.0000000000000036,67382523.1430252790451050,43099996.1048994511365891
