lambdaBS,lambdaUE,loss_thresh,mean_rate,threshold rate
25,1000,90.0000000000000000,109758924.9450438916683197,195876107.1248016357421875
