lambdaBS,lambdaUE,loss_thresh,mean_rate,threshold rate
25,250,90.0000000000000000,293959182.2258570790290833,388687462.3869925737380981
