lambdaBS,lambdaUE,loss_thresh,mean_rate,threshold rate
25,1500,30.0000000000000036,74503587.4433700144290924,49118922.3574440330266953
