lambdaBS,lambdaUE,loss_thresh,mean_rate,threshold rate
25,1000,50.0000000000000000,128848945.6923470497131348,94734067.0799794495105743
