lambdaBS,lambdaUE,loss_thresh,mean_rate,threshold rate
25,2000,40.0000000000000000,42136691.0408588349819183,26955095.4995468296110630
