lambdaBS,lambdaUE,loss_thresh,mean_rate,threshold rate
25,750,60.0000000000000000,161877426.1697733700275421,136836550.0904583036899567
