lambdaBS,lambdaUE,loss_thresh,mean_rate,threshold rate
25,1500,0.0000000000000000,89684275.0049919188022614,38382729.8765262439846992
