lambdaBS,lambdaUE,loss_thresh,mean_rate,threshold rate
25,1000,80.0000000000000000,113635323.4658593386411667,142686963.0923121273517609
