lambdaBS,lambdaUE,loss_thresh,mean_rate,threshold rate
25,2000,0.0000000000000000,73749756.5873665809631348,23341933.7602418474853039
