lambdaBS,lambdaUE,loss_thresh,mean_rate,threshold rate
25,750,40.0000000000000000,162533246.0643578171730042,114139151.5233813822269440
