lambdaBS,lambdaUE,loss_thresh,mean_rate,threshold rate
25,1500,10.0000000000000000,67301508.1838892549276352,35087553.4095015227794647
