lambdaBS,lambdaUE,loss_thresh,mean_rate,threshold rate
25,1500,70.0000000000000000,57741331.5915692150592804,45762184.0108624324202538
