lambdaBS,lambdaUE,loss_thresh,mean_rate,threshold rate
25,500,10.0000000000000000,193741417.5633775889873505,105482797.6772594153881073
