lambdaBS,lambdaUE,loss_thresh,mean_rate,threshold rate
25,500,30.0000000000000036,188963905.2443248331546783,121870144.8804320991039276
