lambdaBS,lambdaUE,loss_thresh,mean_rate,threshold rate
25,500,10.0000000000000000,195674695.3438490331172943,102278903.3661178946495056
