lambdaBS,lambdaUE,loss_thresh,mean_rate,threshold rate
25,500,10.0000000000000000,203098585.1772979795932770,103945083.7749419510364532
