lambdaBS,lambdaUE,loss_thresh,mean_rate,threshold rate
25,1500,30.0000000000000036,73502658.1937979161739349,44943549.9193667173385620
