lambdaBS,lambdaUE,loss_thresh,mean_rate,threshold rate
25,250,100.0000000000000000,293959182.2258570790290833,399829633.3821809887886047
