lambdaBS,lambdaUE,loss_thresh,mean_rate,threshold rate
25,2000,70.0000000000000000,54334385.4918935149908066,41731542.9370930641889572
