lambdaBS,lambdaUE,loss_thresh,mean_rate,threshold rate
25,1000,100.0000000000000000,118385896.2690688818693161,399884726.3667463064193726
