lambdaBS,lambdaUE,loss_thresh,mean_rate,threshold rate
25,250,40.0000000000000000,259160227.4407435357570648,220341683.2373007237911224
