lambdaBS,lambdaUE,loss_thresh,mean_rate,threshold rate
25,2000,50.0000000000000000,42548737.1037807762622833,29033979.2861981242895126
