lambdaBS,lambdaUE,loss_thresh,mean_rate,threshold rate
25,2000,100.0000000000000000,55620506.0765084773302078,399237859.5959562659263611
