lambdaBS,lambdaUE,loss_thresh,mean_rate,threshold rate
25,2000,50.0000000000000000,68132408.6019668430089951,46701117.7848172783851624
