lambdaBS,lambdaUE,loss_thresh,mean_rate,threshold rate
25,1500,30.0000000000000036,69316872.9499998241662979,43908583.7819983661174774
