lambdaBS,lambdaUE,loss_thresh,mean_rate,threshold rate
25,2000,10.0000000000000000,86273476.0627824366092682,42555371.4103185087442398
