lambdaBS,lambdaUE,loss_thresh,mean_rate,threshold rate
25,750,10.0000000000000000,196806957.2354021370410919,102956154.2226157486438751
