lambdaBS,lambdaUE,loss_thresh,mean_rate,threshold rate
25,2000,60.0000000000000000,55476733.6250363066792488,41195124.1583135053515434
