lambdaBS,lambdaUE,loss_thresh,mean_rate,threshold rate
25,1000,100.0000000000000000,126346968.7536365389823914,399713474.2629938125610352
