lambdaBS,lambdaUE,loss_thresh,mean_rate,threshold rate
25,1000,100.0000000000000000,111737141.4455456435680389,399811604.1454057097434998
