lambdaBS,lambdaUE,loss_thresh,mean_rate,threshold rate
25,1500,60.0000000000000000,66848330.8482517153024673,52434028.6373899579048157
