lambdaBS,lambdaUE,loss_thresh,mean_rate,threshold rate
25,750,80.0000000000000000,139222004.5197342634201050,182355494.4099771082401276
