lambdaBS,lambdaUE,loss_thresh,mean_rate,threshold rate
25,1500,90.0000000000000000,90678836.6046885997056961,190163613.4732357263565063
