lambdaBS,lambdaUE,loss_thresh,mean_rate,threshold rate
25,1000,90.0000000000000000,91361207.9844168722629547,196139008.0842051506042480
