lambdaBS,lambdaUE,loss_thresh,mean_rate,threshold rate
25,500,80.0000000000000000,157236492.7287157773971558,238209754.1465112864971161
