lambdaBS,lambdaUE,loss_thresh,mean_rate,threshold rate
25,1000,60.0000000000000000,126346968.7536365389823914,101183075.9776864796876907
