lambdaBS,lambdaUE,loss_thresh,mean_rate,threshold rate
25,1000,70.0000000000000000,104642690.8279273360967636,84427473.5030493736267090
