lambdaBS,lambdaUE,loss_thresh,mean_rate,threshold rate
25,2000,20.0000000000000000,93373758.2512785494327545,51499660.7482205927371979
