lambdaBS,lambdaUE,loss_thresh,mean_rate,threshold rate
25,500,20.0000000000000000,217938411.1568375527858734,144392412.4249070882797241
