lambdaBS,lambdaUE,loss_thresh,mean_rate,threshold rate
25,1000,10.0000000000000000,166101768.3984597921371460,83695142.8115673065185547
