lambdaBS,lambdaUE,loss_thresh,mean_rate,threshold rate
25,250,0.0000000000000000,291621054.1188374757766724,134562050.7433969378471375
