lambdaBS,lambdaUE,loss_thresh,mean_rate,threshold rate
25,2000,50.0000000000000000,59873746.6564631015062332,41404939.8089253455400467
