lambdaBS,lambdaUE,loss_thresh,mean_rate,threshold rate
25,1000,10.0000000000000000,109389751.6823235005140305,58476093.6331477984786034
