lambdaBS,lambdaUE,loss_thresh,mean_rate,threshold rate
25,2000,30.0000000000000036,58001672.2311887219548225,38103360.4724589288234711
