lambdaBS,lambdaUE,loss_thresh,mean_rate,threshold rate
25,2000,90.0000000000000000,60864390.6409080401062965,96084320.7444503903388977
