lambdaBS,lambdaUE,loss_thresh,mean_rate,threshold rate
25,250,40.0000000000000000,274179328.1097429394721985,231887077.2056635320186615
