lambdaBS,lambdaUE,loss_thresh,mean_rate,threshold rate
25,2000,70.0000000000000000,47970043.1779759377241135,38329745.4858460873365402
