lambdaBS,lambdaUE,loss_thresh,mean_rate,threshold rate
25,2000,30.0000000000000036,56090337.9564635455608368,35373908.6048588454723358
