lambdaBS,lambdaUE,loss_thresh,mean_rate,threshold rate
25,500,10.0000000000000000,233014539.2559989094734192,131398224.6267335712909698
