lambdaBS,lambdaUE,loss_thresh,mean_rate,threshold rate
25,1000,50.0000000000000000,131040853.7542281001806259,91764385.5470104068517685
