lambdaBS,lambdaUE,loss_thresh,mean_rate,threshold rate
25,750,60.0000000000000000,146719048.2203429341316223,120933624.4245624989271164
