lambdaBS,lambdaUE,loss_thresh,mean_rate,threshold rate
25,750,40.0000000000000000,125769516.1215940266847610,81255464.8027406632900238
