lambdaBS,lambdaUE,loss_thresh,mean_rate,threshold rate
25,2000,10.0000000000000000,81930753.8390030562877655,43367270.5448012724518776
