lambdaBS,lambdaUE,loss_thresh,mean_rate,threshold rate
25,750,0.0000000000000000,193603912.5965301394462585,67365237.7409887313842773
