lambdaBS,lambdaUE,loss_thresh,mean_rate,threshold rate
25,1500,30.0000000000000036,74383799.8107198923826218,46519466.0502704083919525
