lambdaBS,lambdaUE,loss_thresh,mean_rate,threshold rate
25,1000,80.0000000000000000,127055864.7069120705127716,162081798.1536907255649567
