lambdaBS,lambdaUE,loss_thresh,mean_rate,threshold rate
25,250,70.0000000000000000,278905271.0019903182983398,352318334.4319238662719727
