lambdaBS,lambdaUE,loss_thresh,mean_rate,threshold rate
25,1000,40.0000000000000000,98914069.4826032370328903,63444489.3214466571807861
