lambdaBS,lambdaUE,loss_thresh,mean_rate,threshold rate
25,2000,20.0000000000000000,48414339.5269311964511871,29237364.9051267132163048
