lambdaBS,lambdaUE,loss_thresh,mean_rate,threshold rate
25,2000,80.0000000000000000,70382396.8436682522296906,62720569.4303547963500023
