lambdaBS,lambdaUE,loss_thresh,mean_rate,threshold rate
25,250,30.0000000000000036,265872923.2297193408012390,190179488.1039435863494873
