lambdaBS,lambdaUE,loss_thresh,mean_rate,threshold rate
25,1000,100.0000000000000000,135493580.3021383881568909,399637319.1146382093429565
