lambdaBS,lambdaUE,loss_thresh,mean_rate,threshold rate
25,1500,50.0000000000000000,84232475.3530925065279007,57925800.8626516014337540
