lambdaBS,lambdaUE,loss_thresh,mean_rate,threshold rate
25,2000,80.0000000000000000,58702984.6762075275182724,51725748.5706102401018143
