lambdaBS,lambdaUE,loss_thresh,mean_rate,threshold rate
25,250,80.0000000000000000,312305433.1622051000595093,388383435.5442657470703125
