lambdaBS,lambdaUE,loss_thresh,mean_rate,threshold rate
25,750,40.0000000000000000,136120457.0908496379852295,88486091.4784094095230103
