lambdaBS,lambdaUE,loss_thresh,mean_rate,threshold rate
25,1500,50.0000000000000000,74258144.6002072542905807,51937265.5387724637985229
