lambdaBS,lambdaUE,loss_thresh,mean_rate,threshold rate
25,250,50.0000000000000000,239273032.7303931117057800,205800094.9001641273498535
