lambdaBS,lambdaUE,loss_thresh,mean_rate,threshold rate
25,250,80.0000000000000000,290745828.2018916010856628,366762500.7607353925704956
