lambdaBS,lambdaUE,loss_thresh,mean_rate,threshold rate
25,750,30.0000000000000036,168247112.2229948341846466,111320369.1869317293167114
