lambdaBS,lambdaUE,loss_thresh,mean_rate,threshold rate
25,750,60.0000000000000000,142905587.7171257734298706,111491474.1615750193595886
