lambdaBS,lambdaUE,loss_thresh,mean_rate,threshold rate
25,750,60.0000000000000000,137935430.2246192991733551,108763240.1722161769866943
