lambdaBS,lambdaUE,loss_thresh,mean_rate,threshold rate
25,750,50.0000000000000000,121307268.2176762819290161,84817191.2477900385856628
