lambdaBS,lambdaUE,loss_thresh,mean_rate,threshold rate
25,500,20.0000000000000000,233026430.3156396448612213,143003826.5984100103378296
