lambdaBS,lambdaUE,loss_thresh,mean_rate,threshold rate
25,1500,40.0000000000000000,72028693.9188253432512283,46658160.2932581603527069
