lambdaBS,lambdaUE,loss_thresh,mean_rate,threshold rate
25,250,60.0000000000000000,301543110.8811925649642944,337728678.5968043208122253
