lambdaBS,lambdaUE,loss_thresh,mean_rate,threshold rate
25,1500,0.0000000000000000,116063919.8313247710466385,44556801.0876122713088989
