lambdaBS,lambdaUE,loss_thresh,mean_rate,threshold rate
25,1000,70.0000000000000000,101906946.0104690641164780,87191831.5086591243743896
