lambdaBS,lambdaUE,loss_thresh,mean_rate,threshold rate
25,250,20.0000000000000000,243289676.8362236320972443,146309781.9613395929336548
