lambdaBS,lambdaUE,loss_thresh,mean_rate,threshold rate
25,750,90.0000000000000000,163527801.9001040458679199,327565007.5912189483642578
