lambdaBS,lambdaUE,loss_thresh,mean_rate,threshold rate
25,1000,20.0000000000000000,135493580.3021383881568909,75933538.1873417496681213
