lambdaBS,lambdaUE,loss_thresh,mean_rate,threshold rate
25,750,20.0000000000000000,107188527.8131493777036667,64953930.1427863836288452
