lambdaBS,lambdaUE,loss_thresh,mean_rate,threshold rate
25,250,100.0000000000000000,244477306.9735323190689087,399894539.8376815915107727
