lambdaBS,lambdaUE,loss_thresh,mean_rate,threshold rate
25,1000,10.0000000000000000,67855215.6360788047313690,37083441.4733780473470688
