lambdaBS,lambdaUE,loss_thresh,mean_rate,threshold rate
25,500,10.0000000000000000,161868819.2519365251064301,94145382.1094440817832947
