lambdaBS,lambdaUE,loss_thresh,mean_rate,threshold rate
25,750,10.0000000000000000,110108441.9236152470111847,60613251.2786906659603119
