lambdaBS,lambdaUE,loss_thresh,mean_rate,threshold rate
25,500,10.0000000000000000,195128016.4363408982753754,105553962.7585003972053528
