lambdaBS,lambdaUE,loss_thresh,mean_rate,threshold rate
25,1000,60.0000000000000000,97667317.5592616945505142,73160115.5284058153629303
