lambdaBS,lambdaUE,loss_thresh,mean_rate,threshold rate
25,750,30.0000000000000036,149686850.3862207829952240,93528503.2754680216312408
