lambdaBS,lambdaUE,loss_thresh,mean_rate,threshold rate
25,500,60.0000000000000000,195674695.3438490331172943,189891740.6995501518249512
