lambdaBS,lambdaUE,loss_thresh,mean_rate,threshold rate
25,500,10.0000000000000000,229952935.4116376638412476,127130169.0219400972127914
