lambdaBS,lambdaUE,loss_thresh,mean_rate,threshold rate
25,2000,80.0000000000000000,40927057.5321334451436996,34597929.9137956053018570
