lambdaBS,lambdaUE,loss_thresh,mean_rate,threshold rate
25,250,100.0000000000000000,297139300.5895200967788696,399871788.1887342929840088
