lambdaBS,lambdaUE,loss_thresh,mean_rate,threshold rate
25,1000,0.0000000000000000,103278447.3806568831205368,40634674.8536297902464867
