lambdaBS,lambdaUE,loss_thresh,mean_rate,threshold rate
25,1000,20.0000000000000000,120799011.2299765646457672,72190837.2023441493511200
