lambdaBS,lambdaUE,loss_thresh,mean_rate,threshold rate
25,1000,60.0000000000000000,93646997.9121973067522049,71323719.3830429315567017
