lambdaBS,lambdaUE,loss_thresh,mean_rate,threshold rate
25,250,20.0000000000000000,271810300.9025349020957947,199340857.2621212005615234
