lambdaBS,lambdaUE,loss_thresh,mean_rate,threshold rate
25,750,90.0000000000000000,153203903.3199640512466431,327267389.4342169165611267
