lambdaBS,lambdaUE,loss_thresh,mean_rate,threshold rate
25,250,40.0000000000000000,262536866.9099802970886230,213373632.3926361799240112
