lambdaBS,lambdaUE,loss_thresh,mean_rate,threshold rate
25,250,40.0000000000000000,283125772.5286636352539062,254915583.4353828430175781
