lambdaBS,lambdaUE,loss_thresh,mean_rate,threshold rate
25,1500,60.0000000000000000,69890980.5809751451015472,49729425.9227573052048683
