lambdaBS,lambdaUE,loss_thresh,mean_rate,threshold rate
25,1500,60.0000000000000000,78855078.5031198710203171,57595241.3461760357022285
