lambdaBS,lambdaUE,loss_thresh,mean_rate,threshold rate
25,250,100.0000000000000000,278905271.0019903182983398,399877294.7330792546272278
