lambdaBS,lambdaUE,loss_thresh,mean_rate,threshold rate
25,500,70.0000000000000000,213716266.6943967640399933,257448764.4694595932960510
