lambdaBS,lambdaUE,loss_thresh,mean_rate,threshold rate
25,1500,50.0000000000000000,89684275.0049919188022614,63247006.2281140834093094
