lambdaBS,lambdaUE,loss_thresh,mean_rate,threshold rate
25,1500,40.0000000000000000,88689550.8980881571769714,58415322.2749109268188477
