lambdaBS,lambdaUE,loss_thresh,mean_rate,threshold rate
25,500,70.0000000000000000,203932088.5897113084793091,253276388.6054519712924957
