lambdaBS,lambdaUE,loss_thresh,mean_rate,threshold rate
25,1500,90.0000000000000000,75862600.6932693123817444,123601148.3014560788869858
