lambdaBS,lambdaUE,loss_thresh,mean_rate,threshold rate
25,1000,0.0000000000000000,182141719.9945314526557922,72927993.2587540745735168
