lambdaBS,lambdaUE,loss_thresh,mean_rate,threshold rate
25,500,30.0000000000000036,161167452.5843535661697388,101068958.0052592754364014
