lambdaBS,lambdaUE,loss_thresh,mean_rate,threshold rate
25,500,60.0000000000000000,213536480.9752264916896820,206389711.0762360692024231
