lambdaBS,lambdaUE,loss_thresh,mean_rate,threshold rate
25,1500,100.0000000000000000,60403773.3580315560102463,399953886.1586059331893921
