lambdaBS,lambdaUE,loss_thresh,mean_rate,threshold rate
25,750,80.0000000000000000,134883436.5794526040554047,173204369.7008510828018188
