lambdaBS,lambdaUE,loss_thresh,mean_rate,threshold rate
25,1000,100.0000000000000000,108372620.3200024515390396,399555947.6511821150779724
