lambdaBS,lambdaUE,loss_thresh,mean_rate,threshold rate
25,2000,90.0000000000000000,81930753.8390030562877655,147413933.3426733613014221
