lambdaBS,lambdaUE,loss_thresh,mean_rate,threshold rate
25,750,10.0000000000000000,122942346.4639396220445633,69064386.7710959464311600
