lambdaBS,lambdaUE,loss_thresh,mean_rate,threshold rate
25,1000,50.0000000000000000,167392508.0464700758457184,124631186.9451594501733780
