lambdaBS,lambdaUE,loss_thresh,mean_rate,threshold rate
25,1000,0.0000000000000000,106537997.8191786259412766,41884707.8030537217855453
