lambdaBS,lambdaUE,loss_thresh,mean_rate,threshold rate
25,1000,60.0000000000000000,113635323.4658593386411667,83088766.1623090058565140
