lambdaBS,lambdaUE,loss_thresh,mean_rate,threshold rate
25,1500,40.0000000000000000,73829411.0891317129135132,45103885.8426237627863884
