lambdaBS,lambdaUE,loss_thresh,mean_rate,threshold rate
25,500,100.0000000000000000,191493673.9017001688480377,399827723.0016112327575684
