lambdaBS,lambdaUE,loss_thresh,mean_rate,threshold rate
25,500,40.0000000000000000,221825162.0981989204883575,165403503.4289788901805878
