lambdaBS,lambdaUE,loss_thresh,mean_rate,threshold rate
25,2000,100.0000000000000000,55476733.6250363066792488,399924517.0264168977737427
