lambdaBS,lambdaUE,loss_thresh,mean_rate,threshold rate
25,500,60.0000000000000000,164293939.4603703320026398,141081680.7279043793678284
