lambdaBS,lambdaUE,loss_thresh,mean_rate,threshold rate
25,250,10.0000000000000000,257485536.9079914987087250,149438783.9026679098606110
