lambdaBS,lambdaUE,loss_thresh,mean_rate,threshold rate
25,1000,100.0000000000000000,129711416.1369701772928238,399832924.2503744959831238
