lambdaBS,lambdaUE,loss_thresh,mean_rate,threshold rate
25,1500,70.0000000000000000,77123393.8701012432575226,62521141.3244989141821861
