lambdaBS,lambdaUE,loss_thresh,mean_rate,threshold rate
25,500,50.0000000000000000,169766361.8417476415634155,134375406.5428631007671356
