lambdaBS,lambdaUE,loss_thresh,mean_rate,threshold rate
25,250,80.0000000000000000,277455822.2756936550140381,374249501.7585999965667725
