lambdaBS,lambdaUE,loss_thresh,mean_rate,threshold rate
25,2000,80.0000000000000000,62500224.8074901923537254,54194670.8950616568326950
