lambdaBS,lambdaUE,loss_thresh,mean_rate,threshold rate
25,250,0.0000000000000000,291223714.7254930138587952,128734062.8124789297580719
