lambdaBS,lambdaUE,loss_thresh,mean_rate,threshold rate
25,750,10.0000000000000000,137935430.2246192991733551,71790253.7576135098934174
