lambdaBS,lambdaUE,loss_thresh,mean_rate,threshold rate
25,1000,80.0000000000000000,137694754.5414112210273743,184059597.1197519302368164
