lambdaBS,lambdaUE,loss_thresh,mean_rate,threshold rate
25,250,100.0000000000000000,242677647.4639374315738678,399688757.8749328851699829
