lambdaBS,lambdaUE,loss_thresh,mean_rate,threshold rate
25,500,50.0000000000000000,214401319.7525389492511749,186756774.9656628370285034
