lambdaBS,lambdaUE,loss_thresh,mean_rate,threshold rate
25,1500,80.0000000000000000,78590688.9124905318021774,78205708.0114829242229462
