lambdaBS,lambdaUE,loss_thresh,mean_rate,threshold rate
25,250,10.0000000000000000,288235448.7020944952964783,171748440.6893297135829926
