lambdaBS,lambdaUE,loss_thresh,mean_rate,threshold rate
25,1000,90.0000000000000000,114102832.8003760874271393,256180371.1344047188758850
