lambdaBS,lambdaUE,loss_thresh,mean_rate,threshold rate
25,500,40.0000000000000000,188963905.2443248331546783,133967706.1174519658088684
