lambdaBS,lambdaUE,loss_thresh,mean_rate,threshold rate
25,500,50.0000000000000000,170347966.1752496361732483,123373120.2224620878696442
