lambdaBS,lambdaUE,loss_thresh,mean_rate,threshold rate
25,750,0.0000000000000000,171167393.7804499864578247,67704198.9031201452016830
