lambdaBS,lambdaUE,loss_thresh,mean_rate,threshold rate
25,500,50.0000000000000000,213971273.7266663908958435,187785558.4637773334980011
