lambdaBS,lambdaUE,loss_thresh,mean_rate,threshold rate
25,750,30.0000000000000036,96746134.5355876386165619,56347771.0473104044795036
