lambdaBS,lambdaUE,loss_thresh,mean_rate,threshold rate
25,1000,80.0000000000000000,80646573.2939335107803345,71975023.0053143501281738
