lambdaBS,lambdaUE,loss_thresh,mean_rate,threshold rate
25,250,10.0000000000000000,315248652.3834155797958374,222478053.7579595744609833
