lambdaBS,lambdaUE,loss_thresh,mean_rate,threshold rate
25,2000,80.0000000000000000,86273476.0627824366092682,90845559.5552930831909180
