lambdaBS,lambdaUE,loss_thresh,mean_rate,threshold rate
25,750,30.0000000000000036,110067459.3325697183609009,70782006.0017164200544357
