lambdaBS,lambdaUE,loss_thresh,mean_rate,threshold rate
25,1000,30.0000000000000036,103538602.1898398250341415,63290267.6831623539328575
