lambdaBS,lambdaUE,loss_thresh,mean_rate,threshold rate
25,1500,90.0000000000000000,80137926.8273003995418549,136331650.0102483630180359
