lambdaBS,lambdaUE,loss_thresh,mean_rate,threshold rate
25,2000,30.0000000000000036,54334385.4918935149908066,34780459.2144575715065002
