lambdaBS,lambdaUE,loss_thresh,mean_rate,threshold rate
25,500,30.0000000000000036,213716266.6943967640399933,146230730.5468904972076416
