lambdaBS,lambdaUE,loss_thresh,mean_rate,threshold rate
25,750,40.0000000000000000,145335754.2808541059494019,102344828.7067120671272278
