lambdaBS,lambdaUE,loss_thresh,mean_rate,threshold rate
25,1000,60.0000000000000000,100035443.1928832232952118,73200240.2148311436176300
