lambdaBS,lambdaUE,loss_thresh,mean_rate,threshold rate
25,1500,20.0000000000000000,87767591.7160757482051849,46513237.8453581333160400
