lambdaBS,lambdaUE,loss_thresh,mean_rate,threshold rate
25,1000,0.0000000000000000,109758924.9450438916683197,53132391.2938141375780106
