lambdaBS,lambdaUE,loss_thresh,mean_rate,threshold rate
25,2000,0.0000000000000000,64079944.1942034736275673,23351991.2028060145676136
