lambdaBS,lambdaUE,loss_thresh,mean_rate,threshold rate
25,750,90.0000000000000000,133653561.4949979335069656,246297481.2433599233627319
