lambdaBS,lambdaUE,loss_thresh,mean_rate,threshold rate
25,2000,10.0000000000000000,45882657.0967239961028099,26339843.2706668078899384
