lambdaBS,lambdaUE,loss_thresh,mean_rate,threshold rate
25,1000,10.0000000000000000,122439636.0881149470806122,64931335.2811963632702827
