lambdaBS,lambdaUE,loss_thresh,mean_rate,threshold rate
25,750,10.0000000000000000,116297878.6479243934154510,57827821.9862580150365829
