lambdaBS,lambdaUE,loss_thresh,mean_rate,threshold rate
25,2000,70.0000000000000000,66973922.5274242311716080,54457786.4009526818990707
