lambdaBS,lambdaUE,loss_thresh,mean_rate,threshold rate
25,1500,60.0000000000000000,73829411.0891317129135132,50561105.4476492628455162
