lambdaBS,lambdaUE,loss_thresh,mean_rate,threshold rate
25,1000,100.0000000000000000,128178526.0993956923484802,399916664.4902005791664124
