lambdaBS,lambdaUE,loss_thresh,mean_rate,threshold rate
25,750,30.0000000000000036,133653561.4949979335069656,86460469.8438718020915985
