lambdaBS,lambdaUE,loss_thresh,mean_rate,threshold rate
25,1500,80.0000000000000000,53112722.3691986650228500,45342115.2479636073112488
