lambdaBS,lambdaUE,loss_thresh,mean_rate,threshold rate
25,1500,0.0000000000000000,75112564.8432339876890182,29077651.0089300945401192
