lambdaBS,lambdaUE,loss_thresh,mean_rate,threshold rate
25,250,40.0000000000000000,297139300.5895200967788696,276411092.2363978028297424
