lambdaBS,lambdaUE,loss_thresh,mean_rate,threshold rate
25,250,50.0000000000000000,293378104.0259145498275757,286607891.4911917448043823
