lambdaBS,lambdaUE,loss_thresh,mean_rate,threshold rate
25,2000,70.0000000000000000,55620506.0765084773302078,44574191.7670148611068726
