lambdaBS,lambdaUE,loss_thresh,mean_rate,threshold rate
25,1000,100.0000000000000000,130299161.8032526373863220,399374351.5816204547882080
