lambdaBS,lambdaUE,loss_thresh,mean_rate,threshold rate
25,1500,100.0000000000000000,77123393.8701012432575226,399645460.5764359831809998
