lambdaBS,lambdaUE,loss_thresh,mean_rate,threshold rate
25,1000,100.0000000000000000,139020875.1377535760402679,399533584.8746525049209595
