lambdaBS,lambdaUE,loss_thresh,mean_rate,threshold rate
25,1500,40.0000000000000000,85984994.8517355918884277,58960917.2456564977765083
