lambdaBS,lambdaUE,loss_thresh,mean_rate,threshold rate
25,2000,0.0000000000000000,48806529.0751942172646523,18558640.6985114254057407
