lambdaBS,lambdaUE,loss_thresh,mean_rate,threshold rate
25,500,90.0000000000000000,217783064.0025576353073120,356995757.2448445558547974
