lambdaBS,lambdaUE,loss_thresh,mean_rate,threshold rate
25,500,100.0000000000000000,193904863.8447406589984894,399989231.6705310940742493
