lambdaBS,lambdaUE,loss_thresh,mean_rate,threshold rate
25,1500,90.0000000000000000,84232475.3530925065279007,161663953.4040636122226715
