lambdaBS,lambdaUE,loss_thresh,mean_rate,threshold rate
25,250,60.0000000000000000,277669285.1619676947593689,310797455.7957137227058411
