lambdaBS,lambdaUE,loss_thresh,mean_rate,threshold rate
25,750,90.0000000000000000,192398105.9804332554340363,358039453.0096176862716675
