lambdaBS,lambdaUE,loss_thresh,mean_rate,threshold rate
25,500,30.0000000000000036,245374647.5183960795402527,171482710.8803233504295349
