lambdaBS,lambdaUE,loss_thresh,mean_rate,threshold rate
25,2000,0.0000000000000000,75399467.1500550955533981,30513439.0656061172485352
