lambdaBS,lambdaUE,loss_thresh,mean_rate,threshold rate
25,2000,60.0000000000000000,65666872.3771683499217033,50262342.7701667100191116
