lambdaBS,lambdaUE,loss_thresh,mean_rate,threshold rate
25,1500,40.0000000000000000,115239469.7292174994945526,75479807.6024334430694580
