lambdaBS,lambdaUE,loss_thresh,mean_rate,threshold rate
25,500,40.0000000000000000,204957775.3462562561035156,151553049.2988506853580475
