lambdaBS,lambdaUE,loss_thresh,mean_rate,threshold rate
25,2000,40.0000000000000000,56974567.8599111586809158,38116803.9973442405462265
