lambdaBS,lambdaUE,loss_thresh,mean_rate,threshold rate
25,2000,50.0000000000000000,56784643.1083457469940186,40538618.3220828473567963
