lambdaBS,lambdaUE,loss_thresh,mean_rate,threshold rate
25,2000,80.0000000000000000,66007976.8784482181072235,66551692.6806616857647896
