lambdaBS,lambdaUE,loss_thresh,mean_rate,threshold rate
25,1500,0.0000000000000000,107689697.7194018512964249,38635046.8563531339168549
