lambdaBS,lambdaUE,loss_thresh,mean_rate,threshold rate
25,250,10.0000000000000000,304547412.2497818470001221,199906558.0023691654205322
