lambdaBS,lambdaUE,loss_thresh,mean_rate,threshold rate
25,1500,0.0000000000000000,57741331.5915692150592804,19797095.1569906026124954
