lambdaBS,lambdaUE,loss_thresh,mean_rate,threshold rate
25,750,80.0000000000000000,199707429.1686598360538483,315653480.7546400427818298
