lambdaBS,lambdaUE,loss_thresh,mean_rate,threshold rate
25,1500,100.0000000000000000,82714691.3774949908256531,399050111.9731951951980591
