lambdaBS,lambdaUE,loss_thresh,mean_rate,threshold rate
25,2000,20.0000000000000000,71748796.2210294604301453,39734309.3543331474065781
