lambdaBS,lambdaUE,loss_thresh,mean_rate,threshold rate
25,250,0.0000000000000000,296176002.5036040544509888,140960910.3922625482082367
