lambdaBS,lambdaUE,loss_thresh,mean_rate,threshold rate
25,500,30.0000000000000036,147184847.5805005431175232,90627900.4976931214332581
