lambdaBS,lambdaUE,loss_thresh,mean_rate,threshold rate
25,750,60.0000000000000000,121307268.2176762819290161,91612045.3251752555370331
