lambdaBS,lambdaUE,loss_thresh,mean_rate,threshold rate
25,250,30.0000000000000036,282705265.7705399990081787,237318674.5902853012084961
