lambdaBS,lambdaUE,loss_thresh,mean_rate,threshold rate
25,750,30.0000000000000036,148475166.3147248327732086,91191266.5278010070323944
