lambdaBS,lambdaUE,loss_thresh,mean_rate,threshold rate
25,1500,90.0000000000000000,58577805.9608336016535759,82900336.1015618741512299
