lambdaBS,lambdaUE,loss_thresh,mean_rate,threshold rate
25,2000,10.0000000000000000,97467207.1818301230669022,47706761.9458883851766586
