lambdaBS,lambdaUE,loss_thresh,mean_rate,threshold rate
25,1500,60.0000000000000000,86696647.1356132328510284,60541812.6540878936648369
