lambdaBS,lambdaUE,loss_thresh,mean_rate,threshold rate
25,500,70.0000000000000000,221349025.4847458004951477,259329574.3749539852142334
