lambdaBS,lambdaUE,loss_thresh,mean_rate,threshold rate
25,2000,40.0000000000000000,75399467.1500550955533981,49587071.1334059387445450
