lambdaBS,lambdaUE,loss_thresh,mean_rate,threshold rate
25,1000,60.0000000000000000,161306447.1557166278362274,141346429.6148062348365784
