lambdaBS,lambdaUE,loss_thresh,mean_rate,threshold rate
25,1500,30.0000000000000036,89100120.5524170547723770,49751702.3952924609184265
