lambdaBS,lambdaUE,loss_thresh,mean_rate,threshold rate
25,1500,70.0000000000000000,118317947.7809313684701920,112039390.2069288641214371
