lambdaBS,lambdaUE,loss_thresh,mean_rate,threshold rate
25,500,0.0000000000000000,204957775.3462562561035156,81178276.0460199713706970
