lambdaBS,lambdaUE,loss_thresh,mean_rate,threshold rate
25,750,40.0000000000000000,102847072.6652850359678268,67016835.2247233539819717
