lambdaBS,lambdaUE,loss_thresh,mean_rate,threshold rate
25,500,10.0000000000000000,214401319.7525389492511749,117942097.4910754263401031
