lambdaBS,lambdaUE,loss_thresh,mean_rate,threshold rate
25,1500,10.0000000000000000,88689550.8980881571769714,49173359.6033007651567459
