lambdaBS,lambdaUE,loss_thresh,mean_rate,threshold rate
25,1000,90.0000000000000000,159159871.0735320150852203,324981446.4716889262199402
