lambdaBS,lambdaUE,loss_thresh,mean_rate,threshold rate
25,2000,60.0000000000000000,62474752.9353357851505280,44292599.9574857056140900
