lambdaBS,lambdaUE,loss_thresh,mean_rate,threshold rate
25,250,20.0000000000000000,306394671.5027071237564087,242706007.4070256948471069
