lambdaBS,lambdaUE,loss_thresh,mean_rate,threshold rate
25,2000,70.0000000000000000,56148353.5995105504989624,46200562.0155469179153442
