lambdaBS,lambdaUE,loss_thresh,mean_rate,threshold rate
25,2000,100.0000000000000000,59873746.6564631015062332,399498136.9395197629928589
