lambdaBS,lambdaUE,loss_thresh,mean_rate,threshold rate
25,1500,90.0000000000000000,55944595.5965137854218483,73371170.4920322000980377
