lambdaBS,lambdaUE,loss_thresh,mean_rate,threshold rate
25,2000,90.0000000000000000,34017729.5774768292903900,30817942.1495397686958313
