lambdaBS,lambdaUE,loss_thresh,mean_rate,threshold rate
25,250,70.0000000000000000,264182215.2268611490726471,309219446.9954298734664917
