lambdaBS,lambdaUE,loss_thresh,mean_rate,threshold rate
25,750,70.0000000000000000,157017060.4377644658088684,157296877.1937190294265747
