lambdaBS,lambdaUE,loss_thresh,mean_rate,threshold rate
25,750,20.0000000000000000,168247112.2229948341846466,100513836.2194796204566956
