lambdaBS,lambdaUE,loss_thresh,mean_rate,threshold rate
25,500,20.0000000000000000,193741417.5633775889873505,114847355.4401877820491791
