lambdaBS,lambdaUE,loss_thresh,mean_rate,threshold rate
25,250,0.0000000000000000,304547412.2497818470001221,151969354.3090023994445801
