lambdaBS,lambdaUE,loss_thresh,mean_rate,threshold rate
25,750,40.0000000000000000,142905587.7171257734298706,92705962.0635897219181061
