lambdaBS,lambdaUE,loss_thresh,mean_rate,threshold rate
25,1000,20.0000000000000000,98717934.4678460806608200,56103582.3539802581071854
