lambdaBS,lambdaUE,loss_thresh,mean_rate,threshold rate
25,2000,10.0000000000000000,68953960.1516192108392715,33606389.7341557070612907
