lambdaBS,lambdaUE,loss_thresh,mean_rate,threshold rate
25,2000,50.0000000000000000,56974567.8599111586809158,39688711.6350471079349518
