lambdaBS,lambdaUE,loss_thresh,mean_rate,threshold rate
25,2000,100.0000000000000000,34017729.5774768292903900,398439352.3217833042144775
