lambdaBS,lambdaUE,loss_thresh,mean_rate,threshold rate
25,500,90.0000000000000000,199107170.5250081121921539,364404625.9646091461181641
