lambdaBS,lambdaUE,loss_thresh,mean_rate,threshold rate
25,750,80.0000000000000000,162429641.4979998171329498,239164647.5110323727130890
