lambdaBS,lambdaUE,loss_thresh,mean_rate,threshold rate
25,1000,60.0000000000000000,120799011.2299765646457672,93978458.0330047160387039
