lambdaBS,lambdaUE,loss_thresh,mean_rate,threshold rate
25,1000,80.0000000000000000,93914965.5223555415868759,96328592.9014819413423538
