lambdaBS,lambdaUE,loss_thresh,mean_rate,threshold rate
25,750,0.0000000000000000,172767201.2033430337905884,72202955.1471246927976608
