lambdaBS,lambdaUE,loss_thresh,mean_rate,threshold rate
25,1500,30.0000000000000036,116063919.8313247710466385,69128922.3908949643373489
