lambdaBS,lambdaUE,loss_thresh,mean_rate,threshold rate
25,750,100.0000000000000000,160313017.1436156630516052,399899821.9662498235702515
