lambdaBS,lambdaUE,loss_thresh,mean_rate,threshold rate
25,750,100.0000000000000000,165878903.1768380403518677,399784394.0381018519401550
