lambdaBS,lambdaUE,loss_thresh,mean_rate,threshold rate
25,1000,40.0000000000000000,108372620.3200024515390396,68374496.4723239988088608
