lambdaBS,lambdaUE,loss_thresh,mean_rate,threshold rate
25,250,90.0000000000000000,275431098.8313042521476746,393368017.5205403566360474
