lambdaBS,lambdaUE,loss_thresh,mean_rate,threshold rate
25,750,0.0000000000000000,115072313.7967611849308014,51642768.4619458466768265
