lambdaBS,lambdaUE,loss_thresh,mean_rate,threshold rate
25,500,40.0000000000000000,222215636.5330757796764374,174923732.9913795590400696
