lambdaBS,lambdaUE,loss_thresh,mean_rate,threshold rate
25,1000,50.0000000000000000,89515023.9713359624147415,62168919.3166235461831093
