lambdaBS,lambdaUE,loss_thresh,mean_rate,threshold rate
25,1000,70.0000000000000000,128848945.6923470497131348,119597315.7665523439645767
