lambdaBS,lambdaUE,loss_thresh,mean_rate,threshold rate
25,2000,80.0000000000000000,59873746.6564631015062332,51287034.4073211103677750
