lambdaBS,lambdaUE,loss_thresh,mean_rate,threshold rate
25,1500,60.0000000000000000,61321809.6150320470333099,47916296.3616243302822113
