lambdaBS,lambdaUE,loss_thresh,mean_rate,threshold rate
25,500,70.0000000000000000,187252466.5755333602428436,220004957.5758634805679321
