lambdaBS,lambdaUE,loss_thresh,mean_rate,threshold rate
25,2000,90.0000000000000000,62474752.9353357851505280,87316862.4476320743560791
