lambdaBS,lambdaUE,loss_thresh,mean_rate,threshold rate
25,500,50.0000000000000000,188826169.8792707622051239,146194614.4304224252700806
