lambdaBS,lambdaUE,loss_thresh,mean_rate,threshold rate
25,750,30.0000000000000036,153189547.8606058657169342,94028427.5120234936475754
