lambdaBS,lambdaUE,loss_thresh,mean_rate,threshold rate
25,1000,30.0000000000000036,109389751.6823235005140305,66191206.2228652015328407
