lambdaBS,lambdaUE,loss_thresh,mean_rate,threshold rate
25,500,40.0000000000000000,195674695.3438490331172943,137267125.7733078896999359
