lambdaBS,lambdaUE,loss_thresh,mean_rate,threshold rate
25,1500,10.0000000000000000,82714691.3774949908256531,42248507.3190773576498032
