lambdaBS,lambdaUE,loss_thresh,mean_rate,threshold rate
25,250,30.0000000000000036,297139300.5895200967788696,249414150.5486384928226471
