lambdaBS,lambdaUE,loss_thresh,mean_rate,threshold rate
25,500,40.0000000000000000,157236492.7287157773971558,102708668.9097474217414856
