lambdaBS,lambdaUE,loss_thresh,mean_rate,threshold rate
25,1500,20.0000000000000000,101185487.0637925267219543,57311035.1427483931183815
