lambdaBS,lambdaUE,loss_thresh,mean_rate,threshold rate
25,2000,20.0000000000000000,40128318.7311688065528870,24126018.0297746434807777
