lambdaBS,lambdaUE,loss_thresh,mean_rate,threshold rate
25,750,20.0000000000000000,161877426.1697733700275421,90912766.9794706255197525
