lambdaBS,lambdaUE,loss_thresh,mean_rate,threshold rate
25,1000,60.0000000000000000,90200644.4742006659507751,67253915.8211750984191895
