lambdaBS,lambdaUE,loss_thresh,mean_rate,threshold rate
25,1500,0.0000000000000000,74605920.9676925241947174,29413287.8612842448055744
