lambdaBS,lambdaUE,loss_thresh,mean_rate,threshold rate
25,500,0.0000000000000000,217783064.0025576353073120,96768288.8403598666191101
