lambdaBS,lambdaUE,loss_thresh,mean_rate,threshold rate
25,750,80.0000000000000000,121307268.2176762819290161,150597032.6728721857070923
