lambdaBS,lambdaUE,loss_thresh,mean_rate,threshold rate
25,250,70.0000000000000000,309686213.5316359400749207,366950814.2126986384391785
