lambdaBS,lambdaUE,loss_thresh,mean_rate,threshold rate
25,500,80.0000000000000000,256371731.6315537989139557,361153735.0827839374542236
