lambdaBS,lambdaUE,loss_thresh,mean_rate,threshold rate
25,750,90.0000000000000000,108030417.9273125678300858,207857099.9586703777313232
