lambdaBS,lambdaUE,loss_thresh,mean_rate,threshold rate
25,1500,0.0000000000000000,60542622.9864991903305054,19649061.9179900772869587
