lambdaBS,lambdaUE,loss_thresh,mean_rate,threshold rate
25,250,50.0000000000000000,301543110.8811925649642944,318265428.1850237250328064
