lambdaBS,lambdaUE,loss_thresh,mean_rate,threshold rate
25,250,50.0000000000000000,272772754.1196290254592896,272257773.5423347949981689
