lambdaBS,lambdaUE,loss_thresh,mean_rate,threshold rate
25,1500,60.0000000000000000,77493754.2026759386062622,57589286.1005046144127846
