lambdaBS,lambdaUE,loss_thresh,mean_rate,threshold rate
25,1500,60.0000000000000000,77123393.8701012432575226,57364350.9859875217080116
