lambdaBS,lambdaUE,loss_thresh,mean_rate,threshold rate
25,250,70.0000000000000000,268481727.2362066507339478,318530100.3083667755126953
