lambdaBS,lambdaUE,loss_thresh,mean_rate,threshold rate
25,250,20.0000000000000000,287931514.2966033816337585,195454496.4559966921806335
