lambdaBS,lambdaUE,loss_thresh,mean_rate,threshold rate
25,1000,80.0000000000000000,114890645.1741123199462891,137697342.2373855412006378
