lambdaBS,lambdaUE,loss_thresh,mean_rate,threshold rate
25,500,60.0000000000000000,217783064.0025576353073120,223790769.8776221871376038
