lambdaBS,lambdaUE,loss_thresh,mean_rate,threshold rate
25,750,70.0000000000000000,153203903.3199640512466431,148362365.4437057077884674
