lambdaBS,lambdaUE,loss_thresh,mean_rate,threshold rate
25,1500,0.0000000000000000,61321809.6150320470333099,22219945.9862944409251213
