lambdaBS,lambdaUE,loss_thresh,mean_rate,threshold rate
25,2000,90.0000000000000000,68132408.6019668430089951,112149391.4192917793989182
