lambdaBS,lambdaUE,loss_thresh,mean_rate,threshold rate
25,500,50.0000000000000000,205437894.8055492043495178,164770672.1131604611873627
