lambdaBS,lambdaUE,loss_thresh,mean_rate,threshold rate
25,1500,50.0000000000000000,120905410.4253394901752472,85017052.4619747400283813
