lambdaBS,lambdaUE,loss_thresh,mean_rate,threshold rate
25,1000,90.0000000000000000,129331404.1830827593803406,274826281.1706137657165527
