lambdaBS,lambdaUE,loss_thresh,mean_rate,threshold rate
25,2000,30.0000000000000036,58747989.7847753390669823,36578752.5711079016327858
