lambdaBS,lambdaUE,loss_thresh,mean_rate,threshold rate
25,250,70.0000000000000000,277669285.1619676947593689,328599632.6981226801872253
