lambdaBS,lambdaUE,loss_thresh,mean_rate,threshold rate
25,750,70.0000000000000000,170777532.0917022824287415,179747154.2320266664028168
