lambdaBS,lambdaUE,loss_thresh,mean_rate,threshold rate
25,750,50.0000000000000000,168395073.1195701658725739,131067102.3568011373281479
