lambdaBS,lambdaUE,loss_thresh,mean_rate,threshold rate
25,1000,40.0000000000000000,127055864.7069120705127716,79676565.6613333225250244
