lambdaBS,lambdaUE,loss_thresh,mean_rate,threshold rate
25,750,100.0000000000000000,170777532.0917022824287415,399506293.9441791772842407
