lambdaBS,lambdaUE,loss_thresh,mean_rate,threshold rate
25,1000,100.0000000000000000,99860445.4965724349021912,399612404.3302118778228760
