lambdaBS,lambdaUE,loss_thresh,mean_rate,threshold rate
25,250,80.0000000000000000,303594684.2354417443275452,374118694.2074688076972961
