lambdaBS,lambdaUE,loss_thresh,mean_rate,threshold rate
25,250,100.0000000000000000,275498188.9532374143600464,399993789.4985889792442322
