lambdaBS,lambdaUE,loss_thresh,mean_rate,threshold rate
25,2000,60.0000000000000000,42136691.0408588349819183,29470775.6374593488872051
