lambdaBS,lambdaUE,loss_thresh,mean_rate,threshold rate
25,750,40.0000000000000000,193603912.5965301394462585,138226349.6044625639915466
