lambdaBS,lambdaUE,loss_thresh,mean_rate,threshold rate
25,1000,70.0000000000000000,144087980.7628902792930603,144034045.5566570162773132
