lambdaBS,lambdaUE,loss_thresh,mean_rate,threshold rate
25,2000,0.0000000000000000,56868228.2897503301501274,22420196.6156856752932072
