lambdaBS,lambdaUE,loss_thresh,mean_rate,threshold rate
25,750,0.0000000000000000,166995098.1058658957481384,66318672.6167456135153770
