lambdaBS,lambdaUE,loss_thresh,mean_rate,threshold rate
25,1500,10.0000000000000000,57741331.5915692150592804,32594141.4084349051117897
