lambdaBS,lambdaUE,loss_thresh,mean_rate,threshold rate
25,1500,80.0000000000000000,66525955.5295467078685760,56147852.3815598264336586
