lambdaBS,lambdaUE,loss_thresh,mean_rate,threshold rate
25,1000,40.0000000000000000,123765855.4814504235982895,82497439.5051655024290085
