lambdaBS,lambdaUE,loss_thresh,mean_rate,threshold rate
25,2000,30.0000000000000036,75399467.1500550955533981,46902299.9588129967451096
