lambdaBS,lambdaUE,loss_thresh,mean_rate,threshold rate
25,2000,0.0000000000000000,56784643.1083457469940186,17284985.8371471427381039
