lambdaBS,lambdaUE,loss_thresh,mean_rate,threshold rate
25,1500,20.0000000000000000,75112564.8432339876890182,42392008.5636498779058456
