lambdaBS,lambdaUE,loss_thresh,mean_rate,threshold rate
25,750,20.0000000000000000,172767201.2033430337905884,98045518.5791649073362350
