lambdaBS,lambdaUE,loss_thresh,mean_rate,threshold rate
25,1500,60.0000000000000000,80988837.1309504061937332,58994150.0177020058035851
