lambdaBS,lambdaUE,loss_thresh,mean_rate,threshold rate
25,250,20.0000000000000000,274309910.5850853323936462,184775483.8737085759639740
