lambdaBS,lambdaUE,loss_thresh,mean_rate,threshold rate
25,750,40.0000000000000000,153198712.8203188180923462,101780177.2087518423795700
