lambdaBS,lambdaUE,loss_thresh,mean_rate,threshold rate
25,750,90.0000000000000000,110108441.9236152470111847,226941721.0737184584140778
