lambdaBS,lambdaUE,loss_thresh,mean_rate,threshold rate
25,1000,50.0000000000000000,80602078.3696055114269257,55888967.7860367670655251
