lambdaBS,lambdaUE,loss_thresh,mean_rate,threshold rate
25,250,30.0000000000000036,286342088.0961239933967590,236760604.4397429227828979
