lambdaBS,lambdaUE,loss_thresh,mean_rate,threshold rate
25,250,40.0000000000000000,274309910.5850853323936462,242356927.7570126056671143
