lambdaBS,lambdaUE,loss_thresh,mean_rate,threshold rate
25,1000,60.0000000000000000,91361207.9844168722629547,65904423.5410998985171318
