lambdaBS,lambdaUE,loss_thresh,mean_rate,threshold rate
25,500,40.0000000000000000,147184847.5805005431175232,93482569.9769503325223923
