lambdaBS,lambdaUE,loss_thresh,mean_rate,threshold rate
25,250,90.0000000000000000,283125772.5286636352539062,391029403.7448734045028687
