lambdaBS,lambdaUE,loss_thresh,mean_rate,threshold rate
25,750,50.0000000000000000,128685228.4856506437063217,92431373.7033363431692123
