lambdaBS,lambdaUE,loss_thresh,mean_rate,threshold rate
25,500,30.0000000000000036,188826169.8792707622051239,123002351.6580528616905212
