lambdaBS,lambdaUE,loss_thresh,mean_rate,threshold rate
25,2000,100.0000000000000000,66739001.6189924255013466,399915083.3883982896804810
