lambdaBS,lambdaUE,loss_thresh,mean_rate,threshold rate
25,750,0.0000000000000000,153198712.8203188180923462,60363314.0196883752942085
