lambdaBS,lambdaUE,loss_thresh,mean_rate,threshold rate
25,1500,80.0000000000000000,80121041.7140337824821472,83848278.9029398262500763
