lambdaBS,lambdaUE,loss_thresh,mean_rate,threshold rate
25,2000,40.0000000000000000,66007976.8784482181072235,42402783.3424086868762970
