lambdaBS,lambdaUE,loss_thresh,mean_rate,threshold rate
25,250,20.0000000000000000,267167687.5265225172042847,187507461.1993150115013123
