lambdaBS,lambdaUE,loss_thresh,mean_rate,threshold rate
25,1500,40.0000000000000000,102875847.8133615702390671,63689198.3499188870191574
