lambdaBS,lambdaUE,loss_thresh,mean_rate,threshold rate
25,1000,70.0000000000000000,118278074.9840818643569946,110196681.7812936007976532
