lambdaBS,lambdaUE,loss_thresh,mean_rate,threshold rate
25,750,40.0000000000000000,154826177.5446601808071136,101728875.1069227010011673
