lambdaBS,lambdaUE,loss_thresh,mean_rate,threshold rate
25,500,30.0000000000000036,203098585.1772979795932770,128855121.2992404103279114
