lambdaBS,lambdaUE,loss_thresh,mean_rate,threshold rate
25,1500,90.0000000000000000,89364709.6743436306715012,164680527.0284231603145599
