lambdaBS,lambdaUE,loss_thresh,mean_rate,threshold rate
25,750,70.0000000000000000,148475166.3147248327732086,148432074.0464006066322327
