lambdaBS,lambdaUE,loss_thresh,mean_rate,threshold rate
25,500,30.0000000000000036,157582473.0646435916423798,98481220.2489654868841171
