lambdaBS,lambdaUE,loss_thresh,mean_rate,threshold rate
25,500,30.0000000000000036,222215636.5330757796764374,159111624.5387212038040161
