lambdaBS,lambdaUE,loss_thresh,mean_rate,threshold rate
25,1500,20.0000000000000000,90678836.6046885997056961,50911104.8492250591516495
