lambdaBS,lambdaUE,loss_thresh,mean_rate,threshold rate
25,750,30.0000000000000036,194051128.7470055520534515,120477998.4129806607961655
