lambdaBS,lambdaUE,loss_thresh,mean_rate,threshold rate
25,750,50.0000000000000000,117916449.9048209190368652,85023968.2875229716300964
