lambdaBS,lambdaUE,loss_thresh,mean_rate,threshold rate
25,750,100.0000000000000000,131276599.5707870721817017,399862677.6025305390357971
