lambdaBS,lambdaUE,loss_thresh,mean_rate,threshold rate
25,500,100.0000000000000000,191251399.8987487554550171,399940877.6247332096099854
