lambdaBS,lambdaUE,loss_thresh,mean_rate,threshold rate
25,500,60.0000000000000000,191251399.8987487554550171,174782687.0894907414913177
