lambdaBS,lambdaUE,loss_thresh,mean_rate,threshold rate
25,2000,70.0000000000000000,70171556.1003137230873108,55149983.4304323345422745
