lambdaBS,lambdaUE,loss_thresh,mean_rate,threshold rate
25,1500,30.0000000000000036,57741331.5915692150592804,37576712.4636604934930801
