lambdaBS,lambdaUE,loss_thresh,mean_rate,threshold rate
25,1500,0.0000000000000000,81696749.9079154878854752,30369729.5650449618697166
