lambdaBS,lambdaUE,loss_thresh,mean_rate,threshold rate
25,2000,40.0000000000000000,71748796.2210294604301453,45518757.6852791681885719
