lambdaBS,lambdaUE,loss_thresh,mean_rate,threshold rate
25,250,70.0000000000000000,287931514.2966033816337585,358006704.9332762956619263
