lambdaBS,lambdaUE,loss_thresh,mean_rate,threshold rate
25,750,10.0000000000000000,127022352.3013564944267273,63910395.3130564540624619
