lambdaBS,lambdaUE,loss_thresh,mean_rate,threshold rate
25,1500,60.0000000000000000,75120587.7769700735807419,54116826.4485906362533569
