lambdaBS,lambdaUE,loss_thresh,mean_rate,threshold rate
25,2000,40.0000000000000000,55620506.0765084773302078,36942137.2162190377712250
