lambdaBS,lambdaUE,loss_thresh,mean_rate,threshold rate
25,250,70.0000000000000000,253185220.4067657887935638,299751374.3163104653358459
