lambdaBS,lambdaUE,loss_thresh,mean_rate,threshold rate
25,500,90.0000000000000000,165428083.7351759374141693,329091238.8959467411041260
