lambdaBS,lambdaUE,loss_thresh,mean_rate,threshold rate
25,750,10.0000000000000000,108030417.9273125678300858,61753796.5501321479678154
