lambdaBS,lambdaUE,loss_thresh,mean_rate,threshold rate
25,750,100.0000000000000000,166995098.1058658957481384,399791840.2564074397087097
