lambdaBS,lambdaUE,loss_thresh,mean_rate,threshold rate
25,250,80.0000000000000000,301100846.2533439993858337,376622334.8405375480651855
