lambdaBS,lambdaUE,loss_thresh,mean_rate,threshold rate
25,250,80.0000000000000000,255731689.2758204042911530,354828142.2552545070648193
