lambdaBS,lambdaUE,loss_thresh,mean_rate,threshold rate
25,750,50.0000000000000000,96746134.5355876386165619,62317407.3313331454992294
