lambdaBS,lambdaUE,loss_thresh,mean_rate,threshold rate
25,250,0.0000000000000000,242677647.4639374315738678,118335879.1328929811716080
