lambdaBS,lambdaUE,loss_thresh,mean_rate,threshold rate
25,500,10.0000000000000000,245374647.5183960795402527,130907820.8037330657243729
