lambdaBS,lambdaUE,loss_thresh,mean_rate,threshold rate
25,1000,70.0000000000000000,106319852.4506192058324814,84534041.4175339043140411
