lambdaBS,lambdaUE,loss_thresh,mean_rate,threshold rate
25,2000,40.0000000000000000,50839173.2861243858933449,31713267.6086972281336784
