lambdaBS,lambdaUE,loss_thresh,mean_rate,threshold rate
25,1500,50.0000000000000000,55944595.5965137854218483,38138843.4183197543025017
