lambdaBS,lambdaUE,loss_thresh,mean_rate,threshold rate
25,2000,40.0000000000000000,42548737.1037807762622833,27628776.0666841603815556
