lambdaBS,lambdaUE,loss_thresh,mean_rate,threshold rate
25,500,10.0000000000000000,169128446.8036064505577087,97032674.5536448061466217
