lambdaBS,lambdaUE,loss_thresh,mean_rate,threshold rate
25,1000,70.0000000000000000,109389751.6823235005140305,95798234.4189695715904236
