lambdaBS,lambdaUE,loss_thresh,mean_rate,threshold rate
25,250,0.0000000000000000,274625506.3686826229095459,143406261.9878942966461182
