lambdaBS,lambdaUE,loss_thresh,mean_rate,threshold rate
25,500,90.0000000000000000,203098585.1772979795932770,355933832.9137024879455566
