lambdaBS,lambdaUE,loss_thresh,mean_rate,threshold rate
25,2000,100.0000000000000000,54923005.9546283781528473,399429551.6698987483978271
