lambdaBS,lambdaUE,loss_thresh,mean_rate,threshold rate
25,500,0.0000000000000000,203098585.1772979795932770,76839898.9664285480976105
