lambdaBS,lambdaUE,loss_thresh,mean_rate,threshold rate
25,250,50.0000000000000000,316994527.7789049148559570,326251936.1212908625602722
