lambdaBS,lambdaUE,loss_thresh,mean_rate,threshold rate
25,750,40.0000000000000000,127022352.3013564944267273,78376282.7229354381561279
