lambdaBS,lambdaUE,loss_thresh,mean_rate,threshold rate
25,1500,90.0000000000000000,47901062.3952187970280647,62679731.2648651674389839
