lambdaBS,lambdaUE,loss_thresh,mean_rate,threshold rate
25,2000,20.0000000000000000,55961653.3258567973971367,34677259.3579862117767334
