lambdaBS,lambdaUE,loss_thresh,mean_rate,threshold rate
25,500,50.0000000000000000,183309490.6228809952735901,140015906.8310252428054810
