lambdaBS,lambdaUE,loss_thresh,mean_rate,threshold rate
25,750,80.0000000000000000,145034545.0254938602447510,204037904.0689016878604889
