lambdaBS,lambdaUE,loss_thresh,mean_rate,threshold rate
25,1500,0.0000000000000000,69561759.1489303708076477,28697823.0707784630358219
