lambdaBS,lambdaUE,loss_thresh,mean_rate,threshold rate
25,250,50.0000000000000000,255731689.2758204042911530,239017081.5454656779766083
