lambdaBS,lambdaUE,loss_thresh,mean_rate,threshold rate
25,1500,60.0000000000000000,75684603.2912701815366745,55912986.9097660705447197
