lambdaBS,lambdaUE,loss_thresh,mean_rate,threshold rate
25,1500,100.0000000000000000,54734545.1460508033633232,396627317.1586747765541077
