lambdaBS,lambdaUE,loss_thresh,mean_rate,threshold rate
25,2000,30.0000000000000036,48557252.2873085588216782,33720080.4653973802924156
