lambdaBS,lambdaUE,loss_thresh,mean_rate,threshold rate
25,500,10.0000000000000000,212097579.0020851492881775,113841946.6853022873401642
