lambdaBS,lambdaUE,loss_thresh,mean_rate,threshold rate
25,1500,30.0000000000000036,74258144.6002072542905807,45008866.7446769624948502
