lambdaBS,lambdaUE,loss_thresh,mean_rate,threshold rate
25,750,10.0000000000000000,194051128.7470055520534515,92584901.8788463324308395
