lambdaBS,lambdaUE,loss_thresh,mean_rate,threshold rate
25,500,100.0000000000000000,147387617.5816494226455688,399988740.1646609306335449
