lambdaBS,lambdaUE,loss_thresh,mean_rate,threshold rate
25,1000,70.0000000000000000,108800702.6403066813945770,97663084.3917196691036224
