lambdaBS,lambdaUE,loss_thresh,mean_rate,threshold rate
25,2000,30.0000000000000036,49354709.1278658732771873,32823557.0367254763841629
