lambdaBS,lambdaUE,loss_thresh,mean_rate,threshold rate
25,1000,40.0000000000000000,114102832.8003760874271393,71779225.8018670380115509
