lambdaBS,lambdaUE,loss_thresh,mean_rate,threshold rate
25,2000,60.0000000000000000,46641663.0322953164577484,33429944.5597785115242004
