lambdaBS,lambdaUE,loss_thresh,mean_rate,threshold rate
25,2000,70.0000000000000000,53611676.5190386399626732,37549442.1993925049901009
