lambdaBS,lambdaUE,loss_thresh,mean_rate,threshold rate
25,2000,20.0000000000000000,57429064.9140639156103134,32933908.5113393738865852
