lambdaBS,lambdaUE,loss_thresh,mean_rate,threshold rate
25,1000,80.0000000000000000,98717934.4678460806608200,103664297.5780769735574722
