lambdaBS,lambdaUE,loss_thresh,mean_rate,threshold rate
25,500,80.0000000000000000,233026430.3156396448612213,345870293.1665922403335571
