lambdaBS,lambdaUE,loss_thresh,mean_rate,threshold rate
25,1000,20.0000000000000000,112573536.7955150455236435,59511038.0213164389133453
