lambdaBS,lambdaUE,loss_thresh,mean_rate,threshold rate
25,500,10.0000000000000000,203270399.0365623831748962,107308021.8448539376258850
