lambdaBS,lambdaUE,loss_thresh,mean_rate,threshold rate
25,750,80.0000000000000000,159301373.5906502008438110,219353559.5944463610649109
