lambdaBS,lambdaUE,loss_thresh,mean_rate,threshold rate
25,2000,50.0000000000000000,58957806.4853451997041702,39946622.6813006922602654
