lambdaBS,lambdaUE,loss_thresh,mean_rate,threshold rate
25,2000,0.0000000000000000,57087204.3670031502842903,19719214.7330508492887020
