lambdaBS,lambdaUE,loss_thresh,mean_rate,threshold rate
25,2000,20.0000000000000000,66974819.0820897296071053,36557790.1311009004712105
