lambdaBS,lambdaUE,loss_thresh,mean_rate,threshold rate
25,750,0.0000000000000000,160313017.1436156630516052,64007113.3520955815911293
