lambdaBS,lambdaUE,loss_thresh,mean_rate,threshold rate
25,1500,10.0000000000000000,90678836.6046885997056961,46800297.4784965366125107
