lambdaBS,lambdaUE,loss_thresh,mean_rate,threshold rate
25,2000,30.0000000000000036,66973922.5274242311716080,40888351.6489792987704277
