lambdaBS,lambdaUE,loss_thresh,mean_rate,threshold rate
25,1000,0.0000000000000000,122439636.0881149470806122,42840103.4268101006746292
