lambdaBS,lambdaUE,loss_thresh,mean_rate,threshold rate
25,1500,0.0000000000000000,81500970.2790151238441467,34892632.6887395530939102
