lambdaBS,lambdaUE,loss_thresh,mean_rate,threshold rate
25,1000,50.0000000000000000,80646573.2939335107803345,56081861.1576245576143265
