lambdaBS,lambdaUE,loss_thresh,mean_rate,threshold rate
25,250,10.0000000000000000,281014839.7151524424552917,166730119.4822688996791840
