lambdaBS,lambdaUE,loss_thresh,mean_rate,threshold rate
25,750,10.0000000000000000,162429641.4979998171329498,87620567.3641188889741898
