lambdaBS,lambdaUE,loss_thresh,mean_rate,threshold rate
25,1500,0.0000000000000000,78590688.9124905318021774,33483474.5197967216372490
