lambdaBS,lambdaUE,loss_thresh,mean_rate,threshold rate
25,500,0.0000000000000000,157582473.0646435916423798,79920617.5768630951642990
