lambdaBS,lambdaUE,loss_thresh,mean_rate,threshold rate
25,2000,50.0000000000000000,70382396.8436682522296906,51546972.1461323127150536
