lambdaBS,lambdaUE,loss_thresh,mean_rate,threshold rate
25,1000,10.0000000000000000,137694754.5414112210273743,73078139.1631380766630173
