lambdaBS,lambdaUE,loss_thresh,mean_rate,threshold rate
25,1500,20.0000000000000000,75120587.7769700735807419,44537054.7033179104328156
