lambdaBS,lambdaUE,loss_thresh,mean_rate,threshold rate
25,1000,50.0000000000000000,98717934.4678460806608200,68982127.7740503847599030
