lambdaBS,lambdaUE,loss_thresh,mean_rate,threshold rate
25,1500,80.0000000000000000,86833242.0973747521638870,88935367.7389197498559952
