lambdaBS,lambdaUE,loss_thresh,mean_rate,threshold rate
25,2000,30.0000000000000036,71748796.2210294604301453,42254081.9562544673681259
