lambdaBS,lambdaUE,loss_thresh,mean_rate,threshold rate
25,1000,60.0000000000000000,138660678.4872659146785736,98631413.8966672718524933
