lambdaBS,lambdaUE,loss_thresh,mean_rate,threshold rate
25,1500,70.0000000000000000,98900038.9029720425605774,79201760.8647929430007935
