lambdaBS,lambdaUE,loss_thresh,mean_rate,threshold rate
25,500,70.0000000000000000,233026430.3156396448612213,299893416.4828421473503113
