lambdaBS,lambdaUE,loss_thresh,mean_rate,threshold rate
25,750,40.0000000000000000,181737928.9022804796695709,126683229.3612499237060547
