lambdaBS,lambdaUE,loss_thresh,mean_rate,threshold rate
25,1000,80.0000000000000000,81648340.8879122883081436,82440375.7534664571285248
