lambdaBS,lambdaUE,loss_thresh,mean_rate,threshold rate
25,1000,70.0000000000000000,127055864.7069120705127716,115646501.1189877241849899
