lambdaBS,lambdaUE,loss_thresh,mean_rate,threshold rate
25,1000,80.0000000000000000,138660678.4872659146785736,208859957.0238848030567169
