lambdaBS,lambdaUE,loss_thresh,mean_rate,threshold rate
25,2000,100.0000000000000000,48414339.5269311964511871,399932637.9656185507774353
