lambdaBS,lambdaUE,loss_thresh,mean_rate,threshold rate
25,500,50.0000000000000000,245374647.5183960795402527,234116940.9987210035324097
