lambdaBS,lambdaUE,loss_thresh,mean_rate,threshold rate
25,750,40.0000000000000000,128685228.4856506437063217,85949805.2177746891975403
