lambdaBS,lambdaUE,loss_thresh,mean_rate,threshold rate
25,500,100.0000000000000000,157582473.0646435916423798,399497897.7775580286979675
