lambdaBS,lambdaUE,loss_thresh,mean_rate,threshold rate
25,2000,0.0000000000000000,70382396.8436682522296906,29872077.2798352912068367
