lambdaBS,lambdaUE,loss_thresh,mean_rate,threshold rate
25,1500,50.0000000000000000,69890980.5809751451015472,47267968.2810187712311745
