lambdaBS,lambdaUE,loss_thresh,mean_rate,threshold rate
25,750,50.0000000000000000,146719048.2203429341316223,106789716.7171875834465027
