lambdaBS,lambdaUE,loss_thresh,mean_rate,threshold rate
25,2000,100.0000000000000000,70171556.1003137230873108,399585147.0252369642257690
