lambdaBS,lambdaUE,loss_thresh,mean_rate,threshold rate
25,1500,80.0000000000000000,61321809.6150320470333099,55122837.0341175943613052
