lambdaBS,lambdaUE,loss_thresh,mean_rate,threshold rate
25,2000,0.0000000000000000,61632913.3410553112626076,27523534.8497556187212467
