lambdaBS,lambdaUE,loss_thresh,mean_rate,threshold rate
25,250,30.0000000000000036,277994868.6527094244956970,202816471.8179357945919037
