lambdaBS,lambdaUE,loss_thresh,mean_rate,threshold rate
25,750,90.0000000000000000,128259416.4522450715303421,295129834.2538734674453735
