lambdaBS,lambdaUE,loss_thresh,mean_rate,threshold rate
25,500,10.0000000000000000,217783064.0025576353073120,122545488.3515460491180420
