lambdaBS,lambdaUE,loss_thresh,mean_rate,threshold rate
25,500,80.0000000000000000,169766361.8417476415634155,227876143.6917957067489624
