lambdaBS,lambdaUE,loss_thresh,mean_rate,threshold rate
25,2000,10.0000000000000000,88260216.0241076797246933,46419978.0478213354945183
