lambdaBS,lambdaUE,loss_thresh,mean_rate,threshold rate
25,250,30.0000000000000036,270681329.2155610322952271,209823961.5191991329193115
