lambdaBS,lambdaUE,loss_thresh,mean_rate,threshold rate
25,750,0.0000000000000000,182664999.0430847704410553,76721302.8205568939447403
