lambdaBS,lambdaUE,loss_thresh,mean_rate,threshold rate
25,750,20.0000000000000000,159301373.5906502008438110,95903486.9500496089458466
