lambdaBS,lambdaUE,loss_thresh,mean_rate,threshold rate
25,250,100.0000000000000000,309686213.5316359400749207,399985252.6521068215370178
