lambdaBS,lambdaUE,loss_thresh,mean_rate,threshold rate
25,500,60.0000000000000000,178828950.3131666779518127,155367579.0283031463623047
