lambdaBS,lambdaUE,loss_thresh,mean_rate,threshold rate
25,750,20.0000000000000000,148475166.3147248327732086,85950428.6755274683237076
