lambdaBS,lambdaUE,loss_thresh,mean_rate,threshold rate
25,1000,10.0000000000000000,101906946.0104690641164780,56802686.4086342453956604
