lambdaBS,lambdaUE,loss_thresh,mean_rate,threshold rate
25,750,70.0000000000000000,110108441.9236152470111847,92385161.0787172019481659
