lambdaBS,lambdaUE,loss_thresh,mean_rate,threshold rate
25,500,30.0000000000000036,161868819.2519365251064301,105389301.5552239716053009
