lambdaBS,lambdaUE,loss_thresh,mean_rate,threshold rate
25,250,50.0000000000000000,302831688.7323762178421021,312844276.6047345399856567
