lambdaBS,lambdaUE,loss_thresh,mean_rate,threshold rate
25,250,50.0000000000000000,294667406.6752005219459534,292593954.8803104162216187
