lambdaBS,lambdaUE,loss_thresh,mean_rate,threshold rate
25,1500,100.0000000000000000,79816489.1934691220521927,399457991.3319969177246094
