lambdaBS,lambdaUE,loss_thresh,mean_rate,threshold rate
25,1000,100.0000000000000000,106319852.4506192058324814,399285326.0219289660453796
