lambdaBS,lambdaUE,loss_thresh,mean_rate,threshold rate
25,2000,80.0000000000000000,92943755.5947412103414536,100796158.1757432967424393
