lambdaBS,lambdaUE,loss_thresh,mean_rate,threshold rate
25,2000,0.0000000000000000,40927057.5321334451436996,12941717.3524290788918734
