lambdaBS,lambdaUE,loss_thresh,mean_rate,threshold rate
25,500,70.0000000000000000,221825162.0981989204883575,265197958.9241251945495605
