lambdaBS,lambdaUE,loss_thresh,mean_rate,threshold rate
25,1500,60.0000000000000000,80137926.8273003995418549,57907906.8931178152561188
