lambdaBS,lambdaUE,loss_thresh,mean_rate,threshold rate
25,500,0.0000000000000000,203932088.5897113084793091,84498434.0743386447429657
