lambdaBS,lambdaUE,loss_thresh,mean_rate,threshold rate
25,2000,0.0000000000000000,48557252.2873085588216782,23945774.7422073818743229
