lambdaBS,lambdaUE,loss_thresh,mean_rate,threshold rate
25,2000,50.0000000000000000,56090337.9564635455608368,38467158.5860442966222763
