lambdaBS,lambdaUE,loss_thresh,mean_rate,threshold rate
25,1500,100.0000000000000000,86416574.0809701830148697,399524686.7312972545623779
