lambdaBS,lambdaUE,loss_thresh,mean_rate,threshold rate
25,2000,40.0000000000000000,46641663.0322953164577484,30761935.9725929945707321
