lambdaBS,lambdaUE,loss_thresh,mean_rate,threshold rate
25,500,60.0000000000000000,190365197.4589685499668121,170708222.9358314573764801
