lambdaBS,lambdaUE,loss_thresh,mean_rate,threshold rate
25,250,50.0000000000000000,311136731.1613894104957581,320348785.5995413064956665
