lambdaBS,lambdaUE,loss_thresh,mean_rate,threshold rate
25,750,10.0000000000000000,167255350.6905601918697357,83193967.3893198966979980
