lambdaBS,lambdaUE,loss_thresh,mean_rate,threshold rate
25,500,100.0000000000000000,196499472.5015363693237305,399977422.8459173440933228
