lambdaBS,lambdaUE,loss_thresh,mean_rate,threshold rate
25,1500,20.0000000000000000,91460685.8948157727718353,50765363.0599586069583893
