lambdaBS,lambdaUE,loss_thresh,mean_rate,threshold rate
25,1000,60.0000000000000000,129714523.2631676942110062,101694201.1821271777153015
