lambdaBS,lambdaUE,loss_thresh,mean_rate,threshold rate
25,2000,30.0000000000000036,62940350.3964305818080902,37328557.4839327782392502
