lambdaBS,lambdaUE,loss_thresh,mean_rate,threshold rate
25,750,50.0000000000000000,98790830.1420820355415344,72360824.8162910491228104
