lambdaBS,lambdaUE,loss_thresh,mean_rate,threshold rate
25,1000,10.0000000000000000,126346968.7536365389823914,71241954.7748459875583649
