lambdaBS,lambdaUE,loss_thresh,mean_rate,threshold rate
25,2000,40.0000000000000000,57186087.7915293499827385,38093035.0441232249140739
