lambdaBS,lambdaUE,loss_thresh,mean_rate,threshold rate
25,250,10.0000000000000000,278994029.1142294406890869,180087902.5063517987728119
