lambdaBS,lambdaUE,loss_thresh,mean_rate,threshold rate
25,250,10.0000000000000000,270681329.2155610322952271,175114775.6657899618148804
