lambdaBS,lambdaUE,loss_thresh,mean_rate,threshold rate
25,750,0.0000000000000000,143733879.0912370979785919,62119522.3838224560022354
