lambdaBS,lambdaUE,loss_thresh,mean_rate,threshold rate
25,1500,40.0000000000000000,66848330.8482517153024673,46347695.1976454183459282
