lambdaBS,lambdaUE,loss_thresh,mean_rate,threshold rate
25,2000,50.0000000000000000,54334385.4918935149908066,38357214.2068873792886734
