lambdaBS,lambdaUE,loss_thresh,mean_rate,threshold rate
25,250,40.0000000000000000,266329601.1149017512798309,223556189.7083497941493988
