lambdaBS,lambdaUE,loss_thresh,mean_rate,threshold rate
25,1000,40.0000000000000000,108800702.6403066813945770,70130487.8876535892486572
