lambdaBS,lambdaUE,loss_thresh,mean_rate,threshold rate
25,2000,30.0000000000000036,48028662.9549871087074280,30787231.1891558580100536
