lambdaBS,lambdaUE,loss_thresh,mean_rate,threshold rate
25,500,80.0000000000000000,220033116.1265414655208588,304131809.6110994815826416
