lambdaBS,lambdaUE,loss_thresh,mean_rate,threshold rate
25,1500,80.0000000000000000,96498020.0949508696794510,107465196.6325069665908813
