lambdaBS,lambdaUE,loss_thresh,mean_rate,threshold rate
25,500,100.0000000000000000,156329264.3753971457481384,399345656.2814884185791016
