lambdaBS,lambdaUE,loss_thresh,mean_rate,threshold rate
25,250,20.0000000000000000,250535621.1387422382831573,151037233.7908653020858765
