lambdaBS,lambdaUE,loss_thresh,mean_rate,threshold rate
25,2000,40.0000000000000000,88260216.0241076797246933,59313929.2030101791024208
