lambdaBS,lambdaUE,loss_thresh,mean_rate,threshold rate
25,1500,40.0000000000000000,62389404.5437618717551231,40920686.5531243979930878
