lambdaBS,lambdaUE,loss_thresh,mean_rate,threshold rate
25,1500,10.0000000000000000,74383799.8107198923826218,41034469.0130833908915520
