lambdaBS,lambdaUE,loss_thresh,mean_rate,threshold rate
25,2000,10.0000000000000000,62474752.9353357851505280,31602827.0710367038846016
