lambdaBS,lambdaUE,loss_thresh,mean_rate,threshold rate
25,500,0.0000000000000000,195700273.4462177753448486,84510412.6017265319824219
