lambdaBS,lambdaUE,loss_thresh,mean_rate,threshold rate
25,500,50.0000000000000000,186607459.9680850803852081,137778683.7211640477180481
