lambdaBS,lambdaUE,loss_thresh,mean_rate,threshold rate
25,2000,90.0000000000000000,50088168.6401001587510109,56100794.9014319181442261
