lambdaBS,lambdaUE,loss_thresh,mean_rate,threshold rate
25,750,10.0000000000000000,139637540.1970115602016449,69880443.3378712087869644
