lambdaBS,lambdaUE,loss_thresh,mean_rate,threshold rate
25,750,60.0000000000000000,168395073.1195701658725739,148887802.8818267583847046
