lambdaBS,lambdaUE,loss_thresh,mean_rate,threshold rate
25,500,80.0000000000000000,193741417.5633775889873505,294669147.6102910041809082
