lambdaBS,lambdaUE,loss_thresh,mean_rate,threshold rate
25,1500,90.0000000000000000,57213386.9327307641506195,69639402.0663631260395050
