lambdaBS,lambdaUE,loss_thresh,mean_rate,threshold rate
25,500,100.0000000000000000,200117506.6658497452735901,399856301.0586644411087036
