lambdaBS,lambdaUE,loss_thresh,mean_rate,threshold rate
25,250,100.0000000000000000,274309910.5850853323936462,399899717.7611758708953857
