lambdaBS,lambdaUE,loss_thresh,mean_rate,threshold rate
25,250,30.0000000000000036,262920882.4668350815773010,173673151.2381890714168549
