lambdaBS,lambdaUE,loss_thresh,mean_rate,threshold rate
25,1500,100.0000000000000000,52885256.3798075765371323,397279821.1566634178161621
