lambdaBS,lambdaUE,loss_thresh,mean_rate,threshold rate
25,500,80.0000000000000000,195700273.4462177753448486,277259401.9331284165382385
