lambdaBS,lambdaUE,loss_thresh,mean_rate,threshold rate
25,750,30.0000000000000036,159301373.5906502008438110,103348146.2598393708467484
