lambdaBS,lambdaUE,loss_thresh,mean_rate,threshold rate
25,2000,10.0000000000000000,60864390.6409080401062965,32348693.5398784130811691
