lambdaBS,lambdaUE,loss_thresh,mean_rate,threshold rate
25,750,60.0000000000000000,165878903.1768380403518677,149710708.1640326082706451
