lambdaBS,lambdaUE,loss_thresh,mean_rate,threshold rate
25,1000,50.0000000000000000,80090887.6745335310697556,56578646.8556082248687744
