lambdaBS,lambdaUE,loss_thresh,mean_rate,threshold rate
25,750,70.0000000000000000,194051128.7470055520534515,245059844.9850502610206604
