lambdaBS,lambdaUE,loss_thresh,mean_rate,threshold rate
25,1500,100.0000000000000000,74258144.6002072542905807,399522678.7680881023406982
