lambdaBS,lambdaUE,loss_thresh,mean_rate,threshold rate
25,1500,100.0000000000000000,77493754.2026759386062622,399767366.2572520971298218
