lambdaBS,lambdaUE,loss_thresh,mean_rate,threshold rate
25,250,100.0000000000000000,290745828.2018916010856628,399701444.1940624117851257
