lambdaBS,lambdaUE,loss_thresh,mean_rate,threshold rate
25,2000,40.0000000000000000,41594880.9075666889548302,28649911.6318437606096268
