lambdaBS,lambdaUE,loss_thresh,mean_rate,threshold rate
25,2000,60.0000000000000000,66739001.6189924255013466,50427812.0606698393821716
