lambdaBS,lambdaUE,loss_thresh,mean_rate,threshold rate
25,750,30.0000000000000036,131212270.4838777333498001,76772232.7884987741708755
