lambdaBS,lambdaUE,loss_thresh,mean_rate,threshold rate
25,2000,10.0000000000000000,57087204.3670031502842903,32498055.7923299744725227
