lambdaBS,lambdaUE,loss_thresh,mean_rate,threshold rate
25,750,30.0000000000000036,159879350.8154439032077789,93418560.9320047348737717
