lambdaBS,lambdaUE,loss_thresh,mean_rate,threshold rate
25,1000,80.0000000000000000,110397107.6045265495777130,132779998.3556538820266724
