lambdaBS,lambdaUE,loss_thresh,mean_rate,threshold rate
25,1500,90.0000000000000000,82138213.9431901574134827,152600930.2439022958278656
