lambdaBS,lambdaUE,loss_thresh,mean_rate,threshold rate
25,1000,40.0000000000000000,129635651.8699527382850647,83811926.7873767912387848
