lambdaBS,lambdaUE,loss_thresh,mean_rate,threshold rate
25,1500,90.0000000000000000,81696749.9079154878854752,157374289.5034960806369781
