lambdaBS,lambdaUE,loss_thresh,mean_rate,threshold rate
25,250,20.0000000000000000,282705265.7705399990081787,205132513.0349762737751007
