lambdaBS,lambdaUE,loss_thresh,mean_rate,threshold rate
25,250,50.0000000000000000,290026294.2987244725227356,291981404.5459889769554138
