lambdaBS,lambdaUE,loss_thresh,mean_rate,threshold rate
25,1500,40.0000000000000000,81696749.9079154878854752,53132289.4345696568489075
