lambdaBS,lambdaUE,loss_thresh,mean_rate,threshold rate
25,1000,90.0000000000000000,101906946.0104690641164780,185348599.7488220930099487
