lambdaBS,lambdaUE,loss_thresh,mean_rate,threshold rate
25,250,40.0000000000000000,302831688.7323762178421021,292630856.6406027674674988
