lambdaBS,lambdaUE,loss_thresh,mean_rate,threshold rate
25,2000,100.0000000000000000,52991946.7000781297683716,397829534.8780577182769775
