lambdaBS,lambdaUE,loss_thresh,mean_rate,threshold rate
25,250,80.0000000000000000,239273032.7303931117057800,354978183.8085901737213135
