lambdaBS,lambdaUE,loss_thresh,mean_rate,threshold rate
25,750,80.0000000000000000,137357254.8511541783809662,190016474.3605281114578247
