lambdaBS,lambdaUE,loss_thresh,mean_rate,threshold rate
25,750,90.0000000000000000,125769516.1215940266847610,261982971.5812045633792877
