lambdaBS,lambdaUE,loss_thresh,mean_rate,threshold rate
25,750,30.0000000000000036,126113712.0432818084955215,76916538.8683148324489594
