lambdaBS,lambdaUE,loss_thresh,mean_rate,threshold rate
25,500,30.0000000000000036,265835760.0160096287727356,201041277.3038861751556396
