lambdaBS,lambdaUE,loss_thresh,mean_rate,threshold rate
25,500,20.0000000000000000,223558238.5231485366821289,140596361.0834430456161499
