lambdaBS,lambdaUE,loss_thresh,mean_rate,threshold rate
25,1000,10.0000000000000000,144087980.7628902792930603,67612673.2462204992771149
