lambdaBS,lambdaUE,loss_thresh,mean_rate,threshold rate
25,1000,0.0000000000000000,111593512.5921529084444046,42949288.2291536629199982
