lambdaBS,lambdaUE,loss_thresh,mean_rate,threshold rate
25,1500,40.0000000000000000,93781553.4857155680656433,58191874.1042874604463577
