lambdaBS,lambdaUE,loss_thresh,mean_rate,threshold rate
25,250,50.0000000000000000,291223714.7254930138587952,293130769.1394475698471069
