lambdaBS,lambdaUE,loss_thresh,mean_rate,threshold rate
25,250,50.0000000000000000,297139300.5895200967788696,300532103.9848438501358032
