lambdaBS,lambdaUE,loss_thresh,mean_rate,threshold rate
25,750,70.0000000000000000,154826177.5446601808071136,163417004.9318034052848816
