lambdaBS,lambdaUE,loss_thresh,mean_rate,threshold rate
25,250,60.0000000000000000,306806437.4557766318321228,343425415.1791992187500000
