lambdaBS,lambdaUE,loss_thresh,mean_rate,threshold rate
25,250,10.0000000000000000,303594684.2354417443275452,185261126.6356027424335480
