lambdaBS,lambdaUE,loss_thresh,mean_rate,threshold rate
25,1000,0.0000000000000000,115337179.6485338360071182,49111066.2222063094377518
