lambdaBS,lambdaUE,loss_thresh,mean_rate,threshold rate
25,250,30.0000000000000036,262536866.9099802970886230,197006116.2912921607494354
