lambdaBS,lambdaUE,loss_thresh,mean_rate,threshold rate
25,2000,10.0000000000000000,54923005.9546283781528473,28660264.1618363410234451
