lambdaBS,lambdaUE,loss_thresh,mean_rate,threshold rate
25,1500,90.0000000000000000,74258144.6002072542905807,121120068.6457560360431671
