lambdaBS,lambdaUE,loss_thresh,mean_rate,threshold rate
25,1500,10.0000000000000000,80137926.8273003995418549,44499117.9017346203327179
