lambdaBS,lambdaUE,loss_thresh,mean_rate,threshold rate
25,1000,20.0000000000000000,98943820.5460494756698608,58730549.8413283005356789
