lambdaBS,lambdaUE,loss_thresh,mean_rate,threshold rate
25,500,70.0000000000000000,232670656.5390791594982147,285492932.5911176204681396
