lambdaBS,lambdaUE,loss_thresh,mean_rate,threshold rate
25,750,30.0000000000000036,162533246.0643578171730042,103156755.7571991682052612
