lambdaBS,lambdaUE,loss_thresh,mean_rate,threshold rate
25,750,80.0000000000000000,138469639.9977099299430847,188979308.7563083171844482
