lambdaBS,lambdaUE,loss_thresh,mean_rate,threshold rate
25,250,20.0000000000000000,284183330.5342071056365967,186293313.2684478163719177
