lambdaBS,lambdaUE,loss_thresh,mean_rate,threshold rate
25,2000,0.0000000000000000,63383674.5002592131495476,20281967.4083804264664650
