lambdaBS,lambdaUE,loss_thresh,mean_rate,threshold rate
25,500,100.0000000000000000,211535483.2617533802986145,399818639.8378149271011353
