lambdaBS,lambdaUE,loss_thresh,mean_rate,threshold rate
25,2000,10.0000000000000000,70382396.8436682522296906,41129259.0078059956431389
