lambdaBS,lambdaUE,loss_thresh,mean_rate,threshold rate
25,1000,100.0000000000000000,126501931.6392095535993576,398986429.7926571965217590
