lambdaBS,lambdaUE,loss_thresh,mean_rate,threshold rate
25,500,50.0000000000000000,257898345.5196865200996399,245841688.0353764891624451
