lambdaBS,lambdaUE,loss_thresh,mean_rate,threshold rate
25,750,40.0000000000000000,206999404.5599347949028015,154579700.6335797905921936
