lambdaBS,lambdaUE,loss_thresh,mean_rate,threshold rate
25,250,70.0000000000000000,293378104.0259145498275757,357498582.9269646406173706
