lambdaBS,lambdaUE,loss_thresh,mean_rate,threshold rate
25,500,70.0000000000000000,204222263.0539392828941345,235910938.6124831438064575
