lambdaBS,lambdaUE,loss_thresh,mean_rate,threshold rate
25,2000,60.0000000000000000,37401754.1048015952110291,27791109.3178751803934574
