lambdaBS,lambdaUE,loss_thresh,mean_rate,threshold rate
25,1500,30.0000000000000036,103471025.3001089692115784,60917576.4924730136990547
