lambdaBS,lambdaUE,loss_thresh,mean_rate,threshold rate
25,250,90.0000000000000000,288235448.7020944952964783,386077138.7726209759712219
