lambdaBS,lambdaUE,loss_thresh,mean_rate,threshold rate
25,2000,50.0000000000000000,75399467.1500550955533981,52572897.2732235342264175
