lambdaBS,lambdaUE,loss_thresh,mean_rate,threshold rate
25,500,20.0000000000000000,176673053.5490611493587494,103157902.3956353962421417
