lambdaBS,lambdaUE,loss_thresh,mean_rate,threshold rate
25,2000,60.0000000000000000,56974567.8599111586809158,41841093.0804756432771683
