lambdaBS,lambdaUE,loss_thresh,mean_rate,threshold rate
25,2000,10.0000000000000000,63995786.1745498180389404,36093612.2394022792577744
