lambdaBS,lambdaUE,loss_thresh,mean_rate,threshold rate
25,2000,0.0000000000000000,55905281.6923233717679977,18850567.6101879365742207
