lambdaBS,lambdaUE,loss_thresh,mean_rate,threshold rate
25,2000,0.0000000000000000,81930753.8390030562877655,28931302.7253009676933289
