lambdaBS,lambdaUE,loss_thresh,mean_rate,threshold rate
25,1500,20.0000000000000000,116063919.8313247710466385,65459421.7380531728267670
