lambdaBS,lambdaUE,loss_thresh,mean_rate,threshold rate
25,750,50.0000000000000000,149563626.3222410082817078,109520685.1599293351173401
