lambdaBS,lambdaUE,loss_thresh,mean_rate,threshold rate
25,250,100.0000000000000000,297767393.8968445658683777,399638153.3879992961883545
