lambdaBS,lambdaUE,loss_thresh,mean_rate,threshold rate
25,1000,40.0000000000000000,94124600.6096830964088440,61390228.3031233474612236
