lambdaBS,lambdaUE,loss_thresh,mean_rate,threshold rate
25,2000,80.0000000000000000,49354709.1278658732771873,41972947.6612491756677628
