lambdaBS,lambdaUE,loss_thresh,mean_rate,threshold rate
25,250,10.0000000000000000,301532702.1284962892532349,185306990.9395862817764282
