lambdaBS,lambdaUE,loss_thresh,mean_rate,threshold rate
25,750,100.0000000000000000,144227377.7009856700897217,399687116.6819186806678772
