lambdaBS,lambdaUE,loss_thresh,mean_rate,threshold rate
25,2000,60.0000000000000000,65966018.1752099320292473,46011039.4506868422031403
