lambdaBS,lambdaUE,loss_thresh,mean_rate,threshold rate
25,750,50.0000000000000000,139607656.5568103492259979,98676177.6596168726682663
