lambdaBS,lambdaUE,loss_thresh,mean_rate,threshold rate
25,500,10.0000000000000000,249273413.3952049016952515,141172807.8215669691562653
