lambdaBS,lambdaUE,loss_thresh,mean_rate,threshold rate
25,250,100.0000000000000000,270681329.2155610322952271,399616159.1244666576385498
