lambdaBS,lambdaUE,loss_thresh,mean_rate,threshold rate
25,500,30.0000000000000036,178828950.3131666779518127,116189722.4289196133613586
