lambdaBS,lambdaUE,loss_thresh,mean_rate,threshold rate
25,1000,80.0000000000000000,127920627.5562996715307236,163242089.9201447069644928
