lambdaBS,lambdaUE,loss_thresh,mean_rate,threshold rate
25,2000,10.0000000000000000,48806529.0751942172646523,28044432.9855721369385719
