lambdaBS,lambdaUE,loss_thresh,mean_rate,threshold rate
25,1000,40.0000000000000000,111472474.2292449176311493,68579861.0966212302446365
