lambdaBS,lambdaUE,loss_thresh,mean_rate,threshold rate
25,1000,40.0000000000000000,111593512.5921529084444046,68432273.1825655400753021
