lambdaBS,lambdaUE,loss_thresh,mean_rate,threshold rate
25,2000,0.0000000000000000,50839173.2861243858933449,15297850.7777478136122227
