lambdaBS,lambdaUE,loss_thresh,mean_rate,threshold rate
25,500,70.0000000000000000,256371731.6315537989139557,317596410.8149827122688293
