lambdaBS,lambdaUE,loss_thresh,mean_rate,threshold rate
25,750,30.0000000000000036,152086793.6128051578998566,94469251.1736262887716293
