lambdaBS,lambdaUE,loss_thresh,mean_rate,threshold rate
25,2000,80.0000000000000000,58001672.2311887219548225,50968661.3457750305533409
