lambdaBS,lambdaUE,loss_thresh,mean_rate,threshold rate
25,2000,100.0000000000000000,58747989.7847753390669823,399342745.2866287827491760
