lambdaBS,lambdaUE,loss_thresh,mean_rate,threshold rate
25,250,90.0000000000000000,294667406.6752005219459534,391135024.8749746084213257
