lambdaBS,lambdaUE,loss_thresh,mean_rate,threshold rate
25,750,0.0000000000000000,199707429.1686598360538483,74189862.4787940680980682
