lambdaBS,lambdaUE,loss_thresh,mean_rate,threshold rate
25,1500,90.0000000000000000,86833242.0973747521638870,189040026.2993355989456177
