lambdaBS,lambdaUE,loss_thresh,mean_rate,threshold rate
25,250,30.0000000000000036,252513333.8873901963233948,188409485.8685813248157501
