lambdaBS,lambdaUE,loss_thresh,mean_rate,threshold rate
25,750,20.0000000000000000,153198712.8203188180923462,87707713.9881129115819931
