lambdaBS,lambdaUE,loss_thresh,mean_rate,threshold rate
25,500,10.0000000000000000,160825113.1049457192420959,93104160.0525571852922440
