lambdaBS,lambdaUE,loss_thresh,mean_rate,threshold rate
25,250,70.0000000000000000,289564156.4327043890953064,349952262.4759867191314697
