lambdaBS,lambdaUE,loss_thresh,mean_rate,threshold rate
25,500,100.0000000000000000,233026430.3156396448612213,399661071.7677769660949707
