lambdaBS,lambdaUE,loss_thresh,mean_rate,threshold rate
25,250,0.0000000000000000,306394671.5027071237564087,132234663.5884413123130798
