lambdaBS,lambdaUE,loss_thresh,mean_rate,threshold rate
25,1000,60.0000000000000000,126053447.7040834873914719,92866364.2570102065801620
