lambdaBS,lambdaUE,loss_thresh,mean_rate,threshold rate
25,750,40.0000000000000000,131276599.5707870721817017,80163639.5583877414464951
