lambdaBS,lambdaUE,loss_thresh,mean_rate,threshold rate
25,250,30.0000000000000036,290026294.2987244725227356,240284465.1358523964881897
