lambdaBS,lambdaUE,loss_thresh,mean_rate,threshold rate
25,1500,0.0000000000000000,60403773.3580315560102463,17451841.4814328365027905
