lambdaBS,lambdaUE,loss_thresh,mean_rate,threshold rate
25,250,20.0000000000000000,278905271.0019903182983398,192926109.9664637148380280
