lambdaBS,lambdaUE,loss_thresh,mean_rate,threshold rate
25,750,80.0000000000000000,158119160.0242304205894470,214144315.6990539133548737
