lambdaBS,lambdaUE,loss_thresh,mean_rate,threshold rate
25,750,80.0000000000000000,149947925.1653344929218292,205021605.5405853390693665
