lambdaBS,lambdaUE,loss_thresh,mean_rate,threshold rate
25,2000,20.0000000000000000,58702984.6762075275182724,39638279.0123383477330208
