lambdaBS,lambdaUE,loss_thresh,mean_rate,threshold rate
25,1000,80.0000000000000000,126478633.2569307833909988,156837471.8749385476112366
