lambdaBS,lambdaUE,loss_thresh,mean_rate,threshold rate
25,1000,10.0000000000000000,114274453.8095522969961166,61559721.4162353277206421
