lambdaBS,lambdaUE,loss_thresh,mean_rate,threshold rate
25,250,100.0000000000000000,243289676.8362236320972443,399959677.4924327135086060
