lambdaBS,lambdaUE,loss_thresh,mean_rate,threshold rate
25,2000,50.0000000000000000,72375972.2218290120363235,50042735.9036608338356018
