lambdaBS,lambdaUE,loss_thresh,mean_rate,threshold rate
25,250,60.0000000000000000,306394671.5027071237564087,338925126.1173731088638306
