lambdaBS,lambdaUE,loss_thresh,mean_rate,threshold rate
25,2000,10.0000000000000000,58001672.2311887219548225,33467451.7277710326015949
