lambdaBS,lambdaUE,loss_thresh,mean_rate,threshold rate
25,250,70.0000000000000000,277994868.6527094244956970,357501735.5956047773361206
