lambdaBS,lambdaUE,loss_thresh,mean_rate,threshold rate
25,1000,30.0000000000000036,134061764.4645828902721405,80270150.4637920260429382
