lambdaBS,lambdaUE,loss_thresh,mean_rate,threshold rate
25,750,80.0000000000000000,155942695.8685144484043121,217778890.0721795260906219
