lambdaBS,lambdaUE,loss_thresh,mean_rate,threshold rate
25,2000,70.0000000000000000,61761642.0200998857617378,49322617.5122355595231056
