lambdaBS,lambdaUE,loss_thresh,mean_rate,threshold rate
25,250,50.0000000000000000,290335956.9735071063041687,286556368.1729894876480103
