lambdaBS,lambdaUE,loss_thresh,mean_rate,threshold rate
25,750,30.0000000000000036,128685228.4856506437063217,80230055.6249336451292038
