lambdaBS,lambdaUE,loss_thresh,mean_rate,threshold rate
25,1000,0.0000000000000000,101906946.0104690641164780,41385899.1554881408810616
