lambdaBS,lambdaUE,loss_thresh,mean_rate,threshold rate
25,750,40.0000000000000000,159301373.5906502008438110,112076685.8273251354694366
