lambdaBS,lambdaUE,loss_thresh,mean_rate,threshold rate
25,1500,40.0000000000000000,69316872.9499998241662979,46330452.6338133215904236
