lambdaBS,lambdaUE,loss_thresh,mean_rate,threshold rate
25,750,60.0000000000000000,155942695.8685144484043121,131225841.3688935339450836
