lambdaBS,lambdaUE,loss_thresh,mean_rate,threshold rate
25,1500,40.0000000000000000,74605920.9676925241947174,49333988.6475812196731567
