lambdaBS,lambdaUE,loss_thresh,mean_rate,threshold rate
25,1000,100.0000000000000000,118976417.3674478977918625,399247831.2117223739624023
