lambdaBS,lambdaUE,loss_thresh,mean_rate,threshold rate
25,1000,0.0000000000000000,91361207.9844168722629547,37823368.8378977030515671
