lambdaBS,lambdaUE,loss_thresh,mean_rate,threshold rate
25,1500,30.0000000000000036,86833242.0973747521638870,49836358.7491970807313919
