lambdaBS,lambdaUE,loss_thresh,mean_rate,threshold rate
25,2000,60.0000000000000000,58702984.6762075275182724,46543241.3367821499705315
