lambdaBS,lambdaUE,loss_thresh,mean_rate,threshold rate
25,1000,80.0000000000000000,104522928.6809184551239014,115841705.4196687340736389
