lambdaBS,lambdaUE,loss_thresh,mean_rate,threshold rate
25,1000,70.0000000000000000,129159106.8489950001239777,115843085.4125794917345047
