lambdaBS,lambdaUE,loss_thresh,mean_rate,threshold rate
25,500,50.0000000000000000,204222263.0539392828941345,164204343.6750909090042114
