lambdaBS,lambdaUE,loss_thresh,mean_rate,threshold rate
25,1000,60.0000000000000000,137919017.3074255883693695,110930943.1473101973533630
