lambdaBS,lambdaUE,loss_thresh,mean_rate,threshold rate
25,750,40.0000000000000000,117916449.9048209190368652,79744327.2421787977218628
