lambdaBS,lambdaUE,loss_thresh,mean_rate,threshold rate
25,500,30.0000000000000036,203932088.5897113084793091,127037010.6657098382711411
