lambdaBS,lambdaUE,loss_thresh,mean_rate,threshold rate
25,1000,0.0000000000000000,106974945.4972628951072693,39880101.4902924671769142
