lambdaBS,lambdaUE,loss_thresh,mean_rate,threshold rate
25,250,10.0000000000000000,268481727.2362066507339478,170071451.4224457740783691
