lambdaBS,lambdaUE,loss_thresh,mean_rate,threshold rate
25,500,80.0000000000000000,203098585.1772979795932770,297318634.4512852430343628
