lambdaBS,lambdaUE,loss_thresh,mean_rate,threshold rate
25,750,80.0000000000000000,154599280.2439275383949280,211964912.2415894865989685
