lambdaBS,lambdaUE,loss_thresh,mean_rate,threshold rate
25,1000,20.0000000000000000,104522928.6809184551239014,58913256.7974936142563820
