lambdaBS,lambdaUE,loss_thresh,mean_rate,threshold rate
25,2000,70.0000000000000000,59873746.6564631015062332,46651246.3544364348053932
