lambdaBS,lambdaUE,loss_thresh,mean_rate,threshold rate
25,250,80.0000000000000000,274309910.5850853323936462,362297015.8842920064926147
