lambdaBS,lambdaUE,loss_thresh,mean_rate,threshold rate
25,1500,30.0000000000000036,47901062.3952187970280647,29587214.9605759680271149
