lambdaBS,lambdaUE,loss_thresh,mean_rate,threshold rate
25,1000,50.0000000000000000,88432693.7925610542297363,57944495.0732335075736046
