lambdaBS,lambdaUE,loss_thresh,mean_rate,threshold rate
25,1000,70.0000000000000000,131040853.7542281001806259,119987707.9000874310731888
