lambdaBS,lambdaUE,loss_thresh,mean_rate,threshold rate
25,1000,70.0000000000000000,144356258.8307785093784332,137482605.1028373837471008
