lambdaBS,lambdaUE,loss_thresh,mean_rate,threshold rate
25,750,70.0000000000000000,192398105.9804332554340363,236711224.3493420481681824
