lambdaBS,lambdaUE,loss_thresh,mean_rate,threshold rate
25,500,60.0000000000000000,194343964.8573822081089020,174166788.2119196653366089
