lambdaBS,lambdaUE,loss_thresh,mean_rate,threshold rate
25,1500,40.0000000000000000,68718540.8915736228227615,49602666.6922901570796967
