lambdaBS,lambdaUE,loss_thresh,mean_rate,threshold rate
25,750,10.0000000000000000,149563626.3222410082817078,83240716.1316944956779480
