lambdaBS,lambdaUE,loss_thresh,mean_rate,threshold rate
25,500,30.0000000000000036,169310545.8454463481903076,109658083.0125747621059418
