lambdaBS,lambdaUE,loss_thresh,mean_rate,threshold rate
25,250,20.0000000000000000,262536866.9099802970886230,173103529.1695657670497894
