lambdaBS,lambdaUE,loss_thresh,mean_rate,threshold rate
25,500,100.0000000000000000,188826169.8792707622051239,397488891.0215984582901001
