lambdaBS,lambdaUE,loss_thresh,mean_rate,threshold rate
25,250,90.0000000000000000,296574467.2671362757682800,382006309.6917194128036499
