lambdaBS,lambdaUE,loss_thresh,mean_rate,threshold rate
25,1000,60.0000000000000000,114102832.8003760874271393,86241020.9050952792167664
