lambdaBS,lambdaUE,loss_thresh,mean_rate,threshold rate
25,250,90.0000000000000000,262920882.4668350815773010,387618936.7368549108505249
