lambdaBS,lambdaUE,loss_thresh,mean_rate,threshold rate
25,1000,40.0000000000000000,129149158.4527609348297119,85840343.7408599406480789
