lambdaBS,lambdaUE,loss_thresh,mean_rate,threshold rate
25,1500,70.0000000000000000,75120587.7769700735807419,57871805.8252545297145844
