lambdaBS,lambdaUE,loss_thresh,mean_rate,threshold rate
25,500,40.0000000000000000,164293939.4603703320026398,112768770.4905222803354263
