lambdaBS,lambdaUE,loss_thresh,mean_rate,threshold rate
25,2000,90.0000000000000000,58001672.2311887219548225,74347343.7204266786575317
