lambdaBS,lambdaUE,loss_thresh,mean_rate,threshold rate
25,750,50.0000000000000000,166995098.1058658957481384,122030594.6077042967081070
