lambdaBS,lambdaUE,loss_thresh,mean_rate,threshold rate
25,1000,0.0000000000000000,118278074.9840818643569946,49391697.5222021490335464
