lambdaBS,lambdaUE,loss_thresh,mean_rate,threshold rate
25,1500,90.0000000000000000,59178293.3649869337677956,75449384.5541207790374756
