lambdaBS,lambdaUE,loss_thresh,mean_rate,threshold rate
25,2000,30.0000000000000036,38792331.2653004229068756,25703247.9083325341343880
