lambdaBS,lambdaUE,loss_thresh,mean_rate,threshold rate
25,1500,10.0000000000000000,80811130.3796265274286270,41752596.7904918342828751
