lambdaBS,lambdaUE,loss_thresh,mean_rate,threshold rate
25,2000,60.0000000000000000,69437306.8819510489702225,50035544.5503963753581047
