lambdaBS,lambdaUE,loss_thresh,mean_rate,threshold rate
25,250,50.0000000000000000,297767393.8968445658683777,299376793.4310138225555420
