lambdaBS,lambdaUE,loss_thresh,mean_rate,threshold rate
25,1000,50.0000000000000000,103538602.1898398250341415,69686334.9129350483417511
