lambdaBS,lambdaUE,loss_thresh,mean_rate,threshold rate
25,250,20.0000000000000000,274179328.1097429394721985,189866996.7621073722839355
