lambdaBS,lambdaUE,loss_thresh,mean_rate,threshold rate
25,250,20.0000000000000000,300508665.4237394928932190,238183444.9146549403667450
