lambdaBS,lambdaUE,loss_thresh,mean_rate,threshold rate
25,1500,30.0000000000000036,82045455.3809620738029480,53273677.7084421217441559
