lambdaBS,lambdaUE,loss_thresh,mean_rate,threshold rate
25,500,50.0000000000000000,190056779.5299750566482544,150269806.4173015952110291
