lambdaBS,lambdaUE,loss_thresh,mean_rate,threshold rate
25,750,0.0000000000000000,110108441.9236152470111847,45007119.1609491556882858
