lambdaBS,lambdaUE,loss_thresh,mean_rate,threshold rate
25,1500,0.0000000000000000,123737141.4477924108505249,39311817.0765285268425941
