lambdaBS,lambdaUE,loss_thresh,mean_rate,threshold rate
25,750,100.0000000000000000,167255350.6905601918697357,399287213.0762078762054443
