lambdaBS,lambdaUE,loss_thresh,mean_rate,threshold rate
25,750,60.0000000000000000,199496890.2507174611091614,189648726.7657641470432281
