lambdaBS,lambdaUE,loss_thresh,mean_rate,threshold rate
25,500,80.0000000000000000,245333896.6028930246829987,354289252.4133760333061218
