lambdaBS,lambdaUE,loss_thresh,mean_rate,threshold rate
25,1500,20.0000000000000000,88689550.8980881571769714,52687827.7430914416909218
