lambdaBS,lambdaUE,loss_thresh,mean_rate,threshold rate
25,1500,50.0000000000000000,60403773.3580315560102463,41721312.3662883788347244
