lambdaBS,lambdaUE,loss_thresh,mean_rate,threshold rate
25,250,40.0000000000000000,294652560.7431404590606689,280990952.1106116771697998
