lambdaBS,lambdaUE,loss_thresh,mean_rate,threshold rate
25,1500,30.0000000000000036,91460685.8948157727718353,53618075.9771543219685555
