lambdaBS,lambdaUE,loss_thresh,mean_rate,threshold rate
25,250,50.0000000000000000,315248652.3834155797958374,326747536.1870248317718506
