lambdaBS,lambdaUE,loss_thresh,mean_rate,threshold rate
25,1500,40.0000000000000000,61583977.8417275696992874,39841550.7954977378249168
