lambdaBS,lambdaUE,loss_thresh,mean_rate,threshold rate
25,750,10.0000000000000000,206999404.5599347949028015,105042321.4714959561824799
