lambdaBS,lambdaUE,loss_thresh,mean_rate,threshold rate
25,1500,80.0000000000000000,52885256.3798075765371323,41123463.1306228041648865
