lambdaBS,lambdaUE,loss_thresh,mean_rate,threshold rate
25,2000,30.0000000000000036,87932602.9753477573394775,53052224.6097780317068100
