lambdaBS,lambdaUE,loss_thresh,mean_rate,threshold rate
25,1500,40.0000000000000000,80843512.6108797043561935,53374043.9075937867164612
