lambdaBS,lambdaUE,loss_thresh,mean_rate,threshold rate
25,1500,70.0000000000000000,88131446.4134005606174469,72325857.5199167281389236
