lambdaBS,lambdaUE,loss_thresh,mean_rate,threshold rate
25,1500,30.0000000000000036,57213386.9327307641506195,36343513.7327205836772919
