lambdaBS,lambdaUE,loss_thresh,mean_rate,threshold rate
25,750,100.0000000000000000,167085894.6852245032787323,399904474.5593590736389160
