lambdaBS,lambdaUE,loss_thresh,mean_rate,threshold rate
25,1500,80.0000000000000000,75120587.7769700735807419,70313311.3125018775463104
