lambdaBS,lambdaUE,loss_thresh,mean_rate,threshold rate
25,1500,0.0000000000000000,86696647.1356132328510284,29725551.6040563620626926
