lambdaBS,lambdaUE,loss_thresh,mean_rate,threshold rate
25,250,90.0000000000000000,291621054.1188374757766724,387562274.4330422878265381
