lambdaBS,lambdaUE,loss_thresh,mean_rate,threshold rate
25,750,50.0000000000000000,162429641.4979998171329498,117011357.9787587970495224
