lambdaBS,lambdaUE,loss_thresh,mean_rate,threshold rate
25,1500,0.0000000000000000,78767711.9996387362480164,29484670.5423457548022270
