lambdaBS,lambdaUE,loss_thresh,mean_rate,threshold rate
25,500,80.0000000000000000,226426851.0836409926414490,333923596.9869584441184998
