lambdaBS,lambdaUE,loss_thresh,mean_rate,threshold rate
25,1500,90.0000000000000000,66848330.8482517153024673,98642447.3671218454837799
