lambdaBS,lambdaUE,loss_thresh,mean_rate,threshold rate
25,500,30.0000000000000036,226426851.0836409926414490,153474193.8139023184776306
