lambdaBS,lambdaUE,loss_thresh,mean_rate,threshold rate
25,1000,30.0000000000000036,123765855.4814504235982895,77683480.6886030137538910
