lambdaBS,lambdaUE,loss_thresh,mean_rate,threshold rate
25,500,40.0000000000000000,265835760.0160096287727356,226808596.4248985052108765
