lambdaBS,lambdaUE,loss_thresh,mean_rate,threshold rate
25,1000,70.0000000000000000,111737141.4455456435680389,98057997.9545976817607880
