lambdaBS,lambdaUE,loss_thresh,mean_rate,threshold rate
25,250,10.0000000000000000,266329601.1149017512798309,161001971.9250785708427429
