lambdaBS,lambdaUE,loss_thresh,mean_rate,threshold rate
25,1000,50.0000000000000000,111568575.4929027706384659,77539260.2806909978389740
