lambdaBS,lambdaUE,loss_thresh,mean_rate,threshold rate
25,2000,30.0000000000000036,61446935.6204690188169479,37687551.6302711665630341
