lambdaBS,lambdaUE,loss_thresh,mean_rate,threshold rate
25,750,80.0000000000000000,206999404.5599347949028015,299914498.7515527606010437
