lambdaBS,lambdaUE,loss_thresh,mean_rate,threshold rate
25,250,0.0000000000000000,300601995.4441230893135071,125151563.8159409910440445
