lambdaBS,lambdaUE,loss_thresh,mean_rate,threshold rate
25,1000,80.0000000000000000,109758924.9450438916683197,118990037.2896319627761841
