lambdaBS,lambdaUE,loss_thresh,mean_rate,threshold rate
25,1000,90.0000000000000000,95129199.3819804489612579,192325616.7223312258720398
