lambdaBS,lambdaUE,loss_thresh,mean_rate,threshold rate
25,250,0.0000000000000000,294667406.6752005219459534,136587474.6324970424175262
