lambdaBS,lambdaUE,loss_thresh,mean_rate,threshold rate
25,250,20.0000000000000000,296176002.5036040544509888,221442126.9128843843936920
