lambdaBS,lambdaUE,loss_thresh,mean_rate,threshold rate
25,1000,90.0000000000000000,93914965.5223555415868759,196394782.0889544785022736
