lambdaBS,lambdaUE,loss_thresh,mean_rate,threshold rate
25,2000,80.0000000000000000,55476733.6250363066792488,49353445.7281438857316971
