lambdaBS,lambdaUE,loss_thresh,mean_rate,threshold rate
25,1000,60.0000000000000000,166101768.3984597921371460,140975938.1589247286319733
