lambdaBS,lambdaUE,loss_thresh,mean_rate,threshold rate
25,500,80.0000000000000000,196499472.5015363693237305,279993261.8601556420326233
