lambdaBS,lambdaUE,loss_thresh,mean_rate,threshold rate
25,1000,90.0000000000000000,129635651.8699527382850647,275541855.0588842034339905
