lambdaBS,lambdaUE,loss_thresh,mean_rate,threshold rate
25,2000,20.0000000000000000,69437306.8819510489702225,40532073.7332433015108109
