lambdaBS,lambdaUE,loss_thresh,mean_rate,threshold rate
25,250,100.0000000000000000,301099301.9467942714691162,399796328.6939003467559814
