lambdaBS,lambdaUE,loss_thresh,mean_rate,threshold rate
25,1000,100.0000000000000000,83427377.7444459795951843,399350109.5309630036354065
