lambdaBS,lambdaUE,loss_thresh,mean_rate,threshold rate
25,1000,20.0000000000000000,89515023.9713359624147415,53628328.6771781072020531
