lambdaBS,lambdaUE,loss_thresh,mean_rate,threshold rate
25,2000,70.0000000000000000,66278003.3392788544297218,54676171.4376762807369232
