lambdaBS,lambdaUE,loss_thresh,mean_rate,threshold rate
25,750,40.0000000000000000,168395073.1195701658725739,119089585.5030547976493835
