lambdaBS,lambdaUE,loss_thresh,mean_rate,threshold rate
25,750,100.0000000000000000,143600738.4684507250785828,398663239.3110373616218567
