lambdaBS,lambdaUE,loss_thresh,mean_rate,threshold rate
25,1500,70.0000000000000000,67301508.1838892549276352,50617021.8940353691577911
