lambdaBS,lambdaUE,loss_thresh,mean_rate,threshold rate
25,1000,30.0000000000000036,85722231.1941309869289398,55887216.5907844156026840
