lambdaBS,lambdaUE,loss_thresh,mean_rate,threshold rate
25,500,0.0000000000000000,229952935.4116376638412476,91916602.4649332910776138
