lambdaBS,lambdaUE,loss_thresh,mean_rate,threshold rate
25,1500,20.0000000000000000,82045455.3809620738029480,49697590.7793665975332260
