lambdaBS,lambdaUE,loss_thresh,mean_rate,threshold rate
25,2000,70.0000000000000000,57087204.3670031502842903,44070287.3400550931692123
