lambdaBS,lambdaUE,loss_thresh,mean_rate,threshold rate
25,250,0.0000000000000000,307460330.0645127892494202,158528143.7939822077751160
