lambdaBS,lambdaUE,loss_thresh,mean_rate,threshold rate
25,250,100.0000000000000000,287931514.2966033816337585,399932705.4269061088562012
