lambdaBS,lambdaUE,loss_thresh,mean_rate,threshold rate
25,2000,10.0000000000000000,63383674.5002592131495476,34582513.9845056682825089
