lambdaBS,lambdaUE,loss_thresh,mean_rate,threshold rate
25,2000,60.0000000000000000,88260216.0241076797246933,67868070.9932254254817963
