lambdaBS,lambdaUE,loss_thresh,mean_rate,threshold rate
25,750,70.0000000000000000,199707429.1686598360538483,254646352.8943650722503662
