lambdaBS,lambdaUE,loss_thresh,mean_rate,threshold rate
25,500,80.0000000000000000,187252466.5755333602428436,279436339.2142626643180847
