lambdaBS,lambdaUE,loss_thresh,mean_rate,threshold rate
25,250,90.0000000000000000,266329601.1149017512798309,389230126.9047074317932129
