lambdaBS,lambdaUE,loss_thresh,mean_rate,threshold rate
25,1500,20.0000000000000000,77493754.2026759386062622,46867152.9321541786193848
