lambdaBS,lambdaUE,loss_thresh,mean_rate,threshold rate
25,1500,100.0000000000000000,48839680.8619498834013939,399316693.1113374233245850
