lambdaBS,lambdaUE,loss_thresh,mean_rate,threshold rate
25,1000,60.0000000000000000,80090887.6745335310697556,59298244.2570870816707611
