lambdaBS,lambdaUE,loss_thresh,mean_rate,threshold rate
25,750,40.0000000000000000,137357254.8511541783809662,89079932.8707693070173264
