lambdaBS,lambdaUE,loss_thresh,mean_rate,threshold rate
25,250,60.0000000000000000,266646249.6610763967037201,302123866.7892958521842957
