lambdaBS,lambdaUE,loss_thresh,mean_rate,threshold rate
25,1500,70.0000000000000000,80843512.6108797043561935,64772339.4895839840173721
