lambdaBS,lambdaUE,loss_thresh,mean_rate,threshold rate
25,750,100.0000000000000000,154826177.5446601808071136,399435233.7949194908142090
