lambdaBS,lambdaUE,loss_thresh,mean_rate,threshold rate
25,1500,50.0000000000000000,96498020.0949508696794510,66268793.6170487999916077
