lambdaBS,lambdaUE,loss_thresh,mean_rate,threshold rate
25,500,10.0000000000000000,159687712.3017172217369080,84273121.7189700901508331
