lambdaBS,lambdaUE,loss_thresh,mean_rate,threshold rate
25,250,40.0000000000000000,290335956.9735071063041687,267998049.1822392046451569
