lambdaBS,lambdaUE,loss_thresh,mean_rate,threshold rate
25,500,20.0000000000000000,197810936.0517249405384064,109879585.6232388913631439
