lambdaBS,lambdaUE,loss_thresh,mean_rate,threshold rate
25,750,40.0000000000000000,122559706.6174858212471008,77697084.5021342635154724
