lambdaBS,lambdaUE,loss_thresh,mean_rate,threshold rate
25,750,90.0000000000000000,145335754.2808541059494019,299009062.9248418807983398
