lambdaBS,lambdaUE,loss_thresh,mean_rate,threshold rate
25,2000,60.0000000000000000,41594880.9075666889548302,30714956.0748152397572994
