lambdaBS,lambdaUE,loss_thresh,mean_rate,threshold rate
25,250,100.0000000000000000,277669285.1619676947593689,397438571.2847644686698914
