lambdaBS,lambdaUE,loss_thresh,mean_rate,threshold rate
25,1000,40.0000000000000000,118976417.3674478977918625,73557698.4468421339988708
