lambdaBS,lambdaUE,loss_thresh,mean_rate,threshold rate
25,250,90.0000000000000000,265872923.2297193408012390,394260402.7232609987258911
