lambdaBS,lambdaUE,loss_thresh,mean_rate,threshold rate
25,250,100.0000000000000000,283125772.5286636352539062,399919940.5675115585327148
