lambdaBS,lambdaUE,loss_thresh,mean_rate,threshold rate
25,750,30.0000000000000036,107188527.8131493777036667,68328167.8682607263326645
