lambdaBS,lambdaUE,loss_thresh,mean_rate,threshold rate
25,1000,20.0000000000000000,126299774.7028612494468689,72299982.2365015149116516
