lambdaBS,lambdaUE,loss_thresh,mean_rate,threshold rate
25,2000,30.0000000000000036,61632913.3410553112626076,40181141.9275060594081879
