lambdaBS,lambdaUE,loss_thresh,mean_rate,threshold rate
25,750,10.0000000000000000,171307766.9431833922863007,91317355.8798553049564362
