lambdaBS,lambdaUE,loss_thresh,mean_rate,threshold rate
25,1500,30.0000000000000036,75470483.9172180294990540,46177543.8347886353731155
