lambdaBS,lambdaUE,loss_thresh,mean_rate,threshold rate
25,1500,70.0000000000000000,75862600.6932693123817444,60000323.0008525550365448
