lambdaBS,lambdaUE,loss_thresh,mean_rate,threshold rate
25,500,30.0000000000000036,214401319.7525389492511749,145890856.6935352981090546
