lambdaBS,lambdaUE,loss_thresh,mean_rate,threshold rate
25,1000,50.0000000000000000,127994972.5718139410018921,83154624.2227317094802856
