lambdaBS,lambdaUE,loss_thresh,mean_rate,threshold rate
25,2000,20.0000000000000000,34017729.5774768292903900,19277043.4669487178325653
