lambdaBS,lambdaUE,loss_thresh,mean_rate,threshold rate
25,1500,20.0000000000000000,85984994.8517355918884277,52788876.3360826224088669
