lambdaBS,lambdaUE,loss_thresh,mean_rate,threshold rate
25,500,40.0000000000000000,204311716.0876972377300262,155001045.8186111450195312
