lambdaBS,lambdaUE,loss_thresh,mean_rate,threshold rate
25,500,40.0000000000000000,211535483.2617533802986145,154371148.1184414029121399
