lambdaBS,lambdaUE,loss_thresh,mean_rate,threshold rate
25,250,20.0000000000000000,281014839.7151524424552917,193054656.7288672327995300
