lambdaBS,lambdaUE,loss_thresh,mean_rate,threshold rate
25,250,90.0000000000000000,270799507.3649336099624634,381769962.0544761419296265
