lambdaBS,lambdaUE,loss_thresh,mean_rate,threshold rate
25,1000,100.0000000000000000,127055864.7069120705127716,399960823.0958884358406067
