lambdaBS,lambdaUE,loss_thresh,mean_rate,threshold rate
25,1500,50.0000000000000000,61583977.8417275696992874,41561958.6733874008059502
