lambdaBS,lambdaUE,loss_thresh,mean_rate,threshold rate
25,250,40.0000000000000000,310938424.8790909051895142,293653118.9388525485992432
