lambdaBS,lambdaUE,loss_thresh,mean_rate,threshold rate
25,1000,20.0000000000000000,137919017.3074255883693695,75758886.4239648580551147
