lambdaBS,lambdaUE,loss_thresh,mean_rate,threshold rate
25,1000,90.0000000000000000,98717934.4678460806608200,178441100.4663072824478149
