lambdaBS,lambdaUE,loss_thresh,mean_rate,threshold rate
25,1500,50.0000000000000000,48839680.8619498834013939,36151570.9720148667693138
