lambdaBS,lambdaUE,loss_thresh,mean_rate,threshold rate
25,250,60.0000000000000000,291621054.1188374757766724,334204512.6897228956222534
