lambdaBS,lambdaUE,loss_thresh,mean_rate,threshold rate
25,250,80.0000000000000000,266646249.6610763967037201,360380822.0343632698059082
