lambdaBS,lambdaUE,loss_thresh,mean_rate,threshold rate
25,1500,80.0000000000000000,86416574.0809701830148697,81273151.6679392457008362
