lambdaBS,lambdaUE,loss_thresh,mean_rate,threshold rate
25,750,90.0000000000000000,154007311.5975665748119354,333072943.3053740859031677
