lambdaBS,lambdaUE,loss_thresh,mean_rate,threshold rate
25,1000,30.0000000000000036,129159106.8489950001239777,76778725.6790196895599365
