lambdaBS,lambdaUE,loss_thresh,mean_rate,threshold rate
25,750,80.0000000000000000,167255350.6905601918697357,262140817.5903537869453430
