lambdaBS,lambdaUE,loss_thresh,mean_rate,threshold rate
25,2000,90.0000000000000000,52991946.7000781297683716,60217452.9494056552648544
