lambdaBS,lambdaUE,loss_thresh,mean_rate,threshold rate
25,1500,100.0000000000000000,60542622.9864991903305054,399889778.4021230340003967
