lambdaBS,lambdaUE,loss_thresh,mean_rate,threshold rate
25,1000,100.0000000000000000,101448867.7225758433341980,399676330.1674479842185974
