lambdaBS,lambdaUE,loss_thresh,mean_rate,threshold rate
25,2000,50.0000000000000000,50839173.2861243858933449,33243031.3234584257006645
