lambdaBS,lambdaUE,loss_thresh,mean_rate,threshold rate
25,1500,0.0000000000000000,77866211.4340708404779434,25969350.1719668172299862
