lambdaBS,lambdaUE,loss_thresh,mean_rate,threshold rate
25,750,50.0000000000000000,145335754.2808541059494019,109247713.6675654351711273
