lambdaBS,lambdaUE,loss_thresh,mean_rate,threshold rate
25,1500,100.0000000000000000,80121041.7140337824821472,399175995.5336987972259521
