lambdaBS,lambdaUE,loss_thresh,mean_rate,threshold rate
25,250,30.0000000000000036,243289676.8362236320972443,168854911.9269102811813354
