lambdaBS,lambdaUE,loss_thresh,mean_rate,threshold rate
25,1000,70.0000000000000000,126053447.7040834873914719,108939885.0969986021518707
