lambdaBS,lambdaUE,loss_thresh,mean_rate,threshold rate
25,2000,60.0000000000000000,54476759.0230063870549202,42230199.4804737046360970
