lambdaBS,lambdaUE,loss_thresh,mean_rate,threshold rate
25,1000,0.0000000000000000,138660678.4872659146785736,47887283.4083345010876656
