lambdaBS,lambdaUE,loss_thresh,mean_rate,threshold rate
25,750,10.0000000000000000,120699030.5994547456502914,61553184.9234867393970490
