lambdaBS,lambdaUE,loss_thresh,mean_rate,threshold rate
25,500,0.0000000000000000,199107170.5250081121921539,89566957.6288488209247589
