lambdaBS,lambdaUE,loss_thresh,mean_rate,threshold rate
25,500,90.0000000000000000,147184847.5805005431175232,310540516.2777932882308960
