lambdaBS,lambdaUE,loss_thresh,mean_rate,threshold rate
25,500,70.0000000000000000,204140041.3972802162170410,243474337.4880103468894958
