lambdaBS,lambdaUE,loss_thresh,mean_rate,threshold rate
25,2000,10.0000000000000000,65966018.1752099320292473,34751003.4203116893768311
