lambdaBS,lambdaUE,loss_thresh,mean_rate,threshold rate
25,750,90.0000000000000000,149947925.1653344929218292,312492209.2183536887168884
