lambdaBS,lambdaUE,loss_thresh,mean_rate,threshold rate
25,2000,70.0000000000000000,49783326.8764070197939873,39201587.9836563169956207
