lambdaBS,lambdaUE,loss_thresh,mean_rate,threshold rate
25,250,50.0000000000000000,257485536.9079914987087250,241277440.3948759436607361
