lambdaBS,lambdaUE,loss_thresh,mean_rate,threshold rate
25,500,40.0000000000000000,220033116.1265414655208588,168000922.2234694063663483
