lambdaBS,lambdaUE,loss_thresh,mean_rate,threshold rate
25,500,40.0000000000000000,199107170.5250081121921539,144642040.4955805540084839
