lambdaBS,lambdaUE,loss_thresh,mean_rate,threshold rate
25,500,80.0000000000000000,191493673.9017001688480377,289425893.0648103952407837
