lambdaBS,lambdaUE,loss_thresh,mean_rate,threshold rate
25,2000,90.0000000000000000,66739001.6189924255013466,106451128.3551695346832275
