lambdaBS,lambdaUE,loss_thresh,mean_rate,threshold rate
25,2000,30.0000000000000036,56784643.1083457469940186,36519931.5748581886291504
