lambdaBS,lambdaUE,loss_thresh,mean_rate,threshold rate
25,250,40.0000000000000000,293959182.2258570790290833,263725508.0635526180267334
