lambdaBS,lambdaUE,loss_thresh,mean_rate,threshold rate
25,1500,60.0000000000000000,85543066.2445224225521088,61823814.8218572214245796
