lambdaBS,lambdaUE,loss_thresh,mean_rate,threshold rate
25,250,40.0000000000000000,305050831.5635651946067810,283306316.8603481054306030
