lambdaBS,lambdaUE,loss_thresh,mean_rate,threshold rate
25,1000,80.0000000000000000,83427377.7444459795951843,76867187.1647818684577942
