lambdaBS,lambdaUE,loss_thresh,mean_rate,threshold rate
25,500,80.0000000000000000,218763509.6631558239459991,309828213.4317672252655029
