lambdaBS,lambdaUE,loss_thresh,mean_rate,threshold rate
25,750,0.0000000000000000,148475166.3147248327732086,60128440.8974962979555130
