lambdaBS,lambdaUE,loss_thresh,mean_rate,threshold rate
25,1000,100.0000000000000000,113635323.4658593386411667,398824570.4867268800735474
