lambdaBS,lambdaUE,loss_thresh,mean_rate,threshold rate
25,1500,100.0000000000000000,69561759.1489303708076477,399969151.7746824026107788
