lambdaBS,lambdaUE,loss_thresh,mean_rate,threshold rate
25,500,30.0000000000000036,230025780.0667336583137512,163537102.1435174345970154
