lambdaBS,lambdaUE,loss_thresh,mean_rate,threshold rate
25,2000,40.0000000000000000,71358643.7283172309398651,44236509.6424470096826553
