lambdaBS,lambdaUE,loss_thresh,mean_rate,threshold rate
25,500,80.0000000000000000,193904863.8447406589984894,274062672.6729567646980286
