lambdaBS,lambdaUE,loss_thresh,mean_rate,threshold rate
25,1000,90.0000000000000000,106974945.4972628951072693,218027925.5890557765960693
