lambdaBS,lambdaUE,loss_thresh,mean_rate,threshold rate
25,1000,70.0000000000000000,106974945.4972628951072693,97976737.4149565100669861
