lambdaBS,lambdaUE,loss_thresh,mean_rate,threshold rate
25,1500,10.0000000000000000,47901062.3952187970280647,25354414.2642592638731003
