lambdaBS,lambdaUE,loss_thresh,mean_rate,threshold rate
25,250,90.0000000000000000,300601995.4441230893135071,389142106.9721089005470276
