lambdaBS,lambdaUE,loss_thresh,mean_rate,threshold rate
25,2000,50.0000000000000000,71358643.7283172309398651,46597141.9843249171972275
