lambdaBS,lambdaUE,loss_thresh,mean_rate,threshold rate
25,500,30.0000000000000036,221825162.0981989204883575,146734100.9382553696632385
