lambdaBS,lambdaUE,loss_thresh,mean_rate,threshold rate
25,500,30.0000000000000036,190056779.5299750566482544,120131810.6372872292995453
