lambdaBS,lambdaUE,loss_thresh,mean_rate,threshold rate
25,250,60.0000000000000000,293378104.0259145498275757,322951617.8067265748977661
