lambdaBS,lambdaUE,loss_thresh,mean_rate,threshold rate
25,1000,20.0000000000000000,111472474.2292449176311493,61356720.8702707886695862
