lambdaBS,lambdaUE,loss_thresh,mean_rate,threshold rate
25,1500,0.0000000000000000,72028693.9188253432512283,25881773.0528583563864231
