lambdaBS,lambdaUE,loss_thresh,mean_rate,threshold rate
25,750,50.0000000000000000,143600738.4684507250785828,100830814.9944165647029877
