lambdaBS,lambdaUE,loss_thresh,mean_rate,threshold rate
25,500,100.0000000000000000,175424909.6674039661884308,399369094.8098582625389099
