lambdaBS,lambdaUE,loss_thresh,mean_rate,threshold rate
25,1000,100.0000000000000000,103538602.1898398250341415,399750462.9852961301803589
