lambdaBS,lambdaUE,loss_thresh,mean_rate,threshold rate
25,500,90.0000000000000000,169310545.8454463481903076,344607138.1227380633354187
