lambdaBS,lambdaUE,loss_thresh,mean_rate,threshold rate
25,1000,10.0000000000000000,112573536.7955150455236435,55473336.5491228252649307
