lambdaBS,lambdaUE,loss_thresh,mean_rate,threshold rate
25,2000,80.0000000000000000,46641663.0322953164577484,38048713.6297244280576706
