lambdaBS,lambdaUE,loss_thresh,mean_rate,threshold rate
25,2000,0.0000000000000000,87932602.9753477573394775,29307983.2814703583717346
