lambdaBS,lambdaUE,loss_thresh,mean_rate,threshold rate
25,2000,90.0000000000000000,72375972.2218290120363235,132742234.8125400245189667
