lambdaBS,lambdaUE,loss_thresh,mean_rate,threshold rate
25,1000,30.0000000000000036,88432693.7925610542297363,52877377.7952574342489243
