lambdaBS,lambdaUE,loss_thresh,mean_rate,threshold rate
25,1500,70.0000000000000000,85543066.2445224225521088,68027062.7492571920156479
