lambdaBS,lambdaUE,loss_thresh,mean_rate,threshold rate
25,1500,90.0000000000000000,118317947.7809313684701920,235112295.3037111759185791
