lambdaBS,lambdaUE,loss_thresh,mean_rate,threshold rate
25,250,20.0000000000000000,290026294.2987244725227356,219097076.8701487183570862
