lambdaBS,lambdaUE,loss_thresh,mean_rate,threshold rate
25,1000,70.0000000000000000,126299774.7028612494468689,117473258.1836452633142471
