lambdaBS,lambdaUE,loss_thresh,mean_rate,threshold rate
25,1000,70.0000000000000000,94124600.6096830964088440,78186487.6600924134254456
