lambdaBS,lambdaUE,loss_thresh,mean_rate,threshold rate
25,2000,90.0000000000000000,49783326.8764070197939873,64785874.4053645506501198
