lambdaBS,lambdaUE,loss_thresh,mean_rate,threshold rate
25,1500,50.0000000000000000,64311613.2985997721552849,45205211.7407059073448181
