lambdaBS,lambdaUE,loss_thresh,mean_rate,threshold rate
25,500,20.0000000000000000,226426851.0836409926414490,134515100.7929665446281433
