lambdaBS,lambdaUE,loss_thresh,mean_rate,threshold rate
25,250,80.0000000000000000,284183330.5342071056365967,375119878.9106926321983337
