lambdaBS,lambdaUE,loss_thresh,mean_rate,threshold rate
25,500,80.0000000000000000,205437894.8055492043495178,313511696.3153182268142700
