lambdaBS,lambdaUE,loss_thresh,mean_rate,threshold rate
25,2000,20.0000000000000000,56148353.5995105504989624,29708043.0188153758645058
