lambdaBS,lambdaUE,loss_thresh,mean_rate,threshold rate
25,250,100.0000000000000000,253997166.0669423639774323,399849620.8955833911895752
