lambdaBS,lambdaUE,loss_thresh,mean_rate,threshold rate
25,250,80.0000000000000000,250535621.1387422382831573,354393326.6643487811088562
