lambdaBS,lambdaUE,loss_thresh,mean_rate,threshold rate
25,1500,100.0000000000000000,99477236.2207554876804352,399658991.5841565728187561
