lambdaBS,lambdaUE,loss_thresh,mean_rate,threshold rate
25,2000,100.0000000000000000,53388665.3878123611211777,399710710.5405762195587158
