lambdaBS,lambdaUE,loss_thresh,mean_rate,threshold rate
25,500,40.0000000000000000,200117506.6658497452735901,150400884.3849799036979675
