lambdaBS,lambdaUE,loss_thresh,mean_rate,threshold rate
25,2000,60.0000000000000000,87932602.9753477573394775,67067382.0394161120057106
