lambdaBS,lambdaUE,loss_thresh,mean_rate,threshold rate
25,1000,60.0000000000000000,163810821.3535307943820953,138996983.8927884697914124
