lambdaBS,lambdaUE,loss_thresh,mean_rate,threshold rate
25,2000,80.0000000000000000,42136691.0408588349819183,33217452.2641108036041260
