lambdaBS,lambdaUE,loss_thresh,mean_rate,threshold rate
25,2000,30.0000000000000036,63408999.9613129720091820,36845919.3578936010599136
