lambdaBS,lambdaUE,loss_thresh,mean_rate,threshold rate
25,750,70.0000000000000000,122559706.6174858212471008,111572722.3573534190654755
