lambdaBS,lambdaUE,loss_thresh,mean_rate,threshold rate
25,1500,90.0000000000000000,80121041.7140337824821472,139156198.4683356583118439
