lambdaBS,lambdaUE,loss_thresh,mean_rate,threshold rate
25,250,70.0000000000000000,283048216.4289863705635071,342782199.3683400750160217
