lambdaBS,lambdaUE,loss_thresh,mean_rate,threshold rate
25,750,20.0000000000000000,152086793.6128051578998566,87439838.0604337453842163
