lambdaBS,lambdaUE,loss_thresh,mean_rate,threshold rate
25,1500,70.0000000000000000,74258144.6002072542905807,62218254.3158952668309212
