lambdaBS,lambdaUE,loss_thresh,mean_rate,threshold rate
25,1500,60.0000000000000000,67382523.1430252790451050,49296426.7545490562915802
