lambdaBS,lambdaUE,loss_thresh,mean_rate,threshold rate
25,2000,100.0000000000000000,66973922.5274242311716080,399098030.3537956476211548
