lambdaBS,lambdaUE,loss_thresh,mean_rate,threshold rate
25,750,70.0000000000000000,150346419.1019440889358521,150520992.1165676414966583
