lambdaBS,lambdaUE,loss_thresh,mean_rate,threshold rate
25,500,0.0000000000000000,169128446.8036064505577087,81463269.9726012945175171
