lambdaBS,lambdaUE,loss_thresh,mean_rate,threshold rate
25,1000,40.0000000000000000,99860445.4965724349021912,63112437.4419983550906181
