lambdaBS,lambdaUE,loss_thresh,mean_rate,threshold rate
25,2000,80.0000000000000000,52991946.7000781297683716,46443326.1493065729737282
