lambdaBS,lambdaUE,loss_thresh,mean_rate,threshold rate
25,750,30.0000000000000036,137935430.2246192991733551,83907693.8910741358995438
