lambdaBS,lambdaUE,loss_thresh,mean_rate,threshold rate
25,250,20.0000000000000000,252513333.8873901963233948,175960924.2256607711315155
