lambdaBS,lambdaUE,loss_thresh,mean_rate,threshold rate
25,1000,40.0000000000000000,137919017.3074255883693695,90984583.9364855885505676
