lambdaBS,lambdaUE,loss_thresh,mean_rate,threshold rate
25,1500,20.0000000000000000,96498020.0949508696794510,54408618.0834142863750458
