lambdaBS,lambdaUE,loss_thresh,mean_rate,threshold rate
25,1500,40.0000000000000000,103471025.3001089692115784,65543261.6831927523016930
