lambdaBS,lambdaUE,loss_thresh,mean_rate,threshold rate
25,2000,50.0000000000000000,65666872.3771683499217033,47958833.9058362692594528
