lambdaBS,lambdaUE,loss_thresh,mean_rate,threshold rate
25,250,70.0000000000000000,267824282.5696836113929749,330741858.7492139935493469
