lambdaBS,lambdaUE,loss_thresh,mean_rate,threshold rate
25,500,30.0000000000000036,162556468.4388157427310944,100511592.1686926484107971
