lambdaBS,lambdaUE,loss_thresh,mean_rate,threshold rate
25,500,80.0000000000000000,229952935.4116376638412476,322431262.9124990701675415
