lambdaBS,lambdaUE,loss_thresh,mean_rate,threshold rate
25,1000,80.0000000000000000,109389751.6823235005140305,133068457.5154549181461334
