lambdaBS,lambdaUE,loss_thresh,mean_rate,threshold rate
25,500,90.0000000000000000,206814532.6901633739471436,363260093.7384931445121765
