lambdaBS,lambdaUE,loss_thresh,mean_rate,threshold rate
25,1500,100.0000000000000000,99561452.4301052689552307,399765222.7820065021514893
