lambdaBS,lambdaUE,loss_thresh,mean_rate,threshold rate
25,2000,50.0000000000000000,56889127.1473166272044182,39669449.8247488141059875
