lambdaBS,lambdaUE,loss_thresh,mean_rate,threshold rate
25,1500,90.0000000000000000,66525955.5295467078685760,99723414.3664975166320801
