lambdaBS,lambdaUE,loss_thresh,mean_rate,threshold rate
25,250,60.0000000000000000,309686213.5316359400749207,348819928.9911585450172424
