lambdaBS,lambdaUE,loss_thresh,mean_rate,threshold rate
25,1500,40.0000000000000000,75897609.5003102868795395,48985415.7231922224164009
