lambdaBS,lambdaUE,loss_thresh,mean_rate,threshold rate
25,1000,80.0000000000000000,118976417.3674478977918625,165716544.7057214379310608
