lambdaBS,lambdaUE,loss_thresh,mean_rate,threshold rate
25,1500,30.0000000000000036,86416574.0809701830148697,52325635.4535514190793037
