lambdaBS,lambdaUE,loss_thresh,mean_rate,threshold rate
25,250,40.0000000000000000,284183330.5342071056365967,271820502.2484585046768188
