lambdaBS,lambdaUE,loss_thresh,mean_rate,threshold rate
25,250,70.0000000000000000,293948659.0319084525108337,344943285.4876620769500732
