lambdaBS,lambdaUE,loss_thresh,mean_rate,threshold rate
25,2000,20.0000000000000000,63995786.1745498180389404,38837261.7224690690636635
