lambdaBS,lambdaUE,loss_thresh,mean_rate,threshold rate
25,250,30.0000000000000036,292807224.2829713225364685,243995925.5083890557289124
