lambdaBS,lambdaUE,loss_thresh,mean_rate,threshold rate
25,750,30.0000000000000036,154599280.2439275383949280,94269658.2662228792905807
