lambdaBS,lambdaUE,loss_thresh,mean_rate,threshold rate
25,1500,90.0000000000000000,57741331.5915692150592804,76295987.7612942755222321
