lambdaBS,lambdaUE,loss_thresh,mean_rate,threshold rate
25,250,80.0000000000000000,259160227.4407435357570648,355882700.5651184916496277
