lambdaBS,lambdaUE,loss_thresh,mean_rate,threshold rate
25,500,60.0000000000000000,207015959.3530932366847992,199164508.6708993315696716
