lambdaBS,lambdaUE,loss_thresh,mean_rate,threshold rate
25,1000,40.0000000000000000,113635323.4658593386411667,73322958.5194706767797470
