lambdaBS,lambdaUE,loss_thresh,mean_rate,threshold rate
25,750,90.0000000000000000,162843666.1541970372200012,339311338.1641470789909363
