lambdaBS,lambdaUE,loss_thresh,mean_rate,threshold rate
25,250,70.0000000000000000,294318618.9243327975273132,344349633.5552055835723877
