lambdaBS,lambdaUE,loss_thresh,mean_rate,threshold rate
25,750,60.0000000000000000,162843666.1541970372200012,139895694.8941576480865479
