lambdaBS,lambdaUE,loss_thresh,mean_rate,threshold rate
25,250,90.0000000000000000,293049810.8440539836883545,394309286.5382349491119385
