lambdaBS,lambdaUE,loss_thresh,mean_rate,threshold rate
25,1500,80.0000000000000000,85984994.8517355918884277,83837890.3412092626094818
