lambdaBS,lambdaUE,loss_thresh,mean_rate,threshold rate
25,750,50.0000000000000000,130316952.2468164563179016,94376338.3037935346364975
