lambdaBS,lambdaUE,loss_thresh,mean_rate,threshold rate
25,1500,70.0000000000000000,78767711.9996387362480164,61599849.8488109707832336
