lambdaBS,lambdaUE,loss_thresh,mean_rate,threshold rate
25,750,90.0000000000000000,159879350.8154439032077789,345158807.8988888263702393
