lambdaBS,lambdaUE,loss_thresh,mean_rate,threshold rate
25,500,60.0000000000000000,183309490.6228809952735901,161758832.3717874884605408
