lambdaBS,lambdaUE,loss_thresh,mean_rate,threshold rate
25,250,10.0000000000000000,297139300.5895200967788696,181925572.2388726472854614
