lambdaBS,lambdaUE,loss_thresh,mean_rate,threshold rate
25,500,0.0000000000000000,165428083.7351759374141693,84733653.5412774384021759
