lambdaBS,lambdaUE,loss_thresh,mean_rate,threshold rate
25,250,40.0000000000000000,291621054.1188374757766724,271193402.1143705248832703
