lambdaBS,lambdaUE,loss_thresh,mean_rate,threshold rate
25,250,100.0000000000000000,279098601.9563840627670288,399710666.9188917875289917
