lambdaBS,lambdaUE,loss_thresh,mean_rate,threshold rate
25,500,0.0000000000000000,189683685.9448018670082092,77621959.6520749628543854
