lambdaBS,lambdaUE,loss_thresh,mean_rate,threshold rate
25,250,50.0000000000000000,293948659.0319084525108337,299349992.8322095274925232
