lambdaBS,lambdaUE,loss_thresh,mean_rate,threshold rate
25,2000,50.0000000000000000,57429064.9140639156103134,39022853.9798785373568535
