lambdaBS,lambdaUE,loss_thresh,mean_rate,threshold rate
25,1000,70.0000000000000000,80646573.2939335107803345,62296115.6417450532317162
