lambdaBS,lambdaUE,loss_thresh,mean_rate,threshold rate
25,500,100.0000000000000000,188991611.3950321078300476,399896503.9417223930358887
