lambdaBS,lambdaUE,loss_thresh,mean_rate,threshold rate
25,750,0.0000000000000000,181737928.9022804796695709,64164176.3937420845031738
