lambdaBS,lambdaUE,loss_thresh,mean_rate,threshold rate
25,2000,100.0000000000000000,50088168.6401001587510109,399617319.3715321421623230
