lambdaBS,lambdaUE,loss_thresh,mean_rate,threshold rate
25,250,90.0000000000000000,293948659.0319084525108337,378278720.0557758808135986
