lambdaBS,lambdaUE,loss_thresh,mean_rate,threshold rate
25,1500,90.0000000000000000,89466719.7626030743122101,172230360.9640747010707855
