lambdaBS,lambdaUE,loss_thresh,mean_rate,threshold rate
25,250,100.0000000000000000,275431098.8313042521476746,399886951.0703272223472595
