lambdaBS,lambdaUE,loss_thresh,mean_rate,threshold rate
25,2000,50.0000000000000000,58001672.2311887219548225,41608309.9995931982994080
