lambdaBS,lambdaUE,loss_thresh,mean_rate,threshold rate
25,1000,70.0000000000000000,113635323.4658593386411667,95348124.3988779485225677
