lambdaBS,lambdaUE,loss_thresh,mean_rate,threshold rate
25,250,70.0000000000000000,280732767.4952313303947449,335294766.6180056333541870
