lambdaBS,lambdaUE,loss_thresh,mean_rate,threshold rate
25,250,20.0000000000000000,283125772.5286636352539062,203909245.1512865424156189
