lambdaBS,lambdaUE,loss_thresh,mean_rate,threshold rate
25,250,60.0000000000000000,279098601.9563840627670288,304539415.2279658317565918
