lambdaBS,lambdaUE,loss_thresh,mean_rate,threshold rate
25,750,100.0000000000000000,149947925.1653344929218292,399900672.2588067054748535
