lambdaBS,lambdaUE,loss_thresh,mean_rate,threshold rate
25,1000,100.0000000000000000,101906946.0104690641164780,399552997.0799161791801453
