lambdaBS,lambdaUE,loss_thresh,mean_rate,threshold rate
25,500,40.0000000000000000,197810936.0517249405384064,132884887.0520874559879303
