lambdaBS,lambdaUE,loss_thresh,mean_rate,threshold rate
25,500,0.0000000000000000,220033116.1265414655208588,104498865.6230734884738922
