lambdaBS,lambdaUE,loss_thresh,mean_rate,threshold rate
25,2000,70.0000000000000000,45882657.0967239961028099,36516859.2744701951742172
