lambdaBS,lambdaUE,loss_thresh,mean_rate,threshold rate
25,1500,10.0000000000000000,57353620.3425506278872490,31882476.0660734102129936
