lambdaBS,lambdaUE,loss_thresh,mean_rate,threshold rate
25,1500,0.0000000000000000,77123393.8701012432575226,29950815.2511430792510509
