lambdaBS,lambdaUE,loss_thresh,mean_rate,threshold rate
25,1000,50.0000000000000000,92034427.3394107967615128,59647737.5146870464086533
