lambdaBS,lambdaUE,loss_thresh,mean_rate,threshold rate
25,1500,70.0000000000000000,89364709.6743436306715012,74238226.7811519801616669
