lambdaBS,lambdaUE,loss_thresh,mean_rate,threshold rate
25,2000,20.0000000000000000,58747989.7847753390669823,34680152.0872334241867065
