lambdaBS,lambdaUE,loss_thresh,mean_rate,threshold rate
25,1000,10.0000000000000000,115083360.2753917276859283,60395559.3907746300101280
