lambdaBS,lambdaUE,loss_thresh,mean_rate,threshold rate
25,1500,20.0000000000000000,82138213.9431901574134827,46347904.1297058612108231
