lambdaBS,lambdaUE,loss_thresh,mean_rate,threshold rate
25,250,70.0000000000000000,283125772.5286636352539062,335774375.9848778247833252
