lambdaBS,lambdaUE,loss_thresh,mean_rate,threshold rate
25,2000,80.0000000000000000,56148353.5995105504989624,54044976.2599366158246994
