lambdaBS,lambdaUE,loss_thresh,mean_rate,threshold rate
25,250,90.0000000000000000,282705265.7705399990081787,384451288.2703439593315125
