lambdaBS,lambdaUE,loss_thresh,mean_rate,threshold rate
25,1000,50.0000000000000000,103278447.3806568831205368,66807854.5488770157098770
