lambdaBS,lambdaUE,loss_thresh,mean_rate,threshold rate
25,500,50.0000000000000000,175424909.6674039661884308,132690010.3942416906356812
