lambdaBS,lambdaUE,loss_thresh,mean_rate,threshold rate
25,1000,30.0000000000000036,111737141.4455456435680389,68484908.9550361335277557
