lambdaBS,lambdaUE,loss_thresh,mean_rate,threshold rate
25,750,100.0000000000000000,153189547.8606058657169342,399326263.0589611530303955
