lambdaBS,lambdaUE,loss_thresh,mean_rate,threshold rate
25,2000,60.0000000000000000,58747989.7847753390669823,42910899.6840697079896927
