lambdaBS,lambdaUE,loss_thresh,mean_rate,threshold rate
25,750,20.0000000000000000,165878903.1768380403518677,105668007.7088358998298645
