lambdaBS,lambdaUE,loss_thresh,mean_rate,threshold rate
25,250,40.0000000000000000,301532702.1284962892532349,294796466.7184565067291260
