lambdaBS,lambdaUE,loss_thresh,mean_rate,threshold rate
25,1000,40.0000000000000000,139020875.1377535760402679,90212725.2725976854562759
