lambdaBS,lambdaUE,loss_thresh,mean_rate,threshold rate
25,1500,20.0000000000000000,89364709.6743436306715012,53595549.5711914747953415
