lambdaBS,lambdaUE,loss_thresh,mean_rate,threshold rate
25,750,40.0000000000000000,158119160.0242304205894470,111491837.6846738755702972
