lambdaBS,lambdaUE,loss_thresh,mean_rate,threshold rate
25,2000,80.0000000000000000,97467207.1818301230669022,114709354.2064124196767807
