lambdaBS,lambdaUE,loss_thresh,mean_rate,threshold rate
25,500,60.0000000000000000,222126892.1069528460502625,234056738.7745162844657898
