lambdaBS,lambdaUE,loss_thresh,mean_rate,threshold rate
25,2000,20.0000000000000000,41594880.9075666889548302,26030617.7703538984060287
