lambdaBS,lambdaUE,loss_thresh,mean_rate,threshold rate
25,250,70.0000000000000000,272772754.1196290254592896,332889078.9975804686546326
