lambdaBS,lambdaUE,loss_thresh,mean_rate,threshold rate
25,500,40.0000000000000000,162556468.4388157427310944,106737834.9011084884405136
