lambdaBS,lambdaUE,loss_thresh,mean_rate,threshold rate
25,500,50.0000000000000000,147184847.5805005431175232,99733581.3437102884054184
