lambdaBS,lambdaUE,loss_thresh,mean_rate,threshold rate
25,1000,30.0000000000000036,91361207.9844168722629547,57559922.0646908730268478
