lambdaBS,lambdaUE,loss_thresh,mean_rate,threshold rate
25,1000,100.0000000000000000,122439636.0881149470806122,399730451.0556285381317139
