lambdaBS,lambdaUE,loss_thresh,mean_rate,threshold rate
25,750,90.0000000000000000,153198712.8203188180923462,299155751.6981899738311768
