lambdaBS,lambdaUE,loss_thresh,mean_rate,threshold rate
25,500,50.0000000000000000,194343964.8573822081089020,143921582.3527947664260864
