lambdaBS,lambdaUE,loss_thresh,mean_rate,threshold rate
25,750,0.0000000000000000,108030417.9273125678300858,45517081.7231475785374641
