lambdaBS,lambdaUE,loss_thresh,mean_rate,threshold rate
25,250,50.0000000000000000,287931514.2966033816337585,303789861.2440909147262573
