lambdaBS,lambdaUE,loss_thresh,mean_rate,threshold rate
25,1500,50.0000000000000000,69316872.9499998241662979,48671390.1107605099678040
