lambdaBS,lambdaUE,loss_thresh,mean_rate,threshold rate
25,1000,30.0000000000000036,166101768.3984597921371460,99386233.1067403852939606
