lambdaBS,lambdaUE,loss_thresh,mean_rate,threshold rate
25,1000,60.0000000000000000,92416432.1329274475574493,66019720.3841330558061600
