lambdaBS,lambdaUE,loss_thresh,mean_rate,threshold rate
25,750,30.0000000000000036,167085894.6852245032787323,103165777.6862226426601410
