lambdaBS,lambdaUE,loss_thresh,mean_rate,threshold rate
25,250,90.0000000000000000,277455822.2756936550140381,391761305.1490956544876099
