lambdaBS,lambdaUE,loss_thresh,mean_rate,threshold rate
25,250,70.0000000000000000,297139300.5895200967788696,350608343.9100979566574097
