lambdaBS,lambdaUE,loss_thresh,mean_rate,threshold rate
25,500,70.0000000000000000,203270399.0365623831748962,245529451.1080936789512634
