lambdaBS,lambdaUE,loss_thresh,mean_rate,threshold rate
25,750,100.0000000000000000,162429641.4979998171329498,399838359.4911528825759888
