lambdaBS,lambdaUE,loss_thresh,mean_rate,threshold rate
25,250,10.0000000000000000,309686213.5316359400749207,188231101.1845340132713318
