lambdaBS,lambdaUE,loss_thresh,mean_rate,threshold rate
25,2000,50.0000000000000000,69066483.3061653822660446,48729885.3446900546550751
