lambdaBS,lambdaUE,loss_thresh,mean_rate,threshold rate
25,750,80.0000000000000000,155637274.1525279581546783,217398777.9727419018745422
