lambdaBS,lambdaUE,loss_thresh,mean_rate,threshold rate
25,250,0.0000000000000000,299332505.5781394839286804,150471331.8900403976440430
