lambdaBS,lambdaUE,loss_thresh,mean_rate,threshold rate
25,2000,80.0000000000000000,72375972.2218290120363235,68072926.0460678935050964
