lambdaBS,lambdaUE,loss_thresh,mean_rate,threshold rate
25,750,10.0000000000000000,167085894.6852245032787323,91129815.3496093451976776
