lambdaBS,lambdaUE,loss_thresh,mean_rate,threshold rate
25,2000,40.0000000000000000,55905281.6923233717679977,39460456.3045296818017960
