lambdaBS,lambdaUE,loss_thresh,mean_rate,threshold rate
25,500,90.0000000000000000,194343964.8573822081089020,373607754.0654050111770630
