lambdaBS,lambdaUE,loss_thresh,mean_rate,threshold rate
25,250,40.0000000000000000,253997166.0669423639774323,214615947.7459126412868500
