lambdaBS,lambdaUE,loss_thresh,mean_rate,threshold rate
25,1000,50.0000000000000000,129331404.1830827593803406,91748717.7288013696670532
