lambdaBS,lambdaUE,loss_thresh,mean_rate,threshold rate
25,1500,70.0000000000000000,80137926.8273003995418549,62539017.5843021124601364
