lambdaBS,lambdaUE,loss_thresh,mean_rate,threshold rate
25,2000,20.0000000000000000,86273476.0627824366092682,47183657.4299882426857948
