lambdaBS,lambdaUE,loss_thresh,mean_rate,threshold rate
25,250,90.0000000000000000,274625506.3686826229095459,385618895.0787872076034546
