lambdaBS,lambdaUE,loss_thresh,mean_rate,threshold rate
25,1000,10.0000000000000000,167392508.0464700758457184,79244201.2810371220111847
