lambdaBS,lambdaUE,loss_thresh,mean_rate,threshold rate
25,750,0.0000000000000000,161877426.1697733700275421,62520635.9815702512860298
