lambdaBS,lambdaUE,loss_thresh,mean_rate,threshold rate
25,2000,10.0000000000000000,66974819.0820897296071053,33963006.0890962332487106
