lambdaBS,lambdaUE,loss_thresh,mean_rate,threshold rate
25,1500,50.0000000000000000,72359109.4763343185186386,48925148.1593366265296936
