lambdaBS,lambdaUE,loss_thresh,mean_rate,threshold rate
25,1500,20.0000000000000000,66525955.5295467078685760,40751480.1220339834690094
