lambdaBS,lambdaUE,loss_thresh,mean_rate,threshold rate
25,750,90.0000000000000000,182664999.0430847704410553,364985948.8586542606353760
