lambdaBS,lambdaUE,loss_thresh,mean_rate,threshold rate
25,2000,40.0000000000000000,64079944.1942034736275673,41616248.6882616952061653
