lambdaBS,lambdaUE,loss_thresh,mean_rate,threshold rate
25,750,80.0000000000000000,142905587.7171257734298706,203392827.2749866843223572
