lambdaBS,lambdaUE,loss_thresh,mean_rate,threshold rate
25,250,0.0000000000000000,283048216.4289863705635071,128260598.6900318264961243
