lambdaBS,lambdaUE,loss_thresh,mean_rate,threshold rate
25,500,70.0000000000000000,190365197.4589685499668121,211812201.8263922035694122
