lambdaBS,lambdaUE,loss_thresh,mean_rate,threshold rate
25,750,100.0000000000000000,139222004.5197342634201050,399172497.9442769289016724
