lambdaBS,lambdaUE,loss_thresh,mean_rate,threshold rate
25,500,100.0000000000000000,194343964.8573822081089020,399810701.0673240423202515
