lambdaBS,lambdaUE,loss_thresh,mean_rate,threshold rate
25,2000,100.0000000000000000,48806529.0751942172646523,399204225.6403276920318604
