lambdaBS,lambdaUE,loss_thresh,mean_rate,threshold rate
25,1500,40.0000000000000000,89466719.7626030743122101,58140451.5286250337958336
