lambdaBS,lambdaUE,loss_thresh,mean_rate,threshold rate
25,250,30.0000000000000036,283048216.4289863705635071,234114384.5283474624156952
