lambdaBS,lambdaUE,loss_thresh,mean_rate,threshold rate
25,1000,30.0000000000000036,92416432.1329274475574493,55171450.4813416749238968
