lambdaBS,lambdaUE,loss_thresh,mean_rate,threshold rate
25,250,30.0000000000000036,274179328.1097429394721985,209999837.0519276559352875
