lambdaBS,lambdaUE,loss_thresh,mean_rate,threshold rate
25,500,100.0000000000000000,206140722.6378326416015625,399900492.3237649798393250
