lambdaBS,lambdaUE,loss_thresh,mean_rate,threshold rate
25,750,60.0000000000000000,153198712.8203188180923462,129338192.6167386472225189
