lambdaBS,lambdaUE,loss_thresh,mean_rate,threshold rate
25,500,40.0000000000000000,178878921.2982313632965088,123738409.9332881867885590
