lambdaBS,lambdaUE,loss_thresh,mean_rate,threshold rate
25,1000,10.0000000000000000,126478633.2569307833909988,66793019.4764596596360207
