lambdaBS,lambdaUE,loss_thresh,mean_rate,threshold rate
25,500,80.0000000000000000,213971273.7266663908958435,309110282.0410040616989136
