lambdaBS,lambdaUE,loss_thresh,mean_rate,threshold rate
25,2000,0.0000000000000000,37401754.1048015952110291,15219290.7999196350574493
