lambdaBS,lambdaUE,loss_thresh,mean_rate,threshold rate
25,250,100.0000000000000000,267824282.5696836113929749,399919367.7295519709587097
