lambdaBS,lambdaUE,loss_thresh,mean_rate,threshold rate
25,2000,80.0000000000000000,45882657.0967239961028099,39305047.6164771988987923
