lambdaBS,lambdaUE,loss_thresh,mean_rate,threshold rate
25,1000,30.0000000000000036,144087980.7628902792930603,83293115.7415599077939987
