lambdaBS,lambdaUE,loss_thresh,mean_rate,threshold rate
25,250,20.0000000000000000,293948659.0319084525108337,231221974.5598150491714478
