lambdaBS,lambdaUE,loss_thresh,mean_rate,threshold rate
25,1000,70.0000000000000000,137919017.3074255883693695,133601962.9729525148868561
