lambdaBS,lambdaUE,loss_thresh,mean_rate,threshold rate
25,2000,60.0000000000000000,57186087.7915293499827385,43206073.5388665720820427
