lambdaBS,lambdaUE,loss_thresh,mean_rate,threshold rate
25,1500,40.0000000000000000,60403773.3580315560102463,39246320.3866015747189522
