lambdaBS,lambdaUE,loss_thresh,mean_rate,threshold rate
25,500,100.0000000000000000,164293939.4603703320026398,399875382.7677255868911743
