lambdaBS,lambdaUE,loss_thresh,mean_rate,threshold rate
25,2000,60.0000000000000000,51721079.6352816298604012,37975427.3450986295938492
