lambdaBS,lambdaUE,loss_thresh,mean_rate,threshold rate
25,2000,100.0000000000000000,65666872.3771683499217033,399611053.0775176286697388
