lambdaBS,lambdaUE,loss_thresh,mean_rate,threshold rate
25,750,80.0000000000000000,171167393.7804499864578247,252884958.2812797725200653
