lambdaBS,lambdaUE,loss_thresh,mean_rate,threshold rate
25,250,10.0000000000000000,293049810.8440539836883545,198779574.3761421442031860
