lambdaBS,lambdaUE,loss_thresh,mean_rate,threshold rate
25,2000,90.0000000000000000,66973922.5274242311716080,108467476.6894476115703583
