lambdaBS,lambdaUE,loss_thresh,mean_rate,threshold rate
25,1500,90.0000000000000000,68718540.8915736228227615,88737184.4060882180929184
