lambdaBS,lambdaUE,loss_thresh,mean_rate,threshold rate
25,2000,0.0000000000000000,58747989.7847753390669823,21409923.6854583248496056
