lambdaBS,lambdaUE,loss_thresh,mean_rate,threshold rate
25,1500,50.0000000000000000,107689697.7194018512964249,77248693.8167328536510468
