lambdaBS,lambdaUE,loss_thresh,mean_rate,threshold rate
25,250,50.0000000000000000,300543833.7896934151649475,311195509.7348018884658813
