lambdaBS,lambdaUE,loss_thresh,mean_rate,threshold rate
25,250,60.0000000000000000,227825158.3172380924224854,230951889.6557019948959351
