lambdaBS,lambdaUE,loss_thresh,mean_rate,threshold rate
25,1500,30.0000000000000036,81696749.9079154878854752,50375786.7450773119926453
