lambdaBS,lambdaUE,loss_thresh,mean_rate,threshold rate
25,750,0.0000000000000000,120859099.2272561937570572,60753511.1761978417634964
