lambdaBS,lambdaUE,loss_thresh,mean_rate,threshold rate
25,500,20.0000000000000000,256371731.6315537989139557,163444029.3682717680931091
