lambdaBS,lambdaUE,loss_thresh,mean_rate,threshold rate
25,500,50.0000000000000000,173955911.9568229019641876,123008650.7049434781074524
