lambdaBS,lambdaUE,loss_thresh,mean_rate,threshold rate
25,250,30.0000000000000036,290745828.2018916010856628,243093688.3162497878074646
