lambdaBS,lambdaUE,loss_thresh,mean_rate,threshold rate
25,1500,50.0000000000000000,85984994.8517355918884277,61502337.2680512964725494
