lambdaBS,lambdaUE,loss_thresh,mean_rate,threshold rate
25,500,60.0000000000000000,213971273.7266663908958435,213196678.5708734691143036
