lambdaBS,lambdaUE,loss_thresh,mean_rate,threshold rate
25,750,70.0000000000000000,181737928.9022804796695709,209590570.6194482743740082
