lambdaBS,lambdaUE,loss_thresh,mean_rate,threshold rate
25,1500,80.0000000000000000,78767711.9996387362480164,73788090.7672048956155777
