lambdaBS,lambdaUE,loss_thresh,mean_rate,threshold rate
25,2000,60.0000000000000000,55961653.3258567973971367,43159389.6034681648015976
