lambdaBS,lambdaUE,loss_thresh,mean_rate,threshold rate
25,500,30.0000000000000036,212357953.0745219290256500,143535957.2379281818866730
