lambdaBS,lambdaUE,loss_thresh,mean_rate,threshold rate
25,1500,10.0000000000000000,101185487.0637925267219543,53355370.5406048670411110
