lambdaBS,lambdaUE,loss_thresh,mean_rate,threshold rate
25,1500,30.0000000000000036,98900038.9029720425605774,59304455.5458764508366585
