lambdaBS,lambdaUE,loss_thresh,mean_rate,threshold rate
25,1000,100.0000000000000000,161797087.8351994752883911,399915912.1051176190376282
