lambdaBS,lambdaUE,loss_thresh,mean_rate,threshold rate
25,250,70.0000000000000000,306806437.4557766318321228,366193819.8198326826095581
