lambdaBS,lambdaUE,loss_thresh,mean_rate,threshold rate
25,250,10.0000000000000000,267824282.5696836113929749,159662542.7336061298847198
