lambdaBS,lambdaUE,loss_thresh,mean_rate,threshold rate
25,1000,80.0000000000000000,102167493.6697952896356583,105979554.5183917284011841
