lambdaBS,lambdaUE,loss_thresh,mean_rate,threshold rate
25,1000,40.0000000000000000,127920627.5562996715307236,84823792.0179370194673538
