lambdaBS,lambdaUE,loss_thresh,mean_rate,threshold rate
25,500,40.0000000000000000,156951852.2852806746959686,111241306.6297701597213745
