lambdaBS,lambdaUE,loss_thresh,mean_rate,threshold rate
25,1500,60.0000000000000000,55944595.5965137854218483,40855990.2188415676355362
