lambdaBS,lambdaUE,loss_thresh,mean_rate,threshold rate
25,1000,50.0000000000000000,92416432.1329274475574493,61670197.8959994465112686
