lambdaBS,lambdaUE,loss_thresh,mean_rate,threshold rate
25,1000,70.0000000000000000,102167493.6697952896356583,85576410.7092211395502090
