lambdaBS,lambdaUE,loss_thresh,mean_rate,threshold rate
25,500,0.0000000000000000,191251399.8987487554550171,79228011.6537691801786423
