lambdaBS,lambdaUE,loss_thresh,mean_rate,threshold rate
25,1000,70.0000000000000000,108372620.3200024515390396,97477024.5136415213346481
