lambdaBS,lambdaUE,loss_thresh,mean_rate,threshold rate
25,2000,20.0000000000000000,60864390.6409080401062965,35362135.0667568892240524
