lambdaBS,lambdaUE,loss_thresh,mean_rate,threshold rate
25,1500,90.0000000000000000,75897609.5003102868795395,139004696.6206272840499878
