lambdaBS,lambdaUE,loss_thresh,mean_rate,threshold rate
25,500,60.0000000000000000,191493673.9017001688480377,170240147.3643666505813599
