lambdaBS,lambdaUE,loss_thresh,mean_rate,threshold rate
25,750,40.0000000000000000,155942695.8685144484043121,100127207.3192392289638519
