lambdaBS,lambdaUE,loss_thresh,mean_rate,threshold rate
25,250,10.0000000000000000,262920882.4668350815773010,144677824.6889168918132782
