lambdaBS,lambdaUE,loss_thresh,mean_rate,threshold rate
25,1000,90.0000000000000000,119679648.6324974000453949,277213288.4324627518653870
