lambdaBS,lambdaUE,loss_thresh,mean_rate,threshold rate
25,1000,60.0000000000000000,101906946.0104690641164780,76663825.7136289775371552
