lambdaBS,lambdaUE,loss_thresh,mean_rate,threshold rate
25,1500,80.0000000000000000,77359638.7744346261024475,75564705.9127442687749863
