lambdaBS,lambdaUE,loss_thresh,mean_rate,threshold rate
25,250,60.0000000000000000,253997166.0669423639774323,280518107.7850748300552368
