lambdaBS,lambdaUE,loss_thresh,mean_rate,threshold rate
25,1500,70.0000000000000000,99561452.4301052689552307,89564575.3871373832225800
