lambdaBS,lambdaUE,loss_thresh,mean_rate,threshold rate
25,750,90.0000000000000000,170924857.5760799646377563,331195764.5936738848686218
