lambdaBS,lambdaUE,loss_thresh,mean_rate,threshold rate
25,750,30.0000000000000036,215922754.0323698222637177,151665180.7013061046600342
