lambdaBS,lambdaUE,loss_thresh,mean_rate,threshold rate
25,250,90.0000000000000000,275498188.9532374143600464,388146982.1417884230613708
