lambdaBS,lambdaUE,loss_thresh,mean_rate,threshold rate
25,750,80.0000000000000000,196806957.2354021370410919,286708330.5355699062347412
