lambdaBS,lambdaUE,loss_thresh,mean_rate,threshold rate
25,750,60.0000000000000000,107188527.8131493777036667,79397679.9213797599077225
