lambdaBS,lambdaUE,loss_thresh,mean_rate,threshold rate
25,750,10.0000000000000000,110067459.3325697183609009,63262011.6452848911285400
