lambdaBS,lambdaUE,loss_thresh,mean_rate,threshold rate
25,750,30.0000000000000036,162843666.1541970372200012,100431763.5321851819753647
