lambdaBS,lambdaUE,loss_thresh,mean_rate,threshold rate
25,1000,80.0000000000000000,115083360.2753917276859283,143844169.8928615450859070
