lambdaBS,lambdaUE,loss_thresh,mean_rate,threshold rate
25,1500,30.0000000000000036,88689550.8980881571769714,55811652.5854339599609375
