lambdaBS,lambdaUE,loss_thresh,mean_rate,threshold rate
25,500,0.0000000000000000,193904863.8447406589984894,86582890.0083358138799667
