lambdaBS,lambdaUE,loss_thresh,mean_rate,threshold rate
25,2000,20.0000000000000000,68953960.1516192108392715,36358115.8513386100530624
