lambdaBS,lambdaUE,loss_thresh,mean_rate,threshold rate
25,2000,50.0000000000000000,57087204.3670031502842903,40324559.4051537886261940
