lambdaBS,lambdaUE,loss_thresh,mean_rate,threshold rate
25,1500,30.0000000000000036,77866211.4340708404779434,45606534.3012439385056496
