lambdaBS,lambdaUE,loss_thresh,mean_rate,threshold rate
25,250,40.0000000000000000,267824282.5696836113929749,229134442.5242011845111847
