lambdaBS,lambdaUE,loss_thresh,mean_rate,threshold rate
25,1500,70.0000000000000000,89684275.0049919188022614,73858188.6734525561332703
