lambdaBS,lambdaUE,loss_thresh,mean_rate,threshold rate
25,500,30.0000000000000036,175424909.6674039661884308,115987811.3889807164669037
