lambdaBS,lambdaUE,loss_thresh,mean_rate,threshold rate
25,750,20.0000000000000000,108030417.9273125678300858,65185056.3826749175786972
