lambdaBS,lambdaUE,loss_thresh,mean_rate,threshold rate
25,750,80.0000000000000000,166550955.6694678664207458,223827680.0945146977901459
