lambdaBS,lambdaUE,loss_thresh,mean_rate,threshold rate
25,1000,100.0000000000000000,93914965.5223555415868759,398508479.7087591886520386
