lambdaBS,lambdaUE,loss_thresh,mean_rate,threshold rate
25,500,30.0000000000000036,221349025.4847458004951477,153927491.1100001633167267
