lambdaBS,lambdaUE,loss_thresh,mean_rate,threshold rate
25,1500,20.0000000000000000,85543066.2445224225521088,47645864.3125338330864906
