lambdaBS,lambdaUE,loss_thresh,mean_rate,threshold rate
25,2000,100.0000000000000000,47970043.1779759377241135,399586432.0323375463485718
