lambdaBS,lambdaUE,loss_thresh,mean_rate,threshold rate
25,500,40.0000000000000000,206140722.6378326416015625,148166321.4251199364662170
