lambdaBS,lambdaUE,loss_thresh,mean_rate,threshold rate
25,250,50.0000000000000000,266329601.1149017512798309,255904530.4322660267353058
