lambdaBS,lambdaUE,loss_thresh,mean_rate,threshold rate
25,1500,100.0000000000000000,69890980.5809751451015472,399831436.9274732470512390
