lambdaBS,lambdaUE,loss_thresh,mean_rate,threshold rate
25,500,60.0000000000000000,156329264.3753971457481384,131720085.8417288810014725
