lambdaBS,lambdaUE,loss_thresh,mean_rate,threshold rate
25,1000,90.0000000000000000,108800702.6403066813945770,215820777.1788179576396942
