lambdaBS,lambdaUE,loss_thresh,mean_rate,threshold rate
25,500,40.0000000000000000,213716266.6943967640399933,164483913.8374315202236176
