lambdaBS,lambdaUE,loss_thresh,mean_rate,threshold rate
25,750,90.0000000000000000,143733879.0912370979785919,305537890.4754460453987122
