lambdaBS,lambdaUE,loss_thresh,mean_rate,threshold rate
25,2000,40.0000000000000000,51721079.6352816298604012,34777212.2697758898139000
