lambdaBS,lambdaUE,loss_thresh,mean_rate,threshold rate
25,750,10.0000000000000000,143733879.0912370979785919,79785419.0112187862396240
