lambdaBS,lambdaUE,loss_thresh,mean_rate,threshold rate
25,2000,0.0000000000000000,49500837.5829512625932693,18284396.2086448818445206
