lambdaBS,lambdaUE,loss_thresh,mean_rate,threshold rate
25,500,90.0000000000000000,178828950.3131666779518127,345955830.0525068640708923
