lambdaBS,lambdaUE,loss_thresh,mean_rate,threshold rate
25,2000,30.0000000000000036,48806529.0751942172646523,31909763.0178175792098045
