lambdaBS,lambdaUE,loss_thresh,mean_rate,threshold rate
25,1500,90.0000000000000000,80988837.1309504061937332,151401577.4934927225112915
