lambdaBS,lambdaUE,loss_thresh,mean_rate,threshold rate
25,750,90.0000000000000000,99012073.0574931502342224,208162409.5487671196460724
