lambdaBS,lambdaUE,loss_thresh,mean_rate,threshold rate
25,1000,70.0000000000000000,100035443.1928832232952118,81985342.1260983049869537
