lambdaBS,lambdaUE,loss_thresh,mean_rate,threshold rate
25,1500,10.0000000000000000,75120587.7769700735807419,41129143.3054347336292267
