lambdaBS,lambdaUE,loss_thresh,mean_rate,threshold rate
25,1000,40.0000000000000000,159159871.0735320150852203,110000235.4034643769264221
