lambdaBS,lambdaUE,loss_thresh,mean_rate,threshold rate
25,500,20.0000000000000000,222994751.6000937521457672,139690656.0172797739505768
