lambdaBS,lambdaUE,loss_thresh,mean_rate,threshold rate
25,1500,70.0000000000000000,74605920.9676925241947174,58579772.1850204467773438
