lambdaBS,lambdaUE,loss_thresh,mean_rate,threshold rate
25,1000,60.0000000000000000,108800702.6403066813945770,82026441.5455277264118195
