lambdaBS,lambdaUE,loss_thresh,mean_rate,threshold rate
25,250,100.0000000000000000,262920882.4668350815773010,399595263.5060647726058960
