lambdaBS,lambdaUE,loss_thresh,mean_rate,threshold rate
25,500,100.0000000000000000,221825162.0981989204883575,399886133.0804359912872314
