lambdaBS,lambdaUE,loss_thresh,mean_rate,threshold rate
25,2000,50.0000000000000000,64079944.1942034736275673,43744766.4731333106756210
