lambdaBS,lambdaUE,loss_thresh,mean_rate,threshold rate
25,250,30.0000000000000036,271810300.9025349020957947,210004478.4356358647346497
