lambdaBS,lambdaUE,loss_thresh,mean_rate,threshold rate
25,1500,20.0000000000000000,107689697.7194018512964249,60176130.6030840277671814
