lambdaBS,lambdaUE,loss_thresh,mean_rate,threshold rate
25,1500,40.0000000000000000,77493754.2026759386062622,51729877.4198773577809334
