lambdaBS,lambdaUE,loss_thresh,mean_rate,threshold rate
25,1000,40.0000000000000000,114274453.8095522969961166,74292293.0552002042531967
