lambdaBS,lambdaUE,loss_thresh,mean_rate,threshold rate
25,2000,10.0000000000000000,56868228.2897503301501274,30245464.1411716639995575
