lambdaBS,lambdaUE,loss_thresh,mean_rate,threshold rate
25,500,70.0000000000000000,160825113.1049457192420959,157993500.2849570810794830
