lambdaBS,lambdaUE,loss_thresh,mean_rate,threshold rate
25,2000,20.0000000000000000,62474752.9353357851505280,35043809.0672912448644638
