lambdaBS,lambdaUE,loss_thresh,mean_rate,threshold rate
25,1000,30.0000000000000036,144838088.9673042893409729,88965714.9390825182199478
