lambdaBS,lambdaUE,loss_thresh,mean_rate,threshold rate
25,1500,30.0000000000000036,64311613.2985997721552849,41772886.5247819796204567
