lambdaBS,lambdaUE,loss_thresh,mean_rate,threshold rate
25,1500,100.0000000000000000,77866211.4340708404779434,399632612.4947884082794189
