lambdaBS,lambdaUE,loss_thresh,mean_rate,threshold rate
25,2000,40.0000000000000000,54334385.4918935149908066,36709390.1151644736528397
