lambdaBS,lambdaUE,loss_thresh,mean_rate,threshold rate
25,1000,100.0000000000000000,94124600.6096830964088440,398489387.2644002437591553
