lambdaBS,lambdaUE,loss_thresh,mean_rate,threshold rate
25,1500,80.0000000000000000,80137926.8273003995418549,81944845.3909845650196075
