lambdaBS,lambdaUE,loss_thresh,mean_rate,threshold rate
25,2000,0.0000000000000000,62300538.9624994173645973,21503042.9016920216381550
