lambdaBS,lambdaUE,loss_thresh,mean_rate,threshold rate
25,1000,20.0000000000000000,128178526.0993956923484802,70323052.1615239381790161
