lambdaBS,lambdaUE,loss_thresh,mean_rate,threshold rate
25,1000,10.0000000000000000,118278074.9840818643569946,65355439.1673734858632088
