lambdaBS,lambdaUE,loss_thresh,mean_rate,threshold rate
25,500,0.0000000000000000,161868819.2519365251064301,74611653.2378832548856735
