lambdaBS,lambdaUE,loss_thresh,mean_rate,threshold rate
25,750,40.0000000000000000,159978555.5293815135955811,108997275.1616262048482895
