lambdaBS,lambdaUE,loss_thresh,mean_rate,threshold rate
25,1000,30.0000000000000036,114274453.8095522969961166,70412113.8800468444824219
