lambdaBS,lambdaUE,loss_thresh,mean_rate,threshold rate
25,500,20.0000000000000000,213536480.9752264916896820,129907080.3015030026435852
