lambdaBS,lambdaUE,loss_thresh,mean_rate,threshold rate
25,500,10.0000000000000000,200117506.6658497452735901,114739620.5472812205553055
