lambdaBS,lambdaUE,loss_thresh,mean_rate,threshold rate
25,2000,90.0000000000000000,75399467.1500550955533981,131948192.3794278651475906
