lambdaBS,lambdaUE,loss_thresh,mean_rate,threshold rate
25,250,100.0000000000000000,288235448.7020944952964783,399441098.1073623299598694
