lambdaBS,lambdaUE,loss_thresh,mean_rate,threshold rate
25,250,30.0000000000000036,286444241.0471339821815491,235836642.0298895835876465
