lambdaBS,lambdaUE,loss_thresh,mean_rate,threshold rate
25,2000,90.0000000000000000,56889127.1473166272044182,82895899.0313362479209900
