lambdaBS,lambdaUE,loss_thresh,mean_rate,threshold rate
25,1500,20.0000000000000000,80137926.8273003995418549,48081446.6427530720829964
