lambdaBS,lambdaUE,loss_thresh,mean_rate,threshold rate
25,500,100.0000000000000000,173955911.9568229019641876,399865893.5447524785995483
