lambdaBS,lambdaUE,loss_thresh,mean_rate,threshold rate
25,250,30.0000000000000036,239273032.7303931117057800,160414222.0148935019969940
