lambdaBS,lambdaUE,loss_thresh,mean_rate,threshold rate
25,1000,90.0000000000000000,90200644.4742006659507751,166508855.8105553388595581
