lambdaBS,lambdaUE,loss_thresh,mean_rate,threshold rate
25,1500,70.0000000000000000,55944595.5965137854218483,44225530.5001281648874283
