lambdaBS,lambdaUE,loss_thresh,mean_rate,threshold rate
25,500,20.0000000000000000,204222263.0539392828941345,125405939.4130057245492935
