lambdaBS,lambdaUE,loss_thresh,mean_rate,threshold rate
25,2000,40.0000000000000000,48557252.2873085588216782,34877030.7674534767866135
