lambdaBS,lambdaUE,loss_thresh,mean_rate,threshold rate
25,1000,30.0000000000000036,99860445.4965724349021912,60443700.3193687126040459
