lambdaBS,lambdaUE,loss_thresh,mean_rate,threshold rate
25,1000,60.0000000000000000,119679648.6324974000453949,91332999.4690968245267868
