lambdaBS,lambdaUE,loss_thresh,mean_rate,threshold rate
25,500,30.0000000000000036,195590553.7730862498283386,123754355.2224217802286148
