lambdaBS,lambdaUE,loss_thresh,mean_rate,threshold rate
25,1500,70.0000000000000000,107689697.7194018512964249,96569602.3442048430442810
