lambdaBS,lambdaUE,loss_thresh,mean_rate,threshold rate
25,1000,80.0000000000000000,111568575.4929027706384659,134040952.4478880763053894
