lambdaBS,lambdaUE,loss_thresh,mean_rate,threshold rate
25,2000,100.0000000000000000,68953960.1516192108392715,399832534.1167696714401245
