lambdaBS,lambdaUE,loss_thresh,mean_rate,threshold rate
25,500,10.0000000000000000,196499472.5015363693237305,112707943.1838252395391464
