lambdaBS,lambdaUE,loss_thresh,mean_rate,threshold rate
25,1000,30.0000000000000036,98943820.5460494756698608,62323544.4836989641189575
