lambdaBS,lambdaUE,loss_thresh,mean_rate,threshold rate
25,750,70.0000000000000000,161877426.1697733700275421,170865353.8695767819881439
