lambdaBS,lambdaUE,loss_thresh,mean_rate,threshold rate
25,750,0.0000000000000000,153189547.8606058657169342,63791668.0110381692647934
