lambdaBS,lambdaUE,loss_thresh,mean_rate,threshold rate
25,1500,0.0000000000000000,65723562.7735048681497574,23613874.6649689897894859
