lambdaBS,lambdaUE,loss_thresh,mean_rate,threshold rate
25,2000,70.0000000000000000,87932602.9753477573394775,73993492.0512509495019913
