lambdaBS,lambdaUE,loss_thresh,mean_rate,threshold rate
25,500,60.0000000000000000,195128016.4363408982753754,168117944.1299035549163818
