lambdaBS,lambdaUE,loss_thresh,mean_rate,threshold rate
25,2000,60.0000000000000000,58957806.4853451997041702,42344851.5460374504327774
