lambdaBS,lambdaUE,loss_thresh,mean_rate,threshold rate
25,250,60.0000000000000000,262536866.9099802970886230,297729210.2286475300788879
