lambdaBS,lambdaUE,loss_thresh,mean_rate,threshold rate
25,2000,20.0000000000000000,61632913.3410553112626076,37884194.9308860227465630
