lambdaBS,lambdaUE,loss_thresh,mean_rate,threshold rate
25,1500,60.0000000000000000,92062317.2619398683309555,70575497.2825105190277100
