lambdaBS,lambdaUE,loss_thresh,mean_rate,threshold rate
25,1000,40.0000000000000000,89515023.9713359624147415,59788077.5950914770364761
