lambdaBS,lambdaUE,loss_thresh,mean_rate,threshold rate
25,1000,60.0000000000000000,106974945.4972628951072693,81196459.5019600689411163
