lambdaBS,lambdaUE,loss_thresh,mean_rate,threshold rate
25,750,80.0000000000000000,128685228.4856506437063217,165940802.4531369805335999
