lambdaBS,lambdaUE,loss_thresh,mean_rate,threshold rate
25,750,20.0000000000000000,98790830.1420820355415344,63130522.0136772394180298
