lambdaBS,lambdaUE,loss_thresh,mean_rate,threshold rate
25,1000,30.0000000000000036,113478921.8477745652198792,69279173.9019393622875214
