lambdaBS,lambdaUE,loss_thresh,mean_rate,threshold rate
25,500,20.0000000000000000,210764168.7636462748050690,130952993.8608831167221069
