lambdaBS,lambdaUE,loss_thresh,mean_rate,threshold rate
25,500,30.0000000000000036,233026430.3156396448612213,155485657.0897003412246704
