lambdaBS,lambdaUE,loss_thresh,mean_rate,threshold rate
25,1000,50.0000000000000000,182141719.9945314526557922,148692600.7050084471702576
