lambdaBS,lambdaUE,loss_thresh,mean_rate,threshold rate
25,500,70.0000000000000000,190056779.5299750566482544,221067576.3995257616043091
