lambdaBS,lambdaUE,loss_thresh,mean_rate,threshold rate
25,750,60.0000000000000000,155637274.1525279581546783,123287580.3510802090167999
