lambdaBS,lambdaUE,loss_thresh,mean_rate,threshold rate
25,2000,70.0000000000000000,56974567.8599111586809158,45032299.1248570606112480
