lambdaBS,lambdaUE,loss_thresh,mean_rate,threshold rate
25,750,20.0000000000000000,139222004.5197342634201050,78087152.6794072985649109
