lambdaBS,lambdaUE,loss_thresh,mean_rate,threshold rate
25,1000,30.0000000000000036,122439636.0881149470806122,74716298.9709849208593369
