lambdaBS,lambdaUE,loss_thresh,mean_rate,threshold rate
25,500,40.0000000000000000,165428083.7351759374141693,113650698.4126920104026794
