lambdaBS,lambdaUE,loss_thresh,mean_rate,threshold rate
25,1000,0.0000000000000000,98943820.5460494756698608,37017934.4099166914820671
