lambdaBS,lambdaUE,loss_thresh,mean_rate,threshold rate
25,500,40.0000000000000000,157582473.0646435916423798,103266431.5071608722209930
