lambdaBS,lambdaUE,loss_thresh,mean_rate,threshold rate
25,1500,50.0000000000000000,58577805.9608336016535759,41724674.6820114254951477
