lambdaBS,lambdaUE,loss_thresh,mean_rate,threshold rate
25,500,60.0000000000000000,189683685.9448018670082092,184496891.2857447266578674
