lambdaBS,lambdaUE,loss_thresh,mean_rate,threshold rate
25,2000,80.0000000000000000,69437306.8819510489702225,61560041.5460293516516685
