lambdaBS,lambdaUE,loss_thresh,mean_rate,threshold rate
25,1500,0.0000000000000000,87984004.9698738157749176,30068573.3111929260194302
