lambdaBS,lambdaUE,loss_thresh,mean_rate,threshold rate
25,1500,20.0000000000000000,102875847.8133615702390671,54473291.8005918785929680
