lambdaBS,lambdaUE,loss_thresh,mean_rate,threshold rate
25,500,10.0000000000000000,205437894.8055492043495178,113644701.3876433670520782
