lambdaBS,lambdaUE,loss_thresh,mean_rate,threshold rate
25,1500,100.0000000000000000,88131446.4134005606174469,399712892.1916798949241638
