lambdaBS,lambdaUE,loss_thresh,mean_rate,threshold rate
25,500,90.0000000000000000,245374647.5183960795402527,382271453.2516716718673706
