lambdaBS,lambdaUE,loss_thresh,mean_rate,threshold rate
25,250,50.0000000000000000,295615349.8246500492095947,300938280.9429973363876343
