lambdaBS,lambdaUE,loss_thresh,mean_rate,threshold rate
25,500,80.0000000000000000,164293939.4603703320026398,222210547.8857244551181793
