lambdaBS,lambdaUE,loss_thresh,mean_rate,threshold rate
25,1000,10.0000000000000000,95129199.3819804489612579,53536006.2692321538925171
