lambdaBS,lambdaUE,loss_thresh,mean_rate,threshold rate
25,250,70.0000000000000000,260840409.3548102676868439,309465138.6456843614578247
