lambdaBS,lambdaUE,loss_thresh,mean_rate,threshold rate
25,1000,30.0000000000000036,182141719.9945314526557922,121145600.7589640021324158
