lambdaBS,lambdaUE,loss_thresh,mean_rate,threshold rate
25,500,0.0000000000000000,205437894.8055492043495178,90009596.8906036615371704
