lambdaBS,lambdaUE,loss_thresh,mean_rate,threshold rate
25,250,60.0000000000000000,290745828.2018916010856628,325199442.2469547390937805
