lambdaBS,lambdaUE,loss_thresh,mean_rate,threshold rate
25,1500,40.0000000000000000,67382523.1430252790451050,45156096.9829199016094208
