lambdaBS,lambdaUE,loss_thresh,mean_rate,threshold rate
25,2000,0.0000000000000000,55620506.0765084773302078,14906993.1521534249186516
