lambdaBS,lambdaUE,loss_thresh,mean_rate,threshold rate
25,250,100.0000000000000000,306806437.4557766318321228,399830018.9183350205421448
