lambdaBS,lambdaUE,loss_thresh,mean_rate,threshold rate
25,250,70.0000000000000000,295615349.8246500492095947,353797525.3712782859802246
