lambdaBS,lambdaUE,loss_thresh,mean_rate,threshold rate
25,1500,70.0000000000000000,78590688.9124905318021774,64299713.0957001298666000
