lambdaBS,lambdaUE,loss_thresh,mean_rate,threshold rate
25,1000,80.0000000000000000,67855215.6360788047313690,62749433.4902779385447502
