lambdaBS,lambdaUE,loss_thresh,mean_rate,threshold rate
25,1500,0.0000000000000000,55944595.5965137854218483,18688714.0081196241080761
