lambdaBS,lambdaUE,loss_thresh,mean_rate,threshold rate
25,250,40.0000000000000000,270681329.2155610322952271,230479912.6323958337306976
