lambdaBS,lambdaUE,loss_thresh,mean_rate,threshold rate
25,1500,90.0000000000000000,91460685.8948157727718353,190948713.1833101809024811
