lambdaBS,lambdaUE,loss_thresh,mean_rate,threshold rate
25,1500,70.0000000000000000,81500970.2790151238441467,67254963.6069862991571426
