lambdaBS,lambdaUE,loss_thresh,mean_rate,threshold rate
25,1000,40.0000000000000000,126501931.6392095535993576,83036995.6320042610168457
