lambdaBS,lambdaUE,loss_thresh,mean_rate,threshold rate
25,750,80.0000000000000000,154826177.5446601808071136,220579113.2231369316577911
