lambdaBS,lambdaUE,loss_thresh,mean_rate,threshold rate
25,750,80.0000000000000000,96746134.5355876386165619,98583196.9535683840513229
