lambdaBS,lambdaUE,loss_thresh,mean_rate,threshold rate
25,500,50.0000000000000000,169128446.8036064505577087,124221704.6353882849216461
