lambdaBS,lambdaUE,loss_thresh,mean_rate,threshold rate
25,750,40.0000000000000000,166550955.6694678664207458,119343896.5458794236183167
