lambdaBS,lambdaUE,loss_thresh,mean_rate,threshold rate
25,500,50.0000000000000000,195590553.7730862498283386,154560080.7373333573341370
