lambdaBS,lambdaUE,loss_thresh,mean_rate,threshold rate
25,500,50.0000000000000000,221825162.0981989204883575,184461018.7755196094512939
