lambdaBS,lambdaUE,loss_thresh,mean_rate,threshold rate
25,1500,40.0000000000000000,75684603.2912701815366745,49953018.9928501993417740
