lambdaBS,lambdaUE,loss_thresh,mean_rate,threshold rate
25,750,20.0000000000000000,128259416.4522450715303421,71773529.0122047662734985
