lambdaBS,lambdaUE,loss_thresh,mean_rate,threshold rate
25,2000,100.0000000000000000,56090337.9564635455608368,399529362.6187509298324585
