lambdaBS,lambdaUE,loss_thresh,mean_rate,threshold rate
25,1500,60.0000000000000000,61583977.8417275696992874,44019626.9354414939880371
