lambdaBS,lambdaUE,loss_thresh,mean_rate,threshold rate
25,1000,20.0000000000000000,99860445.4965724349021912,57798323.2761216238141060
