lambdaBS,lambdaUE,loss_thresh,mean_rate,threshold rate
25,1500,0.0000000000000000,60184069.0373658239841461,22118000.7873591557145119
