lambdaBS,lambdaUE,loss_thresh,mean_rate,threshold rate
25,1500,30.0000000000000036,88131446.4134005606174469,53524210.3633589297533035
