lambdaBS,lambdaUE,loss_thresh,mean_rate,threshold rate
25,1000,60.0000000000000000,105326884.5751594752073288,79143617.1312724053859711
