lambdaBS,lambdaUE,loss_thresh,mean_rate,threshold rate
25,2000,80.0000000000000000,59561739.0353456437587738,52958705.1242167949676514
