lambdaBS,lambdaUE,loss_thresh,mean_rate,threshold rate
25,500,80.0000000000000000,170347966.1752496361732483,276356965.7387076616287231
