lambdaBS,lambdaUE,loss_thresh,mean_rate,threshold rate
25,1500,60.0000000000000000,82138213.9431901574134827,61968452.7428259328007698
