lambdaBS,lambdaUE,loss_thresh,mean_rate,threshold rate
25,750,30.0000000000000036,139222004.5197342634201050,83753899.8271783590316772
