lambdaBS,lambdaUE,loss_thresh,mean_rate,threshold rate
25,750,80.0000000000000000,172500979.9761629700660706,232174997.9891713559627533
