lambdaBS,lambdaUE,loss_thresh,mean_rate,threshold rate
25,2000,90.0000000000000000,58957806.4853451997041702,92312762.7362019717693329
