lambdaBS,lambdaUE,loss_thresh,mean_rate,threshold rate
25,750,0.0000000000000000,139607656.5568103492259979,56548832.0819563865661621
