lambdaBS,lambdaUE,loss_thresh,mean_rate,threshold rate
25,2000,100.0000000000000000,40927057.5321334451436996,399788586.5706967115402222
