lambdaBS,lambdaUE,loss_thresh,mean_rate,threshold rate
25,1000,60.0000000000000000,126501931.6392095535993576,103548726.2743530124425888
