lambdaBS,lambdaUE,loss_thresh,mean_rate,threshold rate
25,500,40.0000000000000000,194343964.8573822081089020,127950509.9593525379896164
