lambdaBS,lambdaUE,loss_thresh,mean_rate,threshold rate
25,1500,100.0000000000000000,80557282.5083457678556442,399977962.9356973171234131
