lambdaBS,lambdaUE,loss_thresh,mean_rate,threshold rate
25,250,100.0000000000000000,301543110.8811925649642944,399737790.3118782639503479
