lambdaBS,lambdaUE,loss_thresh,mean_rate,threshold rate
25,1000,30.0000000000000036,103278447.3806568831205368,59475217.1566705629229546
