lambdaBS,lambdaUE,loss_thresh,mean_rate,threshold rate
25,500,0.0000000000000000,212357953.0745219290256500,87142743.6290084272623062
