lambdaBS,lambdaUE,loss_thresh,mean_rate,threshold rate
25,250,10.0000000000000000,277994868.6527094244956970,166940522.4822560846805573
