lambdaBS,lambdaUE,loss_thresh,mean_rate,threshold rate
25,250,20.0000000000000000,294667406.6752005219459534,223581389.1011247634887695
