lambdaBS,lambdaUE,loss_thresh,mean_rate,threshold rate
25,1000,0.0000000000000000,95129199.3819804489612579,46537256.0100436732172966
