lambdaBS,lambdaUE,loss_thresh,mean_rate,threshold rate
25,1000,90.0000000000000000,126501931.6392095535993576,259616301.4492693841457367
