lambdaBS,lambdaUE,loss_thresh,mean_rate,threshold rate
25,500,20.0000000000000000,178828950.3131666779518127,109897163.5817050188779831
