lambdaBS,lambdaUE,loss_thresh,mean_rate,threshold rate
25,250,10.0000000000000000,277455822.2756936550140381,172308299.7246568500995636
