lambdaBS,lambdaUE,loss_thresh,mean_rate,threshold rate
25,2000,50.0000000000000000,48028662.9549871087074280,34524245.2795997783541679
