lambdaBS,lambdaUE,loss_thresh,mean_rate,threshold rate
25,1500,60.0000000000000000,123737141.4477924108505249,100817611.5418789535760880
