lambdaBS,lambdaUE,loss_thresh,mean_rate,threshold rate
25,2000,60.0000000000000000,63408999.9613129720091820,46409470.9655333012342453
