lambdaBS,lambdaUE,loss_thresh,mean_rate,threshold rate
25,1500,100.0000000000000000,66848330.8482517153024673,399977214.0815170407295227
