lambdaBS,lambdaUE,loss_thresh,mean_rate,threshold rate
25,2000,50.0000000000000000,48557252.2873085588216782,36246834.4586904048919678
