lambdaBS,lambdaUE,loss_thresh,mean_rate,threshold rate
25,1000,60.0000000000000000,76853562.4266330301761627,53973141.5385281294584274
