lambdaBS,lambdaUE,loss_thresh,mean_rate,threshold rate
25,500,30.0000000000000036,194343964.8573822081089020,118807581.5874267071485519
