lambdaBS,lambdaUE,loss_thresh,mean_rate,threshold rate
25,1000,80.0000000000000000,95129199.3819804489612579,98793938.5589289814233780
