lambdaBS,lambdaUE,loss_thresh,mean_rate,threshold rate
25,1000,50.0000000000000000,120799011.2299765646457672,85723082.2504203468561172
