lambdaBS,lambdaUE,loss_thresh,mean_rate,threshold rate
25,2000,40.0000000000000000,61823349.3152036592364311,39680125.3823508769273758
