lambdaBS,lambdaUE,loss_thresh,mean_rate,threshold rate
25,2000,50.0000000000000000,69437306.8819510489702225,47216049.6548812761902809
