lambdaBS,lambdaUE,loss_thresh,mean_rate,threshold rate
25,750,10.0000000000000000,148475166.3147248327732086,80611507.1878906190395355
