lambdaBS,lambdaUE,loss_thresh,mean_rate,threshold rate
25,250,70.0000000000000000,278994029.1142294406890869,329402089.7295625209808350
