lambdaBS,lambdaUE,loss_thresh,mean_rate,threshold rate
25,1500,70.0000000000000000,75470483.9172180294990540,59099508.0868043750524521
