lambdaBS,lambdaUE,loss_thresh,mean_rate,threshold rate
25,1000,70.0000000000000000,163810821.3535307943820953,171853042.6049183011054993
