lambdaBS,lambdaUE,loss_thresh,mean_rate,threshold rate
25,1000,60.0000000000000000,167392508.0464700758457184,148176431.4903931617736816
