lambdaBS,lambdaUE,loss_thresh,mean_rate,threshold rate
25,500,60.0000000000000000,196499472.5015363693237305,191066779.4729578495025635
