lambdaBS,lambdaUE,loss_thresh,mean_rate,threshold rate
25,1000,80.0000000000000000,136808355.6297045350074768,177104056.2986139655113220
