lambdaBS,lambdaUE,loss_thresh,mean_rate,threshold rate
25,1000,70.0000000000000000,76853562.4266330301761627,61211060.2333261519670486
