lambdaBS,lambdaUE,loss_thresh,mean_rate,threshold rate
25,2000,90.0000000000000000,97467207.1818301230669022,203853348.2674253582954407
