lambdaBS,lambdaUE,loss_thresh,mean_rate,threshold rate
25,250,80.0000000000000000,265872923.2297193408012390,361674409.3256820440292358
