lambdaBS,lambdaUE,loss_thresh,mean_rate,threshold rate
25,250,70.0000000000000000,282705265.7705399990081787,337494791.7087094783782959
