lambdaBS,lambdaUE,loss_thresh,mean_rate,threshold rate
25,2000,90.0000000000000000,92943755.5947412103414536,210543061.2088174223899841
