lambdaBS,lambdaUE,loss_thresh,mean_rate,threshold rate
25,2000,20.0000000000000000,56090337.9564635455608368,33818971.3703478947281837
