lambdaBS,lambdaUE,loss_thresh,mean_rate,threshold rate
25,2000,40.0000000000000000,45592089.8189247921109200,30570872.4579209461808205
