lambdaBS,lambdaUE,loss_thresh,mean_rate,threshold rate
25,500,100.0000000000000000,170429418.9727191627025604,399803018.3811161518096924
