lambdaBS,lambdaUE,loss_thresh,mean_rate,threshold rate
25,1500,40.0000000000000000,82045455.3809620738029480,55986567.2077494263648987
