lambdaBS,lambdaUE,loss_thresh,mean_rate,threshold rate
25,250,80.0000000000000000,247551135.9894803166389465,365788976.7970646023750305
