lambdaBS,lambdaUE,loss_thresh,mean_rate,threshold rate
25,1500,70.0000000000000000,88689550.8980881571769714,71261699.7038732767105103
