lambdaBS,lambdaUE,loss_thresh,mean_rate,threshold rate
25,250,30.0000000000000036,275431098.8313042521476746,216487651.9997050762176514
