lambdaBS,lambdaUE,loss_thresh,mean_rate,threshold rate
25,1500,100.0000000000000000,85543066.2445224225521088,399844182.0362681150436401
