lambdaBS,lambdaUE,loss_thresh,mean_rate,threshold rate
25,1500,10.0000000000000000,85543066.2445224225521088,43627971.2588132619857788
