lambdaBS,lambdaUE,loss_thresh,mean_rate,threshold rate
25,1500,70.0000000000000000,55514229.2758087590336800,44237316.1083775758743286
