lambdaBS,lambdaUE,loss_thresh,mean_rate,threshold rate
25,2000,80.0000000000000000,53388665.3878123611211777,48021748.8235775977373123
