lambdaBS,lambdaUE,loss_thresh,mean_rate,threshold rate
25,1500,100.0000000000000000,123737141.4477924108505249,399736563.5306192636489868
