lambdaBS,lambdaUE,loss_thresh,mean_rate,threshold rate
25,1000,50.0000000000000000,108372620.3200024515390396,72535218.3224722743034363
