lambdaBS,lambdaUE,loss_thresh,mean_rate,threshold rate
25,1000,50.0000000000000000,118385896.2690688818693161,80828067.9319138228893280
