lambdaBS,lambdaUE,loss_thresh,mean_rate,threshold rate
25,750,0.0000000000000000,152086793.6128051578998566,62787909.1566271632909775
