lambdaBS,lambdaUE,loss_thresh,mean_rate,threshold rate
25,1000,50.0000000000000000,108800702.6403066813945770,75277077.7159411907196045
