lambdaBS,lambdaUE,loss_thresh,mean_rate,threshold rate
25,1500,80.0000000000000000,87705724.3826857507228851,90808359.0639464557170868
