lambdaBS,lambdaUE,loss_thresh,mean_rate,threshold rate
25,1500,50.0000000000000000,87705724.3826857507228851,60417551.4826574400067329
