lambdaBS,lambdaUE,loss_thresh,mean_rate,threshold rate
25,2000,60.0000000000000000,48414339.5269311964511871,36466685.7869080603122711
