lambdaBS,lambdaUE,loss_thresh,mean_rate,threshold rate
25,1500,80.0000000000000000,98900038.9029720425605774,104105790.6707673668861389
