lambdaBS,lambdaUE,loss_thresh,mean_rate,threshold rate
25,750,10.0000000000000000,164735575.7048147618770599,92560879.3747769594192505
