lambdaBS,lambdaUE,loss_thresh,mean_rate,threshold rate
25,500,0.0000000000000000,170347966.1752496361732483,72520922.3797964304685593
