lambdaBS,lambdaUE,loss_thresh,mean_rate,threshold rate
25,500,40.0000000000000000,190056779.5299750566482544,132944036.4728608727455139
