lambdaBS,lambdaUE,loss_thresh,mean_rate,threshold rate
25,1500,0.0000000000000000,75862600.6932693123817444,22303357.9653541520237923
