lambdaBS,lambdaUE,loss_thresh,mean_rate,threshold rate
25,1000,40.0000000000000000,93646997.9121973067522049,61015739.1509592384099960
