lambdaBS,lambdaUE,loss_thresh,mean_rate,threshold rate
25,2000,60.0000000000000000,49952095.1488297507166862,35997044.7217209264636040
