lambdaBS,lambdaUE,loss_thresh,mean_rate,threshold rate
25,2000,100.0000000000000000,62474752.9353357851505280,399338426.2978270649909973
