lambdaBS,lambdaUE,loss_thresh,mean_rate,threshold rate
25,250,80.0000000000000000,290335956.9735071063041687,376636397.0879833698272705
