lambdaBS,lambdaUE,loss_thresh,mean_rate,threshold rate
25,1000,0.0000000000000000,114890645.1741123199462891,40147240.0240956321358681
