lambdaBS,lambdaUE,loss_thresh,mean_rate,threshold rate
25,2000,60.0000000000000000,52991946.7000781297683716,39695655.0377159267663956
