lambdaBS,lambdaUE,loss_thresh,mean_rate,threshold rate
25,750,60.0000000000000000,143600738.4684507250785828,118443045.3352896273136139
