lambdaBS,lambdaUE,loss_thresh,mean_rate,threshold rate
25,2000,0.0000000000000000,66974819.0820897296071053,25693738.7320044003427029
