lambdaBS,lambdaUE,loss_thresh,mean_rate,threshold rate
25,500,50.0000000000000000,222126892.1069528460502625,202179932.6826362013816833
