lambdaBS,lambdaUE,loss_thresh,mean_rate,threshold rate
25,2000,10.0000000000000000,62940350.3964305818080902,31587621.1337814554572105
