lambdaBS,lambdaUE,loss_thresh,mean_rate,threshold rate
25,1000,80.0000000000000000,89515023.9713359624147415,90708422.8374847471714020
