lambdaBS,lambdaUE,loss_thresh,mean_rate,threshold rate
25,750,20.0000000000000000,150346419.1019440889358521,91325095.0232853293418884
