lambdaBS,lambdaUE,loss_thresh,mean_rate,threshold rate
25,1500,90.0000000000000000,116063919.8313247710466385,260850949.1186529099941254
