lambdaBS,lambdaUE,loss_thresh,mean_rate,threshold rate
25,2000,70.0000000000000000,37401754.1048015952110291,28889105.0972129032015800
