lambdaBS,lambdaUE,loss_thresh,mean_rate,threshold rate
25,500,0.0000000000000000,212097579.0020851492881775,82633764.2811304926872253
