lambdaBS,lambdaUE,loss_thresh,mean_rate,threshold rate
25,750,10.0000000000000000,163359988.1878515779972076,87071951.8655485510826111
