lambdaBS,lambdaUE,loss_thresh,mean_rate,threshold rate
25,750,100.0000000000000000,133653561.4949979335069656,397699912.6100686192512512
