lambdaBS,lambdaUE,loss_thresh,mean_rate,threshold rate
25,1500,30.0000000000000036,89466719.7626030743122101,54297824.0565107166767120
