lambdaBS,lambdaUE,loss_thresh,mean_rate,threshold rate
25,500,90.0000000000000000,212357953.0745219290256500,357146318.8859750628471375
