lambdaBS,lambdaUE,loss_thresh,mean_rate,threshold rate
25,1000,0.0000000000000000,94124600.6096830964088440,34245550.7087277024984360
