lambdaBS,lambdaUE,loss_thresh,mean_rate,threshold rate
25,750,100.0000000000000000,110067459.3325697183609009,398920194.9859032034873962
