lambdaBS,lambdaUE,loss_thresh,mean_rate,threshold rate
25,750,30.0000000000000036,193603912.5965301394462585,122368781.9303155541419983
