lambdaBS,lambdaUE,loss_thresh,mean_rate,threshold rate
25,500,40.0000000000000000,214401319.7525389492511749,164044797.5054016411304474
