lambdaBS,lambdaUE,loss_thresh,mean_rate,threshold rate
25,1500,60.0000000000000000,59178293.3649869337677956,45094529.7251591086387634
