lambdaBS,lambdaUE,loss_thresh,mean_rate,threshold rate
25,1500,50.0000000000000000,72028693.9188253432512283,49233855.2753270417451859
