lambdaBS,lambdaUE,loss_thresh,mean_rate,threshold rate
25,750,40.0000000000000000,152086793.6128051578998566,103858269.6323240399360657
