lambdaBS,lambdaUE,loss_thresh,mean_rate,threshold rate
25,500,40.0000000000000000,245333896.6028930246829987,196481855.1750664710998535
