lambdaBS,lambdaUE,loss_thresh,mean_rate,threshold rate
25,750,40.0000000000000000,143733879.0912370979785919,94844391.6211507767438889
