lambdaBS,lambdaUE,loss_thresh,mean_rate,threshold rate
25,500,80.0000000000000000,221825162.0981989204883575,341896414.8915129303932190
