lambdaBS,lambdaUE,loss_thresh,mean_rate,threshold rate
25,500,80.0000000000000000,173955911.9568229019641876,277303742.2625697255134583
