lambdaBS,lambdaUE,loss_thresh,mean_rate,threshold rate
25,250,80.0000000000000000,300543833.7896934151649475,370415347.2041497826576233
