lambdaBS,lambdaUE,loss_thresh,mean_rate,threshold rate
25,1500,60.0000000000000000,60403773.3580315560102463,44269979.7812245786190033
