lambdaBS,lambdaUE,loss_thresh,mean_rate,threshold rate
25,250,70.0000000000000000,301532702.1284962892532349,354686265.0463936328887939
