lambdaBS,lambdaUE,loss_thresh,mean_rate,threshold rate
25,1000,80.0000000000000000,129177701.3151416480541229,167434612.4330848455429077
