lambdaBS,lambdaUE,loss_thresh,mean_rate,threshold rate
25,1000,0.0000000000000000,161306447.1557166278362274,51634879.4988303408026695
