lambdaBS,lambdaUE,loss_thresh,mean_rate,threshold rate
25,2000,100.0000000000000000,56685397.6138151958584785,398934755.8123247623443604
