lambdaBS,lambdaUE,loss_thresh,mean_rate,threshold rate
25,250,70.0000000000000000,312305433.1622051000595093,369806701.6542410850524902
