lambdaBS,lambdaUE,loss_thresh,mean_rate,threshold rate
25,750,60.0000000000000000,171167393.7804499864578247,153856840.3480134904384613
