lambdaBS,lambdaUE,loss_thresh,mean_rate,threshold rate
25,1000,90.0000000000000000,106537997.8191786259412766,209690081.7014383673667908
