lambdaBS,lambdaUE,loss_thresh,mean_rate,threshold rate
25,250,0.0000000000000000,306806437.4557766318321228,120303998.8816221654415131
