lambdaBS,lambdaUE,loss_thresh,mean_rate,threshold rate
25,750,30.0000000000000036,115072313.7967611849308014,69983874.6749595999717712
