lambdaBS,lambdaUE,loss_thresh,mean_rate,threshold rate
25,1500,100.0000000000000000,53112722.3691986650228500,399445010.6163741350173950
