lambdaBS,lambdaUE,loss_thresh,mean_rate,threshold rate
25,750,90.0000000000000000,102847072.6652850359678268,205912432.5013358891010284
