lambdaBS,lambdaUE,loss_thresh,mean_rate,threshold rate
25,1000,30.0000000000000036,118385896.2690688818693161,68884369.1330563724040985
