lambdaBS,lambdaUE,loss_thresh,mean_rate,threshold rate
25,1000,100.0000000000000000,182141719.9945314526557922,399036972.1908563375473022
