lambdaBS,lambdaUE,loss_thresh,mean_rate,threshold rate
25,750,10.0000000000000000,153203903.3199640512466431,84167297.4523570090532303
