lambdaBS,lambdaUE,loss_thresh,mean_rate,threshold rate
25,250,10.0000000000000000,239273032.7303931117057800,140055134.5250582396984100
