lambdaBS,lambdaUE,loss_thresh,mean_rate,threshold rate
25,1000,30.0000000000000036,80646573.2939335107803345,51595663.1439722403883934
