lambdaBS,lambdaUE,loss_thresh,mean_rate,threshold rate
25,2000,0.0000000000000000,65966018.1752099320292473,24654510.0990239530801773
