lambdaBS,lambdaUE,loss_thresh,mean_rate,threshold rate
25,2000,20.0000000000000000,38792331.2653004229068756,23461659.1716050989925861
