lambdaBS,lambdaUE,loss_thresh,mean_rate,threshold rate
25,1500,70.0000000000000000,69316872.9499998241662979,56939722.5955446511507034
