lambdaBS,lambdaUE,loss_thresh,mean_rate,threshold rate
25,1500,10.0000000000000000,98900038.9029720425605774,52726296.6061064228415489
