lambdaBS,lambdaUE,loss_thresh,mean_rate,threshold rate
25,250,60.0000000000000000,244477306.9735323190689087,254256284.1047993302345276
