lambdaBS,lambdaUE,loss_thresh,mean_rate,threshold rate
25,2000,20.0000000000000000,73749756.5873665809631348,44335076.4598780274391174
