lambdaBS,lambdaUE,loss_thresh,mean_rate,threshold rate
25,1000,100.0000000000000000,114890645.1741123199462891,399795633.0847240090370178
