lambdaBS,lambdaUE,loss_thresh,mean_rate,threshold rate
25,2000,0.0000000000000000,66739001.6189924255013466,22372201.5910425521433353
