lambdaBS,lambdaUE,loss_thresh,mean_rate,threshold rate
25,1000,50.0000000000000000,119679648.6324974000453949,82110244.5299772620201111
