lambdaBS,lambdaUE,loss_thresh,mean_rate,threshold rate
25,2000,60.0000000000000000,68953960.1516192108392715,50000259.2980074584484100
