lambdaBS,lambdaUE,loss_thresh,mean_rate,threshold rate
25,750,0.0000000000000000,99012073.0574931502342224,43497517.8216453194618225
