lambdaBS,lambdaUE,loss_thresh,mean_rate,threshold rate
25,2000,40.0000000000000000,49952095.1488297507166862,32582949.0566717162728310
