lambdaBS,lambdaUE,loss_thresh,mean_rate,threshold rate
25,750,90.0000000000000000,139637540.1970115602016449,283815534.0004721879959106
