lambdaBS,lambdaUE,loss_thresh,mean_rate,threshold rate
25,500,30.0000000000000036,219131539.3926328122615814,139099368.9110851287841797
