lambdaBS,lambdaUE,loss_thresh,mean_rate,threshold rate
25,500,30.0000000000000036,194679458.9382317662239075,121089262.2266606688499451
