lambdaBS,lambdaUE,loss_thresh,mean_rate,threshold rate
25,1000,90.0000000000000000,92416432.1329274475574493,179852328.6165151596069336
