lambdaBS,lambdaUE,loss_thresh,mean_rate,threshold rate
25,250,20.0000000000000000,277455822.2756936550140381,187502781.4958012998104095
