lambdaBS,lambdaUE,loss_thresh,mean_rate,threshold rate
25,1000,60.0000000000000000,95129199.3819804489612579,70459285.6560642123222351
