lambdaBS,lambdaUE,loss_thresh,mean_rate,threshold rate
25,250,90.0000000000000000,316994527.7789049148559570,394157662.8146735429763794
