lambdaBS,lambdaUE,loss_thresh,mean_rate,threshold rate
25,1000,10.0000000000000000,80090887.6745335310697556,46076587.2867891192436218
