lambdaBS,lambdaUE,loss_thresh,mean_rate,threshold rate
25,2000,20.0000000000000000,45882657.0967239961028099,28671542.0396426096558571
