lambdaBS,lambdaUE,loss_thresh,mean_rate,threshold rate
25,1000,10.0000000000000000,114890645.1741123199462891,61087206.8709542453289032
