lambdaBS,lambdaUE,loss_thresh,mean_rate,threshold rate
25,750,10.0000000000000000,122559706.6174858212471008,65146008.0368658825755119
