lambdaBS,lambdaUE,loss_thresh,mean_rate,threshold rate
25,2000,10.0000000000000000,54334385.4918935149908066,30126906.2458213306963444
