lambdaBS,lambdaUE,loss_thresh,mean_rate,threshold rate
25,250,90.0000000000000000,303594684.2354417443275452,391835763.0125091671943665
