lambdaBS,lambdaUE,loss_thresh,mean_rate,threshold rate
25,1500,50.0000000000000000,75112564.8432339876890182,49466180.5501451045274734
