lambdaBS,lambdaUE,loss_thresh,mean_rate,threshold rate
25,1000,100.0000000000000000,161306447.1557166278362274,398771918.5748844742774963
