lambdaBS,lambdaUE,loss_thresh,mean_rate,threshold rate
25,1500,10.0000000000000000,120905410.4253394901752472,51797354.5557372048497200
