lambdaBS,lambdaUE,loss_thresh,mean_rate,threshold rate
25,750,60.0000000000000000,110067459.3325697183609009,88811579.5740178823471069
