lambdaBS,lambdaUE,loss_thresh,mean_rate,threshold rate
25,1000,80.0000000000000000,110610317.5281575471162796,120651631.9778786301612854
