lambdaBS,lambdaUE,loss_thresh,mean_rate,threshold rate
25,750,60.0000000000000000,120699030.5994547456502914,89781471.5307225883007050
