lambdaBS,lambdaUE,loss_thresh,mean_rate,threshold rate
25,250,10.0000000000000000,283907712.6400912404060364,182751441.8567942380905151
