lambdaBS,lambdaUE,loss_thresh,mean_rate,threshold rate
25,250,100.0000000000000000,304547412.2497818470001221,399857623.8535484671592712
