lambdaBS,lambdaUE,loss_thresh,mean_rate,threshold rate
25,1000,90.0000000000000000,134061764.4645828902721405,309184488.2228749394416809
