lambdaBS,lambdaUE,loss_thresh,mean_rate,threshold rate
25,1000,30.0000000000000036,100035443.1928832232952118,60299833.5522134155035019
