lambdaBS,lambdaUE,loss_thresh,mean_rate,threshold rate
25,1000,60.0000000000000000,106537997.8191786259412766,80842240.4791371524333954
