lambdaBS,lambdaUE,loss_thresh,mean_rate,threshold rate
25,500,70.0000000000000000,213536480.9752264916896820,253628214.5841287374496460
