lambdaBS,lambdaUE,loss_thresh,mean_rate,threshold rate
25,750,0.0000000000000000,199496890.2507174611091614,81562840.1015426516532898
