lambdaBS,lambdaUE,loss_thresh,mean_rate,threshold rate
25,500,60.0000000000000000,257898345.5196865200996399,279236541.4129676818847656
