lambdaBS,lambdaUE,loss_thresh,mean_rate,threshold rate
25,2000,40.0000000000000000,97467207.1818301230669022,61096460.5998255163431168
