lambdaBS,lambdaUE,loss_thresh,mean_rate,threshold rate
25,500,60.0000000000000000,157582473.0646435916423798,122957620.6975891292095184
