lambdaBS,lambdaUE,loss_thresh,mean_rate,threshold rate
25,1500,100.0000000000000000,61321809.6150320470333099,399569398.4850636720657349
