lambdaBS,lambdaUE,loss_thresh,mean_rate,threshold rate
25,250,90.0000000000000000,280732767.4952313303947449,387462884.3332945108413696
