lambdaBS,lambdaUE,loss_thresh,mean_rate,threshold rate
25,750,100.0000000000000000,127022352.3013564944267273,398999821.6604826450347900
