lambdaBS,lambdaUE,loss_thresh,mean_rate,threshold rate
25,250,30.0000000000000036,227825158.3172380924224854,158503233.6589209735393524
