lambdaBS,lambdaUE,loss_thresh,mean_rate,threshold rate
25,500,100.0000000000000000,188963905.2443248331546783,399461210.6491202116012573
