lambdaBS,lambdaUE,loss_thresh,mean_rate,threshold rate
25,500,20.0000000000000000,190365197.4589685499668121,111853560.9188278168439865
