lambdaBS,lambdaUE,loss_thresh,mean_rate,threshold rate
25,750,90.0000000000000000,155637274.1525279581546783,348107876.8960356116294861
