lambdaBS,lambdaUE,loss_thresh,mean_rate,threshold rate
25,500,60.0000000000000000,206140722.6378326416015625,194030599.6087346076965332
