lambdaBS,lambdaUE,loss_thresh,mean_rate,threshold rate
25,750,70.0000000000000000,125769516.1215940266847610,115492832.1227194070816040
