lambdaBS,lambdaUE,loss_thresh,mean_rate,threshold rate
25,250,70.0000000000000000,301099301.9467942714691162,346947524.1880875825881958
