lambdaBS,lambdaUE,loss_thresh,mean_rate,threshold rate
25,750,90.0000000000000000,131276599.5707870721817017,290702225.2200797796249390
