lambdaBS,lambdaUE,loss_thresh,mean_rate,threshold rate
25,250,10.0000000000000000,316994527.7789049148559570,228677402.8546488881111145
