lambdaBS,lambdaUE,loss_thresh,mean_rate,threshold rate
25,500,60.0000000000000000,232670656.5390791594982147,245568218.0158000886440277
