lambdaBS,lambdaUE,loss_thresh,mean_rate,threshold rate
25,750,40.0000000000000000,162429641.4979998171329498,105485346.3413548618555069
