lambdaBS,lambdaUE,loss_thresh,mean_rate,threshold rate
25,250,0.0000000000000000,253185220.4067657887935638,132745542.1840342581272125
