lambdaBS,lambdaUE,loss_thresh,mean_rate,threshold rate
25,250,80.0000000000000000,257485536.9079914987087250,364637564.4507865309715271
