lambdaBS,lambdaUE,loss_thresh,mean_rate,threshold rate
25,1000,30.0000000000000036,167392508.0464700758457184,99848008.4015542864799500
