lambdaBS,lambdaUE,loss_thresh,mean_rate,threshold rate
25,2000,50.0000000000000000,49500837.5829512625932693,33401527.8414050489664078
