lambdaBS,lambdaUE,loss_thresh,mean_rate,threshold rate
25,1000,70.0000000000000000,135493580.3021383881568909,124539730.5296805351972580
