lambdaBS,lambdaUE,loss_thresh,mean_rate,threshold rate
25,1500,60.0000000000000000,77359638.7744346261024475,57163834.2004069983959198
