lambdaBS,lambdaUE,loss_thresh,mean_rate,threshold rate
25,2000,10.0000000000000000,56974567.8599111586809158,32120464.6374865695834160
