lambdaBS,lambdaUE,loss_thresh,mean_rate,threshold rate
25,250,90.0000000000000000,312305433.1622051000595093,397252724.5947299599647522
