lambdaBS,lambdaUE,loss_thresh,mean_rate,threshold rate
25,500,40.0000000000000000,159687712.3017172217369080,108411532.2005049139261246
