lambdaBS,lambdaUE,loss_thresh,mean_rate,threshold rate
25,1000,60.0000000000000000,108372620.3200024515390396,82039783.3304643779993057
