lambdaBS,lambdaUE,loss_thresh,mean_rate,threshold rate
25,2000,100.0000000000000000,48557252.2873085588216782,398508796.8586804866790771
