lambdaBS,lambdaUE,loss_thresh,mean_rate,threshold rate
25,250,50.0000000000000000,267824282.5696836113929749,260018519.1261008977890015
