lambdaBS,lambdaUE,loss_thresh,mean_rate,threshold rate
25,1500,40.0000000000000000,80811130.3796265274286270,52066083.6639663651585579
