lambdaBS,lambdaUE,loss_thresh,mean_rate,threshold rate
25,2000,40.0000000000000000,55476733.6250363066792488,37266359.4799555167555809
