lambdaBS,lambdaUE,loss_thresh,mean_rate,threshold rate
25,1000,50.0000000000000000,106974945.4972628951072693,73936125.1425606608390808
