lambdaBS,lambdaUE,loss_thresh,mean_rate,threshold rate
25,750,30.0000000000000036,170777532.0917022824287415,109159899.4699646681547165
