lambdaBS,lambdaUE,loss_thresh,mean_rate,threshold rate
25,1000,100.0000000000000000,129714523.2631676942110062,399278934.1650688052177429
