lambdaBS,lambdaUE,loss_thresh,mean_rate,threshold rate
25,1000,70.0000000000000000,182141719.9945314526557922,209671324.4146842658519745
