lambdaBS,lambdaUE,loss_thresh,mean_rate,threshold rate
25,500,60.0000000000000000,203932088.5897113084793091,214192567.6601777672767639
