lambdaBS,lambdaUE,loss_thresh,mean_rate,threshold rate
25,2000,80.0000000000000000,61761642.0200998857617378,55771009.6587431728839874
