lambdaBS,lambdaUE,loss_thresh,mean_rate,threshold rate
25,500,30.0000000000000036,204957775.3462562561035156,130535654.1003250479698181
