lambdaBS,lambdaUE,loss_thresh,mean_rate,threshold rate
25,750,30.0000000000000036,143600738.4684507250785828,84677415.6458719521760941
