lambdaBS,lambdaUE,loss_thresh,mean_rate,threshold rate
25,750,40.0000000000000000,134951182.6296507716178894,89108641.9120704680681229
