lambdaBS,lambdaUE,loss_thresh,mean_rate,threshold rate
25,750,0.0000000000000000,102847072.6652850359678268,42550645.6331811696290970
