lambdaBS,lambdaUE,loss_thresh,mean_rate,threshold rate
25,2000,70.0000000000000000,88260216.0241076797246933,74183085.2086044251918793
