lambdaBS,lambdaUE,loss_thresh,mean_rate,threshold rate
25,1500,90.0000000000000000,93781553.4857155680656433,200755817.1857185363769531
