lambdaBS,lambdaUE,loss_thresh,mean_rate,threshold rate
25,2000,30.0000000000000036,48414339.5269311964511871,31231838.3644413538277149
