lambdaBS,lambdaUE,loss_thresh,mean_rate,threshold rate
25,1500,0.0000000000000000,98900038.9029720425605774,42028022.6346504837274551
