lambdaBS,lambdaUE,loss_thresh,mean_rate,threshold rate
25,2000,0.0000000000000000,51721079.6352816298604012,19352947.1416902802884579
