lambdaBS,lambdaUE,loss_thresh,mean_rate,threshold rate
25,1500,40.0000000000000000,99561452.4301052689552307,65697179.4462668001651764
