lambdaBS,lambdaUE,loss_thresh,mean_rate,threshold rate
25,750,50.0000000000000000,131212270.4838777333498001,90241112.6500797867774963
