lambdaBS,lambdaUE,loss_thresh,mean_rate,threshold rate
25,1000,40.0000000000000000,112573536.7955150455236435,68321850.2087165564298630
