lambdaBS,lambdaUE,loss_thresh,mean_rate,threshold rate
25,1500,90.0000000000000000,75470483.9172180294990540,127590304.7876196801662445
