lambdaBS,lambdaUE,loss_thresh,mean_rate,threshold rate
25,250,20.0000000000000000,257485536.9079914987087250,164466696.0009401142597198
