lambdaBS,lambdaUE,loss_thresh,mean_rate,threshold rate
25,2000,10.0000000000000000,63408999.9613129720091820,31651515.0607816576957703
