lambdaBS,lambdaUE,loss_thresh,mean_rate,threshold rate
25,1500,30.0000000000000036,90678836.6046885997056961,53959404.3103762716054916
