lambdaBS,lambdaUE,loss_thresh,mean_rate,threshold rate
25,1500,60.0000000000000000,58577805.9608336016535759,43744529.8548741042613983
