lambdaBS,lambdaUE,loss_thresh,mean_rate,threshold rate
25,1500,100.0000000000000000,93763357.6442786455154419,399323838.4340485334396362
