lambdaBS,lambdaUE,loss_thresh,mean_rate,threshold rate
25,1500,30.0000000000000036,120905410.4253394901752472,66330202.4851139709353447
