lambdaBS,lambdaUE,loss_thresh,mean_rate,threshold rate
25,2000,0.0000000000000000,61761642.0200998857617378,22334344.5180404856801033
