lambdaBS,lambdaUE,loss_thresh,mean_rate,threshold rate
25,1500,30.0000000000000036,80843512.6108797043561935,50804417.1047122478485107
