lambdaBS,lambdaUE,loss_thresh,mean_rate,threshold rate
25,1000,50.0000000000000000,118226441.7022977024316788,80715732.7063425034284592
