lambdaBS,lambdaUE,loss_thresh,mean_rate,threshold rate
25,750,10.0000000000000000,168247112.2229948341846466,88254118.8254209756851196
