lambdaBS,lambdaUE,loss_thresh,mean_rate,threshold rate
25,500,0.0000000000000000,213716266.6943967640399933,84218009.9058030694723129
