lambdaBS,lambdaUE,loss_thresh,mean_rate,threshold rate
25,2000,50.0000000000000000,40927057.5321334451436996,27858218.1353868693113327
