lambdaBS,lambdaUE,loss_thresh,mean_rate,threshold rate
25,250,90.0000000000000000,281484691.6597837209701538,393244272.5966753959655762
