lambdaBS,lambdaUE,loss_thresh,mean_rate,threshold rate
25,750,40.0000000000000000,108030417.9273125678300858,71633730.0725044608116150
