lambdaBS,lambdaUE,loss_thresh,mean_rate,threshold rate
25,1000,0.0000000000000000,161797087.8351994752883911,65052199.3130780607461929
