lambdaBS,lambdaUE,loss_thresh,mean_rate,threshold rate
25,1000,60.0000000000000000,161797087.8351994752883911,137574068.7844921946525574
