lambdaBS,lambdaUE,loss_thresh,mean_rate,threshold rate
25,1000,30.0000000000000036,127920627.5562996715307236,78222558.7053821235895157
