lambdaBS,lambdaUE,loss_thresh,mean_rate,threshold rate
25,250,20.0000000000000000,290258261.3553092479705811,210765505.3188149034976959
