lambdaBS,lambdaUE,loss_thresh,mean_rate,threshold rate
25,2000,20.0000000000000000,51721079.6352816298604012,30934623.1671854779124260
