lambdaBS,lambdaUE,loss_thresh,mean_rate,threshold rate
25,250,50.0000000000000000,274179328.1097429394721985,269795280.2436754703521729
