lambdaBS,lambdaUE,loss_thresh,mean_rate,threshold rate
25,2000,60.0000000000000000,59561739.0353456437587738,42956828.6048598662018776
