lambdaBS,lambdaUE,loss_thresh,mean_rate,threshold rate
25,500,20.0000000000000000,169766361.8417476415634155,106832192.9382637143135071
