lambdaBS,lambdaUE,loss_thresh,mean_rate,threshold rate
25,1000,90.0000000000000000,112573536.7955150455236435,247621176.3045085966587067
