lambdaBS,lambdaUE,loss_thresh,mean_rate,threshold rate
25,750,50.0000000000000000,166550955.6694678664207458,130346874.8367255628108978
