lambdaBS,lambdaUE,loss_thresh,mean_rate,threshold rate
25,1000,10.0000000000000000,161797087.8351994752883911,85816095.6072624176740646
