lambdaBS,lambdaUE,loss_thresh,mean_rate,threshold rate
25,500,40.0000000000000000,219131539.3926328122615814,155362172.3871746957302094
