lambdaBS,lambdaUE,loss_thresh,mean_rate,threshold rate
25,250,20.0000000000000000,286444241.0471339821815491,210583971.0082383155822754
