lambdaBS,lambdaUE,loss_thresh,mean_rate,threshold rate
25,750,0.0000000000000000,172500979.9761629700660706,75885599.8869318366050720
