lambdaBS,lambdaUE,loss_thresh,mean_rate,threshold rate
25,750,70.0000000000000000,125554415.0458351373672485,113074855.8047817796468735
