lambdaBS,lambdaUE,loss_thresh,mean_rate,threshold rate
25,1000,100.0000000000000000,110397107.6045265495777130,399690432.3525030016899109
