lambdaBS,lambdaUE,loss_thresh,mean_rate,threshold rate
25,750,50.0000000000000000,177295295.2033334374427795,138183012.8653276562690735
