lambdaBS,lambdaUE,loss_thresh,mean_rate,threshold rate
25,1000,50.0000000000000000,88812226.1760757416486740,62488164.2791674882173538
