lambdaBS,lambdaUE,loss_thresh,mean_rate,threshold rate
25,1000,50.0000000000000000,101906946.0104690641164780,71971153.3211406171321869
