lambdaBS,lambdaUE,loss_thresh,mean_rate,threshold rate
25,1000,10.0000000000000000,104642690.8279273360967636,58439209.0322372093796730
