lambdaBS,lambdaUE,loss_thresh,mean_rate,threshold rate
25,1500,30.0000000000000036,75112564.8432339876890182,44758133.8819555640220642
