lambdaBS,lambdaUE,loss_thresh,mean_rate,threshold rate
25,750,50.0000000000000000,99012073.0574931502342224,67661934.9078923463821411
