lambdaBS,lambdaUE,loss_thresh,mean_rate,threshold rate
25,1000,0.0000000000000000,81648340.8879122883081436,30948556.4659167304635048
