lambdaBS,lambdaUE,loss_thresh,mean_rate,threshold rate
25,1500,70.0000000000000000,77493754.2026759386062622,62572373.0908615440130234
