lambdaBS,lambdaUE,loss_thresh,mean_rate,threshold rate
25,1000,70.0000000000000000,85722231.1941309869289398,68793611.8228387832641602
