lambdaBS,lambdaUE,loss_thresh,mean_rate,threshold rate
25,500,90.0000000000000000,170429418.9727191627025604,344885315.5556715726852417
