lambdaBS,lambdaUE,loss_thresh,mean_rate,threshold rate
25,1000,60.0000000000000000,104642690.8279273360967636,76563769.6414002925157547
