lambdaBS,lambdaUE,loss_thresh,mean_rate,threshold rate
25,500,30.0000000000000036,191251399.8987487554550171,118730276.1855906546115875
