lambdaBS,lambdaUE,loss_thresh,mean_rate,threshold rate
25,2000,90.0000000000000000,38513342.4822388216853142,37045811.2640662789344788
