lambdaBS,lambdaUE,loss_thresh,mean_rate,threshold rate
25,750,90.0000000000000000,128685228.4856506437063217,271436020.7505936026573181
