lambdaBS,lambdaUE,loss_thresh,mean_rate,threshold rate
25,1000,30.0000000000000036,131040853.7542281001806259,79376918.2774734348058701
