lambdaBS,lambdaUE,loss_thresh,mean_rate,threshold rate
25,1500,80.0000000000000000,82045455.3809620738029480,84821248.9708849191665649
