lambdaBS,lambdaUE,loss_thresh,mean_rate,threshold rate
25,1500,30.0000000000000036,80988837.1309504061937332,50350505.0882988795638084
