lambdaBS,lambdaUE,loss_thresh,mean_rate,threshold rate
25,750,0.0000000000000000,192398105.9804332554340363,72872862.7525900006294250
