lambdaBS,lambdaUE,loss_thresh,mean_rate,threshold rate
25,2000,60.0000000000000000,48806529.0751942172646523,36346779.9221583157777786
