lambdaBS,lambdaUE,loss_thresh,mean_rate,threshold rate
25,2000,30.0000000000000036,45592089.8189247921109200,29231944.0662270709872246
