lambdaBS,lambdaUE,loss_thresh,mean_rate,threshold rate
25,750,50.0000000000000000,159301373.5906502008438110,122555071.5817519575357437
