lambdaBS,lambdaUE,loss_thresh,mean_rate,threshold rate
25,1000,50.0000000000000000,91361207.9844168722629547,62541072.4414200857281685
