lambdaBS,lambdaUE,loss_thresh,mean_rate,threshold rate
25,750,60.0000000000000000,108030417.9273125678300858,81950364.0643394738435745
