lambdaBS,lambdaUE,loss_thresh,mean_rate,threshold rate
25,2000,10.0000000000000000,72375972.2218290120363235,37673360.1678521484136581
