lambdaBS,lambdaUE,loss_thresh,mean_rate,threshold rate
25,2000,40.0000000000000000,62500224.8074901923537254,41202274.6046365350484848
