lambdaBS,lambdaUE,loss_thresh,mean_rate,threshold rate
25,1000,50.0000000000000000,109758924.9450438916683197,82315820.3231578916311264
