lambdaBS,lambdaUE,loss_thresh,mean_rate,threshold rate
25,250,100.0000000000000000,308098058.5486901998519897,399909775.9324314594268799
