lambdaBS,lambdaUE,loss_thresh,mean_rate,threshold rate
25,2000,0.0000000000000000,44935888.3266390934586525,13918649.0083850529044867
