lambdaBS,lambdaUE,loss_thresh,mean_rate,threshold rate
25,250,0.0000000000000000,270799507.3649336099624634,139347127.2743519544601440
