lambdaBS,lambdaUE,loss_thresh,mean_rate,threshold rate
25,500,20.0000000000000000,188963905.2443248331546783,110180723.9292697310447693
