lambdaBS,lambdaUE,loss_thresh,mean_rate,threshold rate
25,1500,30.0000000000000036,69105429.3689134865999222,42310662.7861206978559494
