lambdaBS,lambdaUE,loss_thresh,mean_rate,threshold rate
25,1500,0.0000000000000000,88689550.8980881571769714,36579803.0569214895367622
