lambdaBS,lambdaUE,loss_thresh,mean_rate,threshold rate
25,750,0.0000000000000000,116297878.6479243934154510,44797097.4375040382146835
