lambdaBS,lambdaUE,loss_thresh,mean_rate,threshold rate
25,500,50.0000000000000000,213536480.9752264916896820,179750088.3114923238754272
