lambdaBS,lambdaUE,loss_thresh,mean_rate,threshold rate
25,2000,20.0000000000000000,64079944.1942034736275673,37322891.0239572897553444
