lambdaBS,lambdaUE,loss_thresh,mean_rate,threshold rate
25,750,20.0000000000000000,159879350.8154439032077789,85748631.0358739048242569
