lambdaBS,lambdaUE,loss_thresh,mean_rate,threshold rate
25,750,10.0000000000000000,150346419.1019440889358521,84339052.2377325594425201
