lambdaBS,lambdaUE,loss_thresh,mean_rate,threshold rate
25,500,60.0000000000000000,197810936.0517249405384064,182830080.1482209861278534
