lambdaBS,lambdaUE,loss_thresh,mean_rate,threshold rate
25,250,60.0000000000000000,281014839.7151524424552917,315234897.7203618884086609
