lambdaBS,lambdaUE,loss_thresh,mean_rate,threshold rate
25,750,40.0000000000000000,143600738.4684507250785828,91481334.5693596601486206
