lambdaBS,lambdaUE,loss_thresh,mean_rate,threshold rate
25,1000,20.0000000000000000,144838088.9673042893409729,83790783.9569807350635529
