lambdaBS,lambdaUE,loss_thresh,mean_rate,threshold rate
25,750,40.0000000000000000,128259416.4522450715303421,81299315.2228165268898010
