lambdaBS,lambdaUE,loss_thresh,mean_rate,threshold rate
25,1000,0.0000000000000000,98914069.4826032370328903,30441733.2284540049731731
