lambdaBS,lambdaUE,loss_thresh,mean_rate,threshold rate
25,750,40.0000000000000000,130316952.2468164563179016,88762932.5957348346710205
