lambdaBS,lambdaUE,loss_thresh,mean_rate,threshold rate
25,500,30.0000000000000036,206140722.6378326416015625,132798931.1630520224571228
