lambdaBS,lambdaUE,loss_thresh,mean_rate,threshold rate
25,500,70.0000000000000000,188826169.8792707622051239,216933981.6220013201236725
