lambdaBS,lambdaUE,loss_thresh,mean_rate,threshold rate
25,750,30.0000000000000036,206999404.5599347949028015,137238823.2991534471511841
