lambdaBS,lambdaUE,loss_thresh,mean_rate,threshold rate
25,2000,20.0000000000000000,68132408.6019668430089951,40649860.0464314743876457
