lambdaBS,lambdaUE,loss_thresh,mean_rate,threshold rate
25,1500,70.0000000000000000,69561759.1489303708076477,53560409.3639611452817917
