lambdaBS,lambdaUE,loss_thresh,mean_rate,threshold rate
25,1500,90.0000000000000000,78590688.9124905318021774,146307239.1948972940444946
