lambdaBS,lambdaUE,loss_thresh,mean_rate,threshold rate
25,1500,50.0000000000000000,116063919.8313247710466385,79362334.6958788633346558
