lambdaBS,lambdaUE,loss_thresh,mean_rate,threshold rate
25,750,70.0000000000000000,206999404.5599347949028015,253059370.2597178816795349
