lambdaBS,lambdaUE,loss_thresh,mean_rate,threshold rate
25,1500,80.0000000000000000,59178293.3649869337677956,51853381.4945869520306587
