lambdaBS,lambdaUE,loss_thresh,mean_rate,threshold rate
25,2000,50.0000000000000000,66278003.3392788544297218,46614477.6600832939147949
