lambdaBS,lambdaUE,loss_thresh,mean_rate,threshold rate
25,2000,50.0000000000000000,48414339.5269311964511871,34505276.5618692785501480
