lambdaBS,lambdaUE,loss_thresh,mean_rate,threshold rate
25,2000,30.0000000000000036,68214893.4247093647718430,41793290.7843329757452011
