lambdaBS,lambdaUE,loss_thresh,mean_rate,threshold rate
25,2000,80.0000000000000000,51721079.6352816298604012,45360285.4972509518265724
