lambdaBS,lambdaUE,loss_thresh,mean_rate,threshold rate
25,1000,90.0000000000000000,122483095.9288169890642166,264915313.9461644887924194
