lambdaBS,lambdaUE,loss_thresh,mean_rate,threshold rate
25,250,20.0000000000000000,247551135.9894803166389465,152053420.9882844686508179
