lambdaBS,lambdaUE,loss_thresh,mean_rate,threshold rate
25,2000,0.0000000000000000,48028662.9549871087074280,15548663.3232298344373703
