lambdaBS,lambdaUE,loss_thresh,mean_rate,threshold rate
25,1000,40.0000000000000000,93914965.5223555415868759,61491948.4668115079402924
