lambdaBS,lambdaUE,loss_thresh,mean_rate,threshold rate
25,1000,40.0000000000000000,134061764.4645828902721405,85495661.0453336536884308
