lambdaBS,lambdaUE,loss_thresh,mean_rate,threshold rate
25,750,0.0000000000000000,146719048.2203429341316223,65373489.6230730861425400
