lambdaBS,lambdaUE,loss_thresh,mean_rate,threshold rate
25,1000,20.0000000000000000,118278074.9840818643569946,70069668.6956032514572144
