lambdaBS,lambdaUE,loss_thresh,mean_rate,threshold rate
25,250,40.0000000000000000,286342088.0961239933967590,253185144.5045453906059265
