lambdaBS,lambdaUE,loss_thresh,mean_rate,threshold rate
25,2000,20.0000000000000000,92943755.5947412103414536,45849169.4340802952647209
