lambdaBS,lambdaUE,loss_thresh,mean_rate,threshold rate
25,2000,40.0000000000000000,38513342.4822388216853142,26924221.2485327869653702
