lambdaBS,lambdaUE,loss_thresh,mean_rate,threshold rate
25,1500,20.0000000000000000,78590688.9124905318021774,46202182.7015608847141266
