lambdaBS,lambdaUE,loss_thresh,mean_rate,threshold rate
25,250,0.0000000000000000,268481727.2362066507339478,132717088.3846127390861511
