lambdaBS,lambdaUE,loss_thresh,mean_rate,threshold rate
25,250,30.0000000000000036,295615349.8246500492095947,247437637.0982902050018311
