lambdaBS,lambdaUE,loss_thresh,mean_rate,threshold rate
25,1500,90.0000000000000000,78855078.5031198710203171,135374746.5662639737129211
