lambdaBS,lambdaUE,loss_thresh,mean_rate,threshold rate
25,500,0.0000000000000000,193404125.1742516160011292,71337571.7986922711133957
