lambdaBS,lambdaUE,loss_thresh,mean_rate,threshold rate
25,750,20.0000000000000000,128685228.4856506437063217,73335781.7878552526235580
