lambdaBS,lambdaUE,loss_thresh,mean_rate,threshold rate
25,250,90.0000000000000000,253185220.4067657887935638,380718665.2544459700584412
