lambdaBS,lambdaUE,loss_thresh,mean_rate,threshold rate
25,750,40.0000000000000000,115072313.7967611849308014,75553956.6779356151819229
