lambdaBS,lambdaUE,loss_thresh,mean_rate,threshold rate
25,500,10.0000000000000000,147184847.5805005431175232,82257955.0153173506259918
