lambdaBS,lambdaUE,loss_thresh,mean_rate,threshold rate
25,1000,100.0000000000000000,129331404.1830827593803406,399771331.7790463566780090
