lambdaBS,lambdaUE,loss_thresh,mean_rate,threshold rate
25,1000,40.0000000000000000,163810821.3535307943820953,109132600.8909991234540939
