lambdaBS,lambdaUE,loss_thresh,mean_rate,threshold rate
25,1500,80.0000000000000000,75684603.2912701815366745,67269482.0086493492126465
