lambdaBS,lambdaUE,loss_thresh,mean_rate,threshold rate
25,500,10.0000000000000000,188963905.2443248331546783,103173897.8882597684860229
