lambdaBS,lambdaUE,loss_thresh,mean_rate,threshold rate
25,1500,10.0000000000000000,86696647.1356132328510284,44015731.0855864733457565
