lambdaBS,lambdaUE,loss_thresh,mean_rate,threshold rate
25,1500,70.0000000000000000,79816489.1934691220521927,65257839.2660609781742096
