lambdaBS,lambdaUE,loss_thresh,mean_rate,threshold rate
25,1000,70.0000000000000000,113478921.8477745652198792,99526498.3041907846927643
