lambdaBS,lambdaUE,loss_thresh,mean_rate,threshold rate
25,250,30.0000000000000036,277455822.2756936550140381,202619983.6928591430187225
