lambdaBS,lambdaUE,loss_thresh,mean_rate,threshold rate
25,2000,0.0000000000000000,57186087.7915293499827385,20269759.9226420819759369
