lambdaBS,lambdaUE,loss_thresh,mean_rate,threshold rate
25,1000,30.0000000000000036,119679648.6324974000453949,72367340.8213391602039337
