lambdaBS,lambdaUE,loss_thresh,mean_rate,threshold rate
25,750,30.0000000000000036,134883436.5794526040554047,83435936.6989531069993973
