lambdaBS,lambdaUE,loss_thresh,mean_rate,threshold rate
25,500,70.0000000000000000,204957775.3462562561035156,235470448.3453014492988586
