lambdaBS,lambdaUE,loss_thresh,mean_rate,threshold rate
25,500,60.0000000000000000,230025780.0667336583137512,231582677.3195205330848694
