lambdaBS,lambdaUE,loss_thresh,mean_rate,threshold rate
25,250,60.0000000000000000,290335956.9735071063041687,307313105.6050819158554077
