lambdaBS,lambdaUE,loss_thresh,mean_rate,threshold rate
25,2000,30.0000000000000036,59873746.6564631015062332,37169364.7555382996797562
