lambdaBS,lambdaUE,loss_thresh,mean_rate,threshold rate
25,2000,0.0000000000000000,61823349.3152036592364311,20857673.0889375060796738
