lambdaBS,lambdaUE,loss_thresh,mean_rate,threshold rate
25,250,60.0000000000000000,259160227.4407435357570648,272131327.2248781919479370
