lambdaBS,lambdaUE,loss_thresh,mean_rate,threshold rate
25,1500,40.0000000000000000,66525955.5295467078685760,45046856.8246176540851593
