lambdaBS,lambdaUE,loss_thresh,mean_rate,threshold rate
25,2000,0.0000000000000000,42868567.6925612911581993,12738846.1830208562314510
