lambdaBS,lambdaUE,loss_thresh,mean_rate,threshold rate
25,1000,10.0000000000000000,120799011.2299765646457672,67083764.9255812764167786
