lambdaBS,lambdaUE,loss_thresh,mean_rate,threshold rate
25,1000,70.0000000000000000,120799011.2299765646457672,106588880.4214241206645966
