lambdaBS,lambdaUE,loss_thresh,mean_rate,threshold rate
25,500,100.0000000000000000,265835760.0160096287727356,399961850.4353117942810059
