lambdaBS,lambdaUE,loss_thresh,mean_rate,threshold rate
25,1500,40.0000000000000000,82714691.3774949908256531,52734232.5497647300362587
