lambdaBS,lambdaUE,loss_thresh,mean_rate,threshold rate
25,500,0.0000000000000000,204140041.3972802162170410,85767410.8697850555181503
