lambdaBS,lambdaUE,loss_thresh,mean_rate,threshold rate
25,1500,80.0000000000000000,80557282.5083457678556442,77997031.1293699741363525
