lambdaBS,lambdaUE,loss_thresh,mean_rate,threshold rate
25,2000,60.0000000000000000,79331113.0898984372615814,59754296.1751358583569527
