lambdaBS,lambdaUE,loss_thresh,mean_rate,threshold rate
25,750,70.0000000000000000,121307268.2176762819290161,104326206.4241845905780792
