lambdaBS,lambdaUE,loss_thresh,mean_rate,threshold rate
25,500,10.0000000000000000,197570801.4182207882404327,96221071.0763691514730453
