lambdaBS,lambdaUE,loss_thresh,mean_rate,threshold rate
25,250,0.0000000000000000,297767393.8968445658683777,150141691.7475983202457428
