lambdaBS,lambdaUE,loss_thresh,mean_rate,threshold rate
25,250,0.0000000000000000,260840409.3548102676868439,129154792.1161946058273315
