lambdaBS,lambdaUE,loss_thresh,mean_rate,threshold rate
25,2000,100.0000000000000000,66628357.4029916375875473,399381930.1419297456741333
