lambdaBS,lambdaUE,loss_thresh,mean_rate,threshold rate
25,250,60.0000000000000000,260840409.3548102676868439,280706592.7174190878868103
