lambdaBS,lambdaUE,loss_thresh,mean_rate,threshold rate
25,2000,10.0000000000000000,55961653.3258567973971367,31518125.8037261739373207
