lambdaBS,lambdaUE,loss_thresh,mean_rate,threshold rate
25,2000,10.0000000000000000,38792331.2653004229068756,19781611.6233773753046989
