lambdaBS,lambdaUE,loss_thresh,mean_rate,threshold rate
25,250,50.0000000000000000,292807224.2829713225364685,282983066.8884242177009583
