lambdaBS,lambdaUE,loss_thresh,mean_rate,threshold rate
25,2000,100.0000000000000000,54334385.4918935149908066,399880492.5523879528045654
