lambdaBS,lambdaUE,loss_thresh,mean_rate,threshold rate
25,2000,0.0000000000000000,49354709.1278658732771873,19050765.4494278319180012
