lambdaBS,lambdaUE,loss_thresh,mean_rate,threshold rate
25,2000,0.0000000000000000,52991946.7000781297683716,18580810.4717779904603958
