lambdaBS,lambdaUE,loss_thresh,mean_rate,threshold rate
25,250,100.0000000000000000,302831688.7323762178421021,399913729.3411951065063477
