lambdaBS,lambdaUE,loss_thresh,mean_rate,threshold rate
25,1000,10.0000000000000000,123765855.4814504235982895,68045829.8187592327594757
