lambdaBS,lambdaUE,loss_thresh,mean_rate,threshold rate
25,750,70.0000000000000000,155942695.8685144484043121,163526751.7045584619045258
