lambdaBS,lambdaUE,loss_thresh,mean_rate,threshold rate
25,1500,10.0000000000000000,53112722.3691986650228500,29604309.1682546064257622
