lambdaBS,lambdaUE,loss_thresh,mean_rate,threshold rate
25,250,90.0000000000000000,302831688.7323762178421021,391314744.0891650915145874
