lambdaBS,lambdaUE,loss_thresh,mean_rate,threshold rate
25,500,40.0000000000000000,233014539.2559989094734192,185985151.9560602903366089
