lambdaBS,lambdaUE,loss_thresh,mean_rate,threshold rate
25,1000,60.0000000000000000,98717934.4678460806608200,73006436.3255430012941360
