lambdaBS,lambdaUE,loss_thresh,mean_rate,threshold rate
25,250,80.0000000000000000,271810300.9025349020957947,369267908.4524348378181458
