lambdaBS,lambdaUE,loss_thresh,mean_rate,threshold rate
25,1500,70.0000000000000000,66848330.8482517153024673,56041613.0336030721664429
