lambdaBS,lambdaUE,loss_thresh,mean_rate,threshold rate
25,500,0.0000000000000000,197570801.4182207882404327,78373873.5271507799625397
