lambdaBS,lambdaUE,loss_thresh,mean_rate,threshold rate
25,250,40.0000000000000000,292807224.2829713225364685,252101921.8620012402534485
