lambdaBS,lambdaUE,loss_thresh,mean_rate,threshold rate
25,500,30.0000000000000036,170429418.9727191627025604,102227336.8296242505311966
