lambdaBS,lambdaUE,loss_thresh,mean_rate,threshold rate
25,1500,60.0000000000000000,84232475.3530925065279007,61056454.8415947258472443
