lambdaBS,lambdaUE,loss_thresh,mean_rate,threshold rate
25,750,50.0000000000000000,165878903.1768380403518677,132632175.6449143290519714
