lambdaBS,lambdaUE,loss_thresh,mean_rate,threshold rate
25,2000,60.0000000000000000,68132408.6019668430089951,48886053.7681226432323456
