lambdaBS,lambdaUE,loss_thresh,mean_rate,threshold rate
25,750,20.0000000000000000,137935430.2246192991733551,77555467.1070836484432220
