lambdaBS,lambdaUE,loss_thresh,mean_rate,threshold rate
25,1500,0.0000000000000000,86833242.0973747521638870,20766225.3587015196681023
