lambdaBS,lambdaUE,loss_thresh,mean_rate,threshold rate
25,2000,20.0000000000000000,68214893.4247093647718430,39054912.6893796920776367
