lambdaBS,lambdaUE,loss_thresh,mean_rate,threshold rate
25,1000,100.0000000000000000,144356258.8307785093784332,399036764.8061457872390747
