lambdaBS,lambdaUE,loss_thresh,mean_rate,threshold rate
25,1000,100.0000000000000000,115083360.2753917276859283,399824092.5910276770591736
