lambdaBS,lambdaUE,loss_thresh,mean_rate,threshold rate
25,1500,30.0000000000000036,66525955.5295467078685760,43085095.1037515997886658
