lambdaBS,lambdaUE,loss_thresh,mean_rate,threshold rate
25,250,40.0000000000000000,271810300.9025349020957947,232238461.7649892270565033
