lambdaBS,lambdaUE,loss_thresh,mean_rate,threshold rate
25,2000,60.0000000000000000,60864390.6409080401062965,43038538.3091016262769699
