lambdaBS,lambdaUE,loss_thresh,mean_rate,threshold rate
25,1500,30.0000000000000036,54734545.1460508033633232,34688037.9002146944403648
