lambdaBS,lambdaUE,loss_thresh,mean_rate,threshold rate
25,2000,90.0000000000000000,56868228.2897503301501274,82013796.0652308464050293
