lambdaBS,lambdaUE,loss_thresh,mean_rate,threshold rate
25,500,10.0000000000000000,221349025.4847458004951477,125541825.6683688312768936
