lambdaBS,lambdaUE,loss_thresh,mean_rate,threshold rate
25,1500,100.0000000000000000,73502658.1937979161739349,399823389.0190029144287109
