lambdaBS,lambdaUE,loss_thresh,mean_rate,threshold rate
25,1500,0.0000000000000000,99561452.4301052689552307,37524573.7227123230695724
