lambdaBS,lambdaUE,loss_thresh,mean_rate,threshold rate
25,250,0.0000000000000000,300543833.7896934151649475,158011208.8802161216735840
