lambdaBS,lambdaUE,loss_thresh,mean_rate,threshold rate
25,750,0.0000000000000000,128685228.4856506437063217,41228971.9590213298797607
