lambdaBS,lambdaUE,loss_thresh,mean_rate,threshold rate
25,1500,30.0000000000000036,75862600.6932693123817444,46759276.1713000386953354
