lambdaBS,lambdaUE,loss_thresh,mean_rate,threshold rate
25,1000,100.0000000000000000,88432693.7925610542297363,399526692.7776807546615601
