lambdaBS,lambdaUE,loss_thresh,mean_rate,threshold rate
25,1000,90.0000000000000000,126346968.7536365389823914,252444780.8154961466789246
