lambdaBS,lambdaUE,loss_thresh,mean_rate,threshold rate
25,1500,70.0000000000000000,123737141.4477924108505249,120692287.4177215993404388
