lambdaBS,lambdaUE,loss_thresh,mean_rate,threshold rate
25,500,100.0000000000000000,187252466.5755333602428436,399437375.0782432556152344
