lambdaBS,lambdaUE,loss_thresh,mean_rate,threshold rate
25,1000,100.0000000000000000,138660678.4872659146785736,399913407.5040928125381470
