lambdaBS,lambdaUE,loss_thresh,mean_rate,threshold rate
25,2000,0.0000000000000000,68214893.4247093647718430,24595355.1682553626596928
