lambdaBS,lambdaUE,loss_thresh,mean_rate,threshold rate
25,250,80.0000000000000000,306806437.4557766318321228,379651224.5114317536354065
