lambdaBS,lambdaUE,loss_thresh,mean_rate,threshold rate
25,1000,100.0000000000000000,76853562.4266330301761627,399417979.8102924823760986
