lambdaBS,lambdaUE,loss_thresh,mean_rate,threshold rate
25,750,60.0000000000000000,134883436.5794526040554047,104223887.6203586459159851
