lambdaBS,lambdaUE,loss_thresh,mean_rate,threshold rate
25,500,10.0000000000000000,188991611.3950321078300476,95488907.5111205428838730
