lambdaBS,lambdaUE,loss_thresh,mean_rate,threshold rate
25,750,0.0000000000000000,162429641.4979998171329498,72686512.8885505795478821
