lambdaBS,lambdaUE,loss_thresh,mean_rate,threshold rate
25,250,50.0000000000000000,268481727.2362066507339478,259254853.3638472557067871
