lambdaBS,lambdaUE,loss_thresh,mean_rate,threshold rate
25,1000,0.0000000000000000,88812226.1760757416486740,37528176.7977989464998245
