lambdaBS,lambdaUE,loss_thresh,mean_rate,threshold rate
25,750,20.0000000000000000,143600738.4684507250785828,79095457.8153935074806213
