lambdaBS,lambdaUE,loss_thresh,mean_rate,threshold rate
25,1500,0.0000000000000000,80557282.5083457678556442,24774543.7857182472944260
