lambdaBS,lambdaUE,loss_thresh,mean_rate,threshold rate
25,750,10.0000000000000000,170924857.5760799646377563,91771016.5045842677354813
