lambdaBS,lambdaUE,loss_thresh,mean_rate,threshold rate
25,1500,30.0000000000000036,82714691.3774949908256531,49580679.1725670248270035
