lambdaBS,lambdaUE,loss_thresh,mean_rate,threshold rate
25,250,60.0000000000000000,243289676.8362236320972443,278413668.9980188608169556
