lambdaBS,lambdaUE,loss_thresh,mean_rate,threshold rate
25,2000,50.0000000000000000,88260216.0241076797246933,63324710.5903936028480530
