lambdaBS,lambdaUE,loss_thresh,mean_rate,threshold rate
25,1000,20.0000000000000000,119679648.6324974000453949,68996545.1188290268182755
