lambdaBS,lambdaUE,loss_thresh,mean_rate,threshold rate
25,1500,50.0000000000000000,75684603.2912701815366745,52642885.0070331096649170
