lambdaBS,lambdaUE,loss_thresh,mean_rate,threshold rate
25,2000,60.0000000000000000,65059012.4319120869040489,49619782.4340950250625610
