lambdaBS,lambdaUE,loss_thresh,mean_rate,threshold rate
25,750,0.0000000000000000,206999404.5599347949028015,81330575.7772809863090515
