lambdaBS,lambdaUE,loss_thresh,mean_rate,threshold rate
25,2000,60.0000000000000000,73749756.5873665809631348,54285523.1600127667188644
