lambdaBS,lambdaUE,loss_thresh,mean_rate,threshold rate
25,1500,50.0000000000000000,57213386.9327307641506195,39966092.9232066869735718
