lambdaBS,lambdaUE,loss_thresh,mean_rate,threshold rate
25,1500,0.0000000000000000,80137926.8273003995418549,31596814.5397968068718910
