lambdaBS,lambdaUE,loss_thresh,mean_rate,threshold rate
25,250,100.0000000000000000,299332505.5781394839286804,399781472.8549325466156006
