lambdaBS,lambdaUE,loss_thresh,mean_rate,threshold rate
25,1500,20.0000000000000000,57353620.3425506278872490,35172826.4086137413978577
