lambdaBS,lambdaUE,loss_thresh,mean_rate,threshold rate
25,2000,90.0000000000000000,48806529.0751942172646523,57910157.6691729128360748
