lambdaBS,lambdaUE,loss_thresh,mean_rate,threshold rate
25,250,100.0000000000000000,274179328.1097429394721985,399714932.4242582321166992
