lambdaBS,lambdaUE,loss_thresh,mean_rate,threshold rate
25,1000,100.0000000000000000,113478921.8477745652198792,398987213.7647399902343750
