lambdaBS,lambdaUE,loss_thresh,mean_rate,threshold rate
25,2000,10.0000000000000000,58747989.7847753390669823,31903374.3521475717425346
