lambdaBS,lambdaUE,loss_thresh,mean_rate,threshold rate
25,750,30.0000000000000036,121307268.2176762819290161,76242332.7461254596710205
