lambdaBS,lambdaUE,loss_thresh,mean_rate,threshold rate
25,2000,80.0000000000000000,49783326.8764070197939873,43190784.7749767303466797
