lambdaBS,lambdaUE,loss_thresh,mean_rate,threshold rate
25,1500,60.0000000000000000,75112564.8432339876890182,51867242.0372968614101410
