lambdaBS,lambdaUE,loss_thresh,mean_rate,threshold rate
25,1500,100.0000000000000000,64311613.2985997721552849,398073841.8300516605377197
