lambdaBS,lambdaUE,loss_thresh,mean_rate,threshold rate
25,1500,40.0000000000000000,69561759.1489303708076477,45905895.4789244085550308
