lambdaBS,lambdaUE,loss_thresh,mean_rate,threshold rate
25,1000,50.0000000000000000,102167493.6697952896356583,71907109.8697140365839005
