lambdaBS,lambdaUE,loss_thresh,mean_rate,threshold rate
25,250,90.0000000000000000,301100846.2533439993858337,388730924.9932459592819214
