lambdaBS,lambdaUE,loss_thresh,mean_rate,threshold rate
25,2000,80.0000000000000000,57429064.9140639156103134,50951101.2785941809415817
