lambdaBS,lambdaUE,loss_thresh,mean_rate,threshold rate
25,1500,30.0000000000000036,72359109.4763343185186386,43385832.2656157016754150
