lambdaBS,lambdaUE,loss_thresh,mean_rate,threshold rate
25,1000,30.0000000000000036,110397107.6045265495777130,67613103.1993941515684128
