lambdaBS,lambdaUE,loss_thresh,mean_rate,threshold rate
25,1000,40.0000000000000000,129159106.8489950001239777,82291627.3418322503566742
