lambdaBS,lambdaUE,loss_thresh,mean_rate,threshold rate
25,500,60.0000000000000000,193404125.1742516160011292,187740011.8953222036361694
