lambdaBS,lambdaUE,loss_thresh,mean_rate,threshold rate
25,750,0.0000000000000000,143600738.4684507250785828,59521323.8695139065384865
