lambdaBS,lambdaUE,loss_thresh,mean_rate,threshold rate
25,1500,70.0000000000000000,81696749.9079154878854752,62689446.6523099690675735
