lambdaBS,lambdaUE,loss_thresh,mean_rate,threshold rate
25,250,90.0000000000000000,257485536.9079914987087250,388700031.1601306200027466
