lambdaBS,lambdaUE,loss_thresh,mean_rate,threshold rate
25,1500,70.0000000000000000,47901062.3952187970280647,37255124.2712237611413002
