lambdaBS,lambdaUE,loss_thresh,mean_rate,threshold rate
25,250,0.0000000000000000,279098601.9563840627670288,134835371.4658377766609192
