lambdaBS,lambdaUE,loss_thresh,mean_rate,threshold rate
25,250,20.0000000000000000,262920882.4668350815773010,157945318.2857947945594788
