lambdaBS,lambdaUE,loss_thresh,mean_rate,threshold rate
25,250,80.0000000000000000,282705265.7705399990081787,362631801.3944166302680969
