lambdaBS,lambdaUE,loss_thresh,mean_rate,threshold rate
25,250,80.0000000000000000,264182215.2268611490726471,339002840.3199893236160278
