lambdaBS,lambdaUE,loss_thresh,mean_rate,threshold rate
25,500,80.0000000000000000,223558238.5231485366821289,324819067.5266817212104797
