lambdaBS,lambdaUE,loss_thresh,mean_rate,threshold rate
25,500,20.0000000000000000,221349025.4847458004951477,140605735.7638992667198181
