lambdaBS,lambdaUE,loss_thresh,mean_rate,threshold rate
25,250,60.0000000000000000,277994868.6527094244956970,326726432.6615764498710632
