lambdaBS,lambdaUE,loss_thresh,mean_rate,threshold rate
25,250,90.0000000000000000,237632202.6609104275703430,377458412.8598264455795288
