lambdaBS,lambdaUE,loss_thresh,mean_rate,threshold rate
25,1000,60.0000000000000000,67855215.6360788047313690,49922797.1436993405222893
