lambdaBS,lambdaUE,loss_thresh,mean_rate,threshold rate
25,750,80.0000000000000000,145335754.2808541059494019,183295634.3808386325836182
