lambdaBS,lambdaUE,loss_thresh,mean_rate,threshold rate
25,1500,0.0000000000000000,86416574.0809701830148697,33289005.7567591890692711
