lambdaBS,lambdaUE,loss_thresh,mean_rate,threshold rate
25,500,100.0000000000000000,172362796.6160665154457092,398691480.1276892423629761
