lambdaBS,lambdaUE,loss_thresh,mean_rate,threshold rate
25,2000,50.0000000000000000,52991946.7000781297683716,37703520.2813870161771774
