lambdaBS,lambdaUE,loss_thresh,mean_rate,threshold rate
25,1500,60.0000000000000000,91460685.8948157727718353,64251387.4848311543464661
