lambdaBS,lambdaUE,loss_thresh,mean_rate,threshold rate
25,750,90.0000000000000000,131212270.4838777333498001,301132948.4323727488517761
