lambdaBS,lambdaUE,loss_thresh,mean_rate,threshold rate
25,500,70.0000000000000000,226426851.0836409926414490,272105165.6048713326454163
