lambdaBS,lambdaUE,loss_thresh,mean_rate,threshold rate
25,1000,20.0000000000000000,144356258.8307785093784332,80153802.3843293488025665
