lambdaBS,lambdaUE,loss_thresh,mean_rate,threshold rate
25,500,70.0000000000000000,203098585.1772979795932770,247058132.7794190645217896
