lambdaBS,lambdaUE,loss_thresh,mean_rate,threshold rate
25,1000,30.0000000000000036,135493580.3021383881568909,81545700.8928851783275604
