lambdaBS,lambdaUE,loss_thresh,mean_rate,threshold rate
25,250,80.0000000000000000,293959182.2258570790290833,374789974.3302803039550781
