lambdaBS,lambdaUE,loss_thresh,mean_rate,threshold rate
25,1500,0.0000000000000000,88131446.4134005606174469,32644690.4450486600399017
