lambdaBS,lambdaUE,loss_thresh,mean_rate,threshold rate
25,250,40.0000000000000000,277669285.1619676947593689,252516716.0312500894069672
