lambdaBS,lambdaUE,loss_thresh,mean_rate,threshold rate
25,2000,60.0000000000000000,92943755.5947412103414536,71380025.5318944156169891
