lambdaBS,lambdaUE,loss_thresh,mean_rate,threshold rate
25,750,70.0000000000000000,166550955.6694678664207458,179155946.6705474257469177
