lambdaBS,lambdaUE,loss_thresh,mean_rate,threshold rate
25,250,40.0000000000000000,294667406.6752005219459534,265683211.4104663133621216
