lambdaBS,lambdaUE,loss_thresh,mean_rate,threshold rate
25,1000,20.0000000000000000,92416432.1329274475574493,52672741.9510476142168045
