lambdaBS,lambdaUE,loss_thresh,mean_rate,threshold rate
25,750,0.0000000000000000,131276599.5707870721817017,53176489.1015737727284431
