lambdaBS,lambdaUE,loss_thresh,mean_rate,threshold rate
25,1000,50.0000000000000000,110397107.6045265495777130,78268104.6572012454271317
