lambdaBS,lambdaUE,loss_thresh,mean_rate,threshold rate
25,1500,90.0000000000000000,72028693.9188253432512283,108337766.5223708748817444
