lambdaBS,lambdaUE,loss_thresh,mean_rate,threshold rate
25,250,60.0000000000000000,286444241.0471339821815491,317445618.9831604957580566
