lambdaBS,lambdaUE,loss_thresh,mean_rate,threshold rate
25,750,100.0000000000000000,159978555.5293815135955811,399852796.7241428494453430
