lambdaBS,lambdaUE,loss_thresh,mean_rate,threshold rate
25,250,60.0000000000000000,237632202.6609104275703430,254031528.8871357738971710
