lambdaBS,lambdaUE,loss_thresh,mean_rate,threshold rate
25,500,0.0000000000000000,213536480.9752264916896820,76690431.4540865719318390
