lambdaBS,lambdaUE,loss_thresh,mean_rate,threshold rate
25,750,10.0000000000000000,165878903.1768380403518677,98944649.5521914362907410
