lambdaBS,lambdaUE,loss_thresh,mean_rate,threshold rate
25,250,0.0000000000000000,293948659.0319084525108337,165930547.0280875563621521
