lambdaBS,lambdaUE,loss_thresh,mean_rate,threshold rate
25,250,40.0000000000000000,277994868.6527094244956970,242010949.0694670379161835
