lambdaBS,lambdaUE,loss_thresh,mean_rate,threshold rate
25,500,80.0000000000000000,197570801.4182207882404327,306390905.6396949887275696
