lambdaBS,lambdaUE,loss_thresh,mean_rate,threshold rate
25,1500,80.0000000000000000,57741331.5915692150592804,50378396.5194345638155937
