lambdaBS,lambdaUE,loss_thresh,mean_rate,threshold rate
25,2000,90.0000000000000000,65966018.1752099320292473,108364712.9128642976284027
