lambdaBS,lambdaUE,loss_thresh,mean_rate,threshold rate
25,2000,20.0000000000000000,42136691.0408588349819183,23759549.6504644490778446
