lambdaBS,lambdaUE,loss_thresh,mean_rate,threshold rate
25,500,30.0000000000000036,172362796.6160665154457092,111007015.6371424645185471
