lambdaBS,lambdaUE,loss_thresh,mean_rate,threshold rate
25,750,20.0000000000000000,171307766.9431833922863007,100192119.7991400510072708
