lambdaBS,lambdaUE,loss_thresh,mean_rate,threshold rate
25,1000,90.0000000000000000,80646573.2939335107803345,135453345.6901781558990479
