lambdaBS,lambdaUE,loss_thresh,mean_rate,threshold rate
25,1000,50.0000000000000000,144087980.7628902792930603,103610914.9785067141056061
