lambdaBS,lambdaUE,loss_thresh,mean_rate,threshold rate
25,500,60.0000000000000000,222215636.5330757796764374,233208184.1396068334579468
