lambdaBS,lambdaUE,loss_thresh,mean_rate,threshold rate
25,250,100.0000000000000000,262536866.9099802970886230,399963219.0821676254272461
