lambdaBS,lambdaUE,loss_thresh,mean_rate,threshold rate
25,1500,60.0000000000000000,102875847.8133615702390671,79420809.7502043247222900
