lambdaBS,lambdaUE,loss_thresh,mean_rate,threshold rate
25,1500,70.0000000000000000,80988837.1309504061937332,65170801.4259070008993149
