lambdaBS,lambdaUE,loss_thresh,mean_rate,threshold rate
25,2000,80.0000000000000000,73887281.6468609869480133,67225021.4315009266138077
