lambdaBS,lambdaUE,loss_thresh,mean_rate,threshold rate
25,750,30.0000000000000036,139637540.1970115602016449,81847859.2113355100154877
