lambdaBS,lambdaUE,loss_thresh,mean_rate,threshold rate
25,1500,30.0000000000000036,66848330.8482517153024673,44245986.2212764099240303
