lambdaBS,lambdaUE,loss_thresh,mean_rate,threshold rate
25,250,80.0000000000000000,293948659.0319084525108337,358271754.2173739075660706
