lambdaBS,lambdaUE,loss_thresh,mean_rate,threshold rate
25,1000,40.0000000000000000,106319852.4506192058324814,65074447.8187785297632217
