lambdaBS,lambdaUE,loss_thresh,mean_rate,threshold rate
25,1500,90.0000000000000000,74383799.8107198923826218,128422649.7362788617610931
