lambdaBS,lambdaUE,loss_thresh,mean_rate,threshold rate
25,1500,50.0000000000000000,62389404.5437618717551231,42855320.4310160726308823
