lambdaBS,lambdaUE,loss_thresh,mean_rate,threshold rate
25,1000,20.0000000000000000,97667317.5592616945505142,57639813.4389566928148270
