lambdaBS,lambdaUE,loss_thresh,mean_rate,threshold rate
25,1500,90.0000000000000000,80557282.5083457678556442,136497507.8059888780117035
