lambdaBS,lambdaUE,loss_thresh,mean_rate,threshold rate
25,1000,20.0000000000000000,113635323.4658593386411667,66218205.1714195609092712
