lambdaBS,lambdaUE,loss_thresh,mean_rate,threshold rate
25,750,50.0000000000000000,142905587.7171257734298706,100091594.7561722695827484
