lambdaBS,lambdaUE,loss_thresh,mean_rate,threshold rate
25,2000,40.0000000000000000,70171556.1003137230873108,46560243.5904556959867477
