lambdaBS,lambdaUE,loss_thresh,mean_rate,threshold rate
25,1500,30.0000000000000036,123737141.4477924108505249,72541715.3362698554992676
