lambdaBS,lambdaUE,loss_thresh,mean_rate,threshold rate
25,1500,20.0000000000000000,66848330.8482517153024673,41834284.4940112382173538
