lambdaBS,lambdaUE,loss_thresh,mean_rate,threshold rate
25,750,70.0000000000000000,159879350.8154439032077789,168170394.9859591126441956
