lambdaBS,lambdaUE,loss_thresh,mean_rate,threshold rate
25,1500,0.0000000000000000,77273014.3932029157876968,33957013.1995209455490112
