lambdaBS,lambdaUE,loss_thresh,mean_rate,threshold rate
25,250,40.0000000000000000,296176002.5036040544509888,274307096.4885454177856445
