lambdaBS,lambdaUE,loss_thresh,mean_rate,threshold rate
25,1000,30.0000000000000036,114890645.1741123199462891,71896713.3457498252391815
