lambdaBS,lambdaUE,loss_thresh,mean_rate,threshold rate
25,500,30.0000000000000036,170347966.1752496361732483,103871159.3560312390327454
