lambdaBS,lambdaUE,loss_thresh,mean_rate,threshold rate
25,2000,40.0000000000000000,48414339.5269311964511871,32707101.2851605638861656
