lambdaBS,lambdaUE,loss_thresh,mean_rate,threshold rate
25,1500,10.0000000000000000,80121041.7140337824821472,43353927.2619320899248123
