lambdaBS,lambdaUE,loss_thresh,mean_rate,threshold rate
25,250,70.0000000000000000,286342088.0961239933967590,348276909.9910455942153931
