lambdaBS,lambdaUE,loss_thresh,mean_rate,threshold rate
25,250,10.0000000000000000,259160227.4407435357570648,156116366.4088509082794189
