lambdaBS,lambdaUE,loss_thresh,mean_rate,threshold rate
25,750,40.0000000000000000,172500979.9761629700660706,125381970.5267570763826370
