lambdaBS,lambdaUE,loss_thresh,mean_rate,threshold rate
25,1500,80.0000000000000000,69105429.3689134865999222,63995019.5126544013619423
