lambdaBS,lambdaUE,loss_thresh,mean_rate,threshold rate
25,1500,90.0000000000000000,102875847.8133615702390671,215200193.4105750918388367
