lambdaBS,lambdaUE,loss_thresh,mean_rate,threshold rate
25,750,10.0000000000000000,159879350.8154439032077789,74944417.8274581879377365
