lambdaBS,lambdaUE,loss_thresh,mean_rate,threshold rate
25,1500,80.0000000000000000,93781553.4857155680656433,106551673.6430736035108566
