lambdaBS,lambdaUE,loss_thresh,mean_rate,threshold rate
25,750,70.0000000000000000,162429641.4979998171329498,175897835.7529149055480957
