lambdaBS,lambdaUE,loss_thresh,mean_rate,threshold rate
25,2000,20.0000000000000000,63268488.5270378738641739,37669773.2788832038640976
