lambdaBS,lambdaUE,loss_thresh,mean_rate,threshold rate
25,250,10.0000000000000000,296574467.2671362757682800,192204885.2539406716823578
