lambdaBS,lambdaUE,loss_thresh,mean_rate,threshold rate
25,1000,70.0000000000000000,88812226.1760757416486740,74800254.2741334736347198
