lambdaBS,lambdaUE,loss_thresh,mean_rate,threshold rate
25,2000,80.0000000000000000,87932602.9753477573394775,89901454.3670263290405273
