lambdaBS,lambdaUE,loss_thresh,mean_rate,threshold rate
25,750,70.0000000000000000,124535802.8954550325870514,110620653.2463421225547791
