lambdaBS,lambdaUE,loss_thresh,mean_rate,threshold rate
25,750,70.0000000000000000,163527801.9001040458679199,175822354.5327028334140778
