lambdaBS,lambdaUE,loss_thresh,mean_rate,threshold rate
25,750,40.0000000000000000,139222004.5197342634201050,91619762.1210843920707703
