lambdaBS,lambdaUE,loss_thresh,mean_rate,threshold rate
25,500,70.0000000000000000,164293939.4603703320026398,165950737.7216477096080780
