lambdaBS,lambdaUE,loss_thresh,mean_rate,threshold rate
25,1500,10.0000000000000000,88131446.4134005606174469,46801203.5219561457633972
