lambdaBS,lambdaUE,loss_thresh,mean_rate,threshold rate
25,500,40.0000000000000000,178828950.3131666779518127,125608573.9184928238391876
