lambdaBS,lambdaUE,loss_thresh,mean_rate,threshold rate
25,1500,60.0000000000000000,80983968.8130644857883453,59278322.7495333179831505
