lambdaBS,lambdaUE,loss_thresh,mean_rate,threshold rate
25,500,50.0000000000000000,178828950.3131666779518127,138802941.7058818340301514
