lambdaBS,lambdaUE,loss_thresh,mean_rate,threshold rate
25,2000,50.0000000000000000,66628357.4029916375875473,46150276.9721188694238663
