lambdaBS,lambdaUE,loss_thresh,mean_rate,threshold rate
25,500,100.0000000000000000,221349025.4847458004951477,399823308.2690197229385376
