lambdaBS,lambdaUE,loss_thresh,mean_rate,threshold rate
25,750,50.0000000000000000,162843666.1541970372200012,121760035.8272943496704102
