lambdaBS,lambdaUE,loss_thresh,mean_rate,threshold rate
25,500,30.0000000000000036,203270399.0365623831748962,130539558.3452402353286743
