lambdaBS,lambdaUE,loss_thresh,mean_rate,threshold rate
25,1500,20.0000000000000000,88131446.4134005606174469,50782776.5967929288744926
