lambdaBS,lambdaUE,loss_thresh,mean_rate,threshold rate
25,1000,0.0000000000000000,99860445.4965724349021912,39000472.3378466516733170
