lambdaBS,lambdaUE,loss_thresh,mean_rate,threshold rate
25,750,50.0000000000000000,111706631.5471182018518448,77823233.7839508056640625
