lambdaBS,lambdaUE,loss_thresh,mean_rate,threshold rate
25,1500,70.0000000000000000,53112722.3691986650228500,42158529.2141767516732216
