lambdaBS,lambdaUE,loss_thresh,mean_rate,threshold rate
25,1500,100.0000000000000000,75120587.7769700735807419,399910705.0730437040328979
