lambdaBS,lambdaUE,loss_thresh,mean_rate,threshold rate
25,1500,100.0000000000000000,87767591.7160757482051849,399750164.7866714596748352
