lambdaBS,lambdaUE,loss_thresh,mean_rate,threshold rate
25,1000,90.0000000000000000,101448867.7225758433341980,192060027.8538422584533691
