lambdaBS,lambdaUE,loss_thresh,mean_rate,threshold rate
25,250,30.0000000000000036,281484691.6597837209701538,230773025.8590224087238312
