lambdaBS,lambdaUE,loss_thresh,mean_rate,threshold rate
25,250,80.0000000000000000,298981477.9053134322166443,382307396.6494648456573486
