lambdaBS,lambdaUE,loss_thresh,mean_rate,threshold rate
25,1500,50.0000000000000000,90678836.6046885997056961,59403253.1199366375803947
