lambdaBS,lambdaUE,loss_thresh,mean_rate,threshold rate
25,500,70.0000000000000000,195700273.4462177753448486,228713899.2741664052009583
