lambdaBS,lambdaUE,loss_thresh,mean_rate,threshold rate
25,1000,80.0000000000000000,126299774.7028612494468689,155010674.7992930412292480
