lambdaBS,lambdaUE,loss_thresh,mean_rate,threshold rate
25,500,80.0000000000000000,206814532.6901633739471436,306624298.4574540257453918
