lambdaBS,lambdaUE,loss_thresh,mean_rate,threshold rate
25,2000,50.0000000000000000,73749756.5873665809631348,51658540.3025325536727905
