lambdaBS,lambdaUE,loss_thresh,mean_rate,threshold rate
25,2000,50.0000000000000000,59561739.0353456437587738,40222972.2471725791692734
