lambdaBS,lambdaUE,loss_thresh,mean_rate,threshold rate
25,250,70.0000000000000000,259160227.4407435357570648,305190948.3980823159217834
