lambdaBS,lambdaUE,loss_thresh,mean_rate,threshold rate
25,750,20.0000000000000000,120859099.2272561937570572,77990350.8033976852893829
