lambdaBS,lambdaUE,loss_thresh,mean_rate,threshold rate
25,500,10.0000000000000000,222126892.1069528460502625,116793806.8572125583887100
