lambdaBS,lambdaUE,loss_thresh,mean_rate,threshold rate
25,500,50.0000000000000000,156951852.2852806746959686,121818551.6189961433410645
