lambdaBS,lambdaUE,loss_thresh,mean_rate,threshold rate
25,500,30.0000000000000036,195674695.3438490331172943,124080405.6815057098865509
