lambdaBS,lambdaUE,loss_thresh,mean_rate,threshold rate
25,750,60.0000000000000000,136120457.0908496379852295,105603466.1652037501335144
