lambdaBS,lambdaUE,loss_thresh,mean_rate,threshold rate
25,250,50.0000000000000000,281014839.7151524424552917,283504443.9666435122489929
