lambdaBS,lambdaUE,loss_thresh,mean_rate,threshold rate
25,250,70.0000000000000000,296574467.2671362757682800,347917082.3810428380966187
