lambdaBS,lambdaUE,loss_thresh,mean_rate,threshold rate
25,2000,70.0000000000000000,57186087.7915293499827385,47015606.6617949455976486
