lambdaBS,lambdaUE,loss_thresh,mean_rate,threshold rate
25,750,70.0000000000000000,102847072.6652850359678268,86159103.2160521745681763
