lambdaBS,lambdaUE,loss_thresh,mean_rate,threshold rate
25,1000,70.0000000000000000,126501931.6392095535993576,125519780.3627247512340546
