lambdaBS,lambdaUE,loss_thresh,mean_rate,threshold rate
25,1000,40.0000000000000000,136808355.6297045350074768,85141081.7517730593681335
