lambdaBS,lambdaUE,loss_thresh,mean_rate,threshold rate
25,1500,60.0000000000000000,99477236.2207554876804352,70203099.6315672993659973
