lambdaBS,lambdaUE,loss_thresh,mean_rate,threshold rate
25,250,80.0000000000000000,291621054.1188374757766724,375579929.8335084915161133
