lambdaBS,lambdaUE,loss_thresh,mean_rate,threshold rate
25,2000,30.0000000000000036,60864390.6409080401062965,37265824.3085468560457230
