lambdaBS,lambdaUE,loss_thresh,mean_rate,threshold rate
25,500,10.0000000000000000,193904863.8447406589984894,106114018.8917158097028732
