lambdaBS,lambdaUE,loss_thresh,mean_rate,threshold rate
25,1500,100.0000000000000000,107689697.7194018512964249,399423108.4826853275299072
