lambdaBS,lambdaUE,loss_thresh,mean_rate,threshold rate
25,1500,20.0000000000000000,75684603.2912701815366745,44529726.9383527338504791
