lambdaBS,lambdaUE,loss_thresh,mean_rate,threshold rate
25,2000,70.0000000000000000,48806529.0751942172646523,38603759.2111484706401825
