lambdaBS,lambdaUE,loss_thresh,mean_rate,threshold rate
25,1500,30.0000000000000036,80121041.7140337824821472,50293007.2069912329316139
