lambdaBS,lambdaUE,loss_thresh,mean_rate,threshold rate
25,1000,90.0000000000000000,103538602.1898398250341415,232184375.8931846618652344
