lambdaBS,lambdaUE,loss_thresh,mean_rate,threshold rate
25,1500,80.0000000000000000,131268245.0528503805398941,184545543.2689249813556671
