lambdaBS,lambdaUE,loss_thresh,mean_rate,threshold rate
25,500,40.0000000000000000,172362796.6160665154457092,118843957.1692708283662796
