lambdaBS,lambdaUE,loss_thresh,mean_rate,threshold rate
25,1000,40.0000000000000000,137694754.5414112210273743,89839710.6160468757152557
