lambdaBS,lambdaUE,loss_thresh,mean_rate,threshold rate
25,1500,10.0000000000000000,72359109.4763343185186386,37654484.1723215579986572
