lambdaBS,lambdaUE,loss_thresh,mean_rate,threshold rate
25,250,90.0000000000000000,284183330.5342071056365967,390602961.7406669855117798
