lambdaBS,lambdaUE,loss_thresh,mean_rate,threshold rate
25,750,40.0000000000000000,134883436.5794526040554047,87728227.1463215351104736
