lambdaBS,lambdaUE,loss_thresh,mean_rate,threshold rate
25,250,80.0000000000000000,300508665.4237394928932190,372191026.6584634780883789
