lambdaBS,lambdaUE,loss_thresh,mean_rate,threshold rate
25,1500,0.0000000000000000,87705724.3826857507228851,34673625.2354061380028725
