lambdaBS,lambdaUE,loss_thresh,mean_rate,threshold rate
25,500,20.0000000000000000,170347966.1752496361732483,95303745.3031876087188721
