lambdaBS,lambdaUE,loss_thresh,mean_rate,threshold rate
25,750,0.0000000000000000,131212270.4838777333498001,51782978.2086843848228455
