lambdaBS,lambdaUE,loss_thresh,mean_rate,threshold rate
25,500,90.0000000000000000,190365197.4589685499668121,358166248.5522594451904297
