lambdaBS,lambdaUE,loss_thresh,mean_rate,threshold rate
25,750,30.0000000000000036,160313017.1436156630516052,102513301.2840793430805206
