lambdaBS,lambdaUE,loss_thresh,mean_rate,threshold rate
25,500,90.0000000000000000,147387617.5816494226455688,296107029.3769266009330750
