lambdaBS,lambdaUE,loss_thresh,mean_rate,threshold rate
25,500,30.0000000000000036,183309490.6228809952735901,119085385.2650425136089325
