lambdaBS,lambdaUE,loss_thresh,mean_rate,threshold rate
25,2000,0.0000000000000000,50088168.6401001587510109,15857580.0233488101512194
