lambdaBS,lambdaUE,loss_thresh,mean_rate,threshold rate
25,1500,60.0000000000000000,72359109.4763343185186386,51808809.5880107656121254
