lambdaBS,lambdaUE,loss_thresh,mean_rate,threshold rate
25,1000,80.0000000000000000,129711416.1369701772928238,171135676.8805966675281525
