lambdaBS,lambdaUE,loss_thresh,mean_rate,threshold rate
25,2000,30.0000000000000036,70171556.1003137230873108,44504089.2935529947280884
