lambdaBS,lambdaUE,loss_thresh,mean_rate,threshold rate
25,1000,0.0000000000000000,111737141.4455456435680389,43512553.5642226636409760
