lambdaBS,lambdaUE,loss_thresh,mean_rate,threshold rate
25,2000,70.0000000000000000,41594880.9075666889548302,32145649.9258027970790863
