lambdaBS,lambdaUE,loss_thresh,mean_rate,threshold rate
25,1000,90.0000000000000000,81648340.8879122883081436,156658315.2188153564929962
