lambdaBS,lambdaUE,loss_thresh,mean_rate,threshold rate
25,1000,10.0000000000000000,129331404.1830827593803406,70156602.5595612227916718
