lambdaBS,lambdaUE,loss_thresh,mean_rate,threshold rate
25,2000,20.0000000000000000,56974567.8599111586809158,34343139.5813843980431557
