lambdaBS,lambdaUE,loss_thresh,mean_rate,threshold rate
25,1500,20.0000000000000000,87705724.3826857507228851,49322699.7850308120250702
