lambdaBS,lambdaUE,loss_thresh,mean_rate,threshold rate
25,250,90.0000000000000000,277564207.0828672647476196,386327293.5686757564544678
