lambdaBS,lambdaUE,loss_thresh,mean_rate,threshold rate
25,500,70.0000000000000000,195128016.4363408982753754,230966768.9684688746929169
