lambdaBS,lambdaUE,loss_thresh,mean_rate,threshold rate
25,250,80.0000000000000000,253185220.4067657887935638,352075590.7134743332862854
