lambdaBS,lambdaUE,loss_thresh,mean_rate,threshold rate
25,250,10.0000000000000000,274179328.1097429394721985,163606969.7692188620567322
