lambdaBS,lambdaUE,loss_thresh,mean_rate,threshold rate
25,750,70.0000000000000000,165878903.1768380403518677,175452848.8810572624206543
