lambdaBS,lambdaUE,loss_thresh,mean_rate,threshold rate
25,2000,40.0000000000000000,66628357.4029916375875473,42958184.4068171903491020
