lambdaBS,lambdaUE,loss_thresh,mean_rate,threshold rate
25,1500,10.0000000000000000,83314653.9474094808101654,42437783.6129260212182999
