lambdaBS,lambdaUE,loss_thresh,mean_rate,threshold rate
25,500,100.0000000000000000,159687712.3017172217369080,399446166.5787100791931152
