lambdaBS,lambdaUE,loss_thresh,mean_rate,threshold rate
25,250,20.0000000000000000,286342088.0961239933967590,217941542.4317358732223511
