lambdaBS,lambdaUE,loss_thresh,mean_rate,threshold rate
25,750,40.0000000000000000,139200367.9064988195896149,90338149.8131200671195984
