lambdaBS,lambdaUE,loss_thresh,mean_rate,threshold rate
25,500,20.0000000000000000,172362796.6160665154457092,104474856.4629910141229630
