lambdaBS,lambdaUE,loss_thresh,mean_rate,threshold rate
25,750,50.0000000000000000,181737928.9022804796695709,142842238.5075092911720276
