lambdaBS,lambdaUE,loss_thresh,mean_rate,threshold rate
25,1500,30.0000000000000036,87705724.3826857507228851,52689227.9767142236232758
