lambdaBS,lambdaUE,loss_thresh,mean_rate,threshold rate
25,2000,50.0000000000000000,60864390.6409080401062965,41003139.2366343066096306
