lambdaBS,lambdaUE,loss_thresh,mean_rate,threshold rate
25,1500,70.0000000000000000,80811130.3796265274286270,66760219.5823476761579514
