lambdaBS,lambdaUE,loss_thresh,mean_rate,threshold rate
25,1500,50.0000000000000000,85543066.2445224225521088,57376501.7095056623220444
