lambdaBS,lambdaUE,loss_thresh,mean_rate,threshold rate
25,2000,100.0000000000000000,56784643.1083457469940186,399610532.6414526700973511
