lambdaBS,lambdaUE,loss_thresh,mean_rate,threshold rate
25,250,20.0000000000000000,244477306.9735323190689087,155477192.0170207619667053
