lambdaBS,lambdaUE,loss_thresh,mean_rate,threshold rate
25,500,90.0000000000000000,188991611.3950321078300476,372422948.3925238847732544
