lambdaBS,lambdaUE,loss_thresh,mean_rate,threshold rate
25,250,10.0000000000000000,283125772.5286636352539062,186205262.8311696946620941
