lambdaBS,lambdaUE,loss_thresh,mean_rate,threshold rate
25,500,20.0000000000000000,257898345.5196865200996399,170899387.9560444056987762
