lambdaBS,lambdaUE,loss_thresh,mean_rate,threshold rate
25,1000,90.0000000000000000,144087980.7628902792930603,311782338.2247422337532043
