lambdaBS,lambdaUE,loss_thresh,mean_rate,threshold rate
25,2000,30.0000000000000036,86273476.0627824366092682,51011904.7842112109065056
