lambdaBS,lambdaUE,loss_thresh,mean_rate,threshold rate
25,2000,90.0000000000000000,66628357.4029916375875473,97709341.4777364730834961
