lambdaBS,lambdaUE,loss_thresh,mean_rate,threshold rate
25,2000,100.0000000000000000,63383674.5002592131495476,399799841.3701715469360352
