lambdaBS,lambdaUE,loss_thresh,mean_rate,threshold rate
25,500,100.0000000000000000,147745943.8734732270240784,399458042.2636569738388062
