lambdaBS,lambdaUE,loss_thresh,mean_rate,threshold rate
25,1500,50.0000000000000000,74605920.9676925241947174,52205049.1283359676599503
