lambdaBS,lambdaUE,loss_thresh,mean_rate,threshold rate
25,2000,70.0000000000000000,53388665.3878123611211777,43026256.1963231563568115
