lambdaBS,lambdaUE,loss_thresh,mean_rate,threshold rate
25,500,80.0000000000000000,191251399.8987487554550171,288035141.7142840623855591
