lambdaBS,lambdaUE,loss_thresh,mean_rate,threshold rate
25,1500,50.0000000000000000,68718540.8915736228227615,51968858.2675615549087524
