lambdaBS,lambdaUE,loss_thresh,mean_rate,threshold rate
25,500,80.0000000000000000,147387617.5816494226455688,202570072.9834246635437012
