lambdaBS,lambdaUE,loss_thresh,mean_rate,threshold rate
25,1500,60.0000000000000000,72028693.9188253432512283,52046955.2050686404109001
