lambdaBS,lambdaUE,loss_thresh,mean_rate,threshold rate
25,500,40.0000000000000000,193904863.8447406589984894,137791487.8311116099357605
