lambdaBS,lambdaUE,loss_thresh,mean_rate,threshold rate
25,1000,60.0000000000000000,111737141.4455456435680389,88761367.1794360429048538
