lambdaBS,lambdaUE,loss_thresh,mean_rate,threshold rate
25,1500,70.0000000000000000,48839680.8619498834013939,39735480.5458715856075287
