lambdaBS,lambdaUE,loss_thresh,mean_rate,threshold rate
25,2000,20.0000000000000000,52991946.7000781297683716,32192919.5645223408937454
