lambdaBS,lambdaUE,loss_thresh,mean_rate,threshold rate
25,500,80.0000000000000000,221997534.0487715601921082,312209194.2398679256439209
