lambdaBS,lambdaUE,loss_thresh,mean_rate,threshold rate
25,750,70.0000000000000000,160313017.1436156630516052,167534552.7915568351745605
