lambdaBS,lambdaUE,loss_thresh,mean_rate,threshold rate
25,250,40.0000000000000000,316994527.7789049148559570,303214822.4425036311149597
