lambdaBS,lambdaUE,loss_thresh,mean_rate,threshold rate
25,2000,70.0000000000000000,48557252.2873085588216782,39668341.6927461028099060
