lambdaBS,lambdaUE,loss_thresh,mean_rate,threshold rate
25,500,100.0000000000000000,169310545.8454463481903076,399907330.4214217066764832
