lambdaBS,lambdaUE,loss_thresh,mean_rate,threshold rate
25,2000,90.0000000000000000,88260216.0241076797246933,155489133.7132461071014404
