lambdaBS,lambdaUE,loss_thresh,mean_rate,threshold rate
25,500,70.0000000000000000,147184847.5805005431175232,138088634.0889412164688110
