lambdaBS,lambdaUE,loss_thresh,mean_rate,threshold rate
25,750,0.0000000000000000,145034545.0254938602447510,67181621.4405284225940704
