lambdaBS,lambdaUE,loss_thresh,mean_rate,threshold rate
25,2000,90.0000000000000000,68953960.1516192108392715,114098081.2637602537870407
