lambdaBS,lambdaUE,loss_thresh,mean_rate,threshold rate
25,1000,80.0000000000000000,167392508.0464700758457184,249906299.6375921964645386
