lambdaBS,lambdaUE,loss_thresh,mean_rate,threshold rate
25,1000,90.0000000000000000,128848945.6923470497131348,264352721.4196205735206604
