lambdaBS,lambdaUE,loss_thresh,mean_rate,threshold rate
25,2000,100.0000000000000000,42868567.6925612911581993,398539482.5530282258987427
