lambdaBS,lambdaUE,loss_thresh,mean_rate,threshold rate
25,500,50.0000000000000000,217938411.1568375527858734,186952982.9115303158760071
