lambdaBS,lambdaUE,loss_thresh,mean_rate,threshold rate
25,500,40.0000000000000000,161868819.2519365251064301,110733962.1492160558700562
