lambdaBS,lambdaUE,loss_thresh,mean_rate,threshold rate
25,750,10.0000000000000000,139607656.5568103492259979,72419257.8202638477087021
