lambdaBS,lambdaUE,loss_thresh,mean_rate,threshold rate
25,1500,20.0000000000000000,61321809.6150320470333099,38330637.3792125880718231
