lambdaBS,lambdaUE,loss_thresh,mean_rate,threshold rate
25,1500,80.0000000000000000,81696749.9079154878854752,77761975.1369457244873047
