lambdaBS,lambdaUE,loss_thresh,mean_rate,threshold rate
25,500,100.0000000000000000,219131539.3926328122615814,399698217.7659069895744324
