lambdaBS,lambdaUE,loss_thresh,mean_rate,threshold rate
25,1000,20.0000000000000000,166101768.3984597921371460,92203438.0347734093666077
