lambdaBS,lambdaUE,loss_thresh,mean_rate,threshold rate
25,750,0.0000000000000000,121307268.2176762819290161,48943155.3307516276836395
