lambdaBS,lambdaUE,loss_thresh,mean_rate,threshold rate
25,750,90.0000000000000000,134951182.6296507716178894,270692813.1009625196456909
