lambdaBS,lambdaUE,loss_thresh,mean_rate,threshold rate
25,1500,40.0000000000000000,55944595.5965137854218483,36511399.2884019389748573
