lambdaBS,lambdaUE,loss_thresh,mean_rate,threshold rate
25,750,80.0000000000000000,136120457.0908496379852295,173765580.0939311981201172
