lambdaBS,lambdaUE,loss_thresh,mean_rate,threshold rate
25,500,20.0000000000000000,229952935.4116376638412476,142030560.5715770721435547
