lambdaBS,lambdaUE,loss_thresh,mean_rate,threshold rate
25,1000,70.0000000000000000,129711416.1369701772928238,120492458.6583723127841949
