lambdaBS,lambdaUE,loss_thresh,mean_rate,threshold rate
25,1500,100.0000000000000000,86833242.0973747521638870,399279828.3392063975334167
