lambdaBS,lambdaUE,loss_thresh,mean_rate,threshold rate
25,1000,10.0000000000000000,80646573.2939335107803345,46427834.6936290413141251
