lambdaBS,lambdaUE,loss_thresh,mean_rate,threshold rate
25,250,80.0000000000000000,272772754.1196290254592896,362000288.1891446113586426
