lambdaBS,lambdaUE,loss_thresh,mean_rate,threshold rate
25,250,90.0000000000000000,296176002.5036040544509888,389712822.9602967500686646
