lambdaBS,lambdaUE,loss_thresh,mean_rate,threshold rate
25,750,100.0000000000000000,149563626.3222410082817078,399217917.6397871375083923
