lambdaBS,lambdaUE,loss_thresh,mean_rate,threshold rate
25,750,0.0000000000000000,124535802.8954550325870514,49078124.5909947305917740
