lambdaBS,lambdaUE,loss_thresh,mean_rate,threshold rate
25,250,0.0000000000000000,253997166.0669423639774323,116872493.5780687332153320
