lambdaBS,lambdaUE,loss_thresh,mean_rate,threshold rate
25,750,30.0000000000000036,140012112.6677200198173523,85004565.6515243351459503
