lambdaBS,lambdaUE,loss_thresh,mean_rate,threshold rate
25,1500,70.0000000000000000,59178293.3649869337677956,48159092.5273428261280060
