lambdaBS,lambdaUE,loss_thresh,mean_rate,threshold rate
25,1000,80.0000000000000000,126346968.7536365389823914,150076156.1968932449817657
