lambdaBS,lambdaUE,loss_thresh,mean_rate,threshold rate
25,750,60.0000000000000000,163359988.1878515779972076,138403253.1963497698307037
