lambdaBS,lambdaUE,loss_thresh,mean_rate,threshold rate
25,1500,0.0000000000000000,54734545.1460508033633232,19392200.4350505694746971
