lambdaBS,lambdaUE,loss_thresh,mean_rate,threshold rate
25,750,60.0000000000000000,166550955.6694678664207458,151189354.0748734176158905
