lambdaBS,lambdaUE,loss_thresh,mean_rate,threshold rate
25,1000,30.0000000000000036,110610317.5281575471162796,73525067.6987680792808533
