lambdaBS,lambdaUE,loss_thresh,mean_rate,threshold rate
25,2000,30.0000000000000036,63268488.5270378738641739,39667910.5130794644355774
