lambdaBS,lambdaUE,loss_thresh,mean_rate,threshold rate
25,250,0.0000000000000000,266646249.6610763967037201,128022630.7856121361255646
