lambdaBS,lambdaUE,loss_thresh,mean_rate,threshold rate
25,250,80.0000000000000000,242677647.4639374315738678,363941003.1691600084304810
