lambdaBS,lambdaUE,loss_thresh,mean_rate,threshold rate
25,1000,70.0000000000000000,159159871.0735320150852203,169996060.2330303490161896
