lambdaBS,lambdaUE,loss_thresh,mean_rate,threshold rate
25,1000,40.0000000000000000,98943820.5460494756698608,64784559.0010815262794495
