lambdaBS,lambdaUE,loss_thresh,mean_rate,threshold rate
25,1500,70.0000000000000000,86696647.1356132328510284,66053563.3107867687940598
