lambdaBS,lambdaUE,loss_thresh,mean_rate,threshold rate
25,1500,80.0000000000000000,99561452.4301052689552307,108321165.5207410007715225
