lambdaBS,lambdaUE,loss_thresh,mean_rate,threshold rate
25,1000,100.0000000000000000,80646573.2939335107803345,399666658.3191752433776855
