lambdaBS,lambdaUE,loss_thresh,mean_rate,threshold rate
25,1000,20.0000000000000000,128848945.6923470497131348,76495465.9100290536880493
