lambdaBS,lambdaUE,loss_thresh,mean_rate,threshold rate
25,750,80.0000000000000000,116297878.6479243934154510,137882337.5082294344902039
