lambdaBS,lambdaUE,loss_thresh,mean_rate,threshold rate
25,500,100.0000000000000000,212357953.0745219290256500,399883106.9827938079833984
