lambdaBS,lambdaUE,loss_thresh,mean_rate,threshold rate
25,250,50.0000000000000000,305050831.5635651946067810,311298286.9549098610877991
