lambdaBS,lambdaUE,loss_thresh,mean_rate,threshold rate
25,250,100.0000000000000000,293948659.0319084525108337,399871514.9683094620704651
