lambdaBS,lambdaUE,loss_thresh,mean_rate,threshold rate
25,250,60.0000000000000000,250535621.1387422382831573,274264324.5001263618469238
