lambdaBS,lambdaUE,loss_thresh,mean_rate,threshold rate
25,1500,40.0000000000000000,123737141.4477924108505249,78614819.4443677514791489
