lambdaBS,lambdaUE,loss_thresh,mean_rate,threshold rate
25,2000,10.0000000000000000,41594880.9075666889548302,23440910.3970296233892441
