lambdaBS,lambdaUE,loss_thresh,mean_rate,threshold rate
25,2000,0.0000000000000000,38513342.4822388216853142,13240685.3203820921480656
