lambdaBS,lambdaUE,loss_thresh,mean_rate,threshold rate
25,1500,10.0000000000000000,62389404.5437618717551231,35436097.2347570210695267
