lambdaBS,lambdaUE,loss_thresh,mean_rate,threshold rate
25,2000,70.0000000000000000,44935888.3266390934586525,35266640.8246116191148758
