lambdaBS,lambdaUE,loss_thresh,mean_rate,threshold rate
25,2000,30.0000000000000036,46641663.0322953164577484,29448356.2155062407255173
