lambdaBS,lambdaUE,loss_thresh,mean_rate,threshold rate
25,2000,20.0000000000000000,48806529.0751942172646523,30070621.3870189599692822
