lambdaBS,lambdaUE,loss_thresh,mean_rate,threshold rate
25,2000,20.0000000000000000,59873746.6564631015062332,35106026.3162712603807449
