lambdaBS,lambdaUE,loss_thresh,mean_rate,threshold rate
25,750,10.0000000000000000,159301373.5906502008438110,86818379.6732925623655319
