lambdaBS,lambdaUE,loss_thresh,mean_rate,threshold rate
25,2000,50.0000000000000000,46641663.0322953164577484,32083958.9893219433724880
