lambdaBS,lambdaUE,loss_thresh,mean_rate,threshold rate
25,2000,100.0000000000000000,57429064.9140639156103134,399665506.2490320801734924
