lambdaBS,lambdaUE,loss_thresh,mean_rate,threshold rate
25,500,30.0000000000000036,189683685.9448018670082092,124739220.1840370595455170
