lambdaBS,lambdaUE,loss_thresh,mean_rate,threshold rate
25,2000,50.0000000000000000,42136691.0408588349819183,28317274.7601283043622971
