lambdaBS,lambdaUE,loss_thresh,mean_rate,threshold rate
25,2000,80.0000000000000000,61446935.6204690188169479,55465029.7546310126781464
