lambdaBS,lambdaUE,loss_thresh,mean_rate,threshold rate
25,1000,90.0000000000000000,127994972.5718139410018921,300291288.0429363250732422
