lambdaBS,lambdaUE,loss_thresh,mean_rate,threshold rate
25,1000,20.0000000000000000,85722231.1941309869289398,53200509.9524379372596741
