lambdaBS,lambdaUE,loss_thresh,mean_rate,threshold rate
25,1500,90.0000000000000000,80983968.8130644857883453,148225671.1618024706840515
