lambdaBS,lambdaUE,loss_thresh,mean_rate,threshold rate
25,1000,50.0000000000000000,83427377.7444459795951843,58235631.3533705621957779
