lambdaBS,lambdaUE,loss_thresh,mean_rate,threshold rate
25,500,90.0000000000000000,191493673.9017001688480377,366151594.9960249662399292
