lambdaBS,lambdaUE,loss_thresh,mean_rate,threshold rate
25,250,30.0000000000000036,283125772.5286636352539062,226507393.4424800276756287
