lambdaBS,lambdaUE,loss_thresh,mean_rate,threshold rate
25,1500,40.0000000000000000,83314653.9474094808101654,52753926.5765172243118286
