lambdaBS,lambdaUE,loss_thresh,mean_rate,threshold rate
25,2000,80.0000000000000000,73371870.8934513032436371,72764365.1622914671897888
