lambdaBS,lambdaUE,loss_thresh,mean_rate,threshold rate
25,750,70.0000000000000000,154007311.5975665748119354,149097039.3258903026580811
