lambdaBS,lambdaUE,loss_thresh,mean_rate,threshold rate
25,2000,20.0000000000000000,38513342.4822388216853142,24390549.9175958335399628
