lambdaBS,lambdaUE,loss_thresh,mean_rate,threshold rate
25,500,90.0000000000000000,172362796.6160665154457092,320618237.4401277303695679
