lambdaBS,lambdaUE,loss_thresh,mean_rate,threshold rate
25,1500,90.0000000000000000,74503587.4433700144290924,121052460.9801013618707657
