lambdaBS,lambdaUE,loss_thresh,mean_rate,threshold rate
25,750,30.0000000000000036,166995098.1058658957481384,101645051.6819657087326050
