lambdaBS,lambdaUE,loss_thresh,mean_rate,threshold rate
25,1000,40.0000000000000000,118278074.9840818643569946,80535244.2078882157802582
