lambdaBS,lambdaUE,loss_thresh,mean_rate,threshold rate
25,1500,50.0000000000000000,115239469.7292174994945526,82875914.3181114196777344
