lambdaBS,lambdaUE,loss_thresh,mean_rate,threshold rate
25,250,10.0000000000000000,291682658.3846660852432251,186869651.8499941229820251
