lambdaBS,lambdaUE,loss_thresh,mean_rate,threshold rate
25,750,100.0000000000000000,192398105.9804332554340363,399668567.6644682884216309
