lambdaBS,lambdaUE,loss_thresh,mean_rate,threshold rate
25,1000,0.0000000000000000,108372620.3200024515390396,47611141.9082339406013489
