lambdaBS,lambdaUE,loss_thresh,mean_rate,threshold rate
25,750,50.0000000000000000,102847072.6652850359678268,70143953.0099560618400574
