lambdaBS,lambdaUE,loss_thresh,mean_rate,threshold rate
25,250,90.0000000000000000,279098601.9563840627670288,390073563.5610579252243042
