lambdaBS,lambdaUE,loss_thresh,mean_rate,threshold rate
25,2000,10.0000000000000000,62300538.9624994173645973,30818500.2006305083632469
