lambdaBS,lambdaUE,loss_thresh,mean_rate,threshold rate
25,1500,20.0000000000000000,48839680.8619498834013939,31149970.6446047350764275
