lambdaBS,lambdaUE,loss_thresh,mean_rate,threshold rate
25,1500,20.0000000000000000,75470483.9172180294990540,43528891.6910254806280136
