lambdaBS,lambdaUE,loss_thresh,mean_rate,threshold rate
25,1000,10.0000000000000000,129159106.8489950001239777,64794720.0137805119156837
