lambdaBS,lambdaUE,loss_thresh,mean_rate,threshold rate
25,2000,80.0000000000000000,71358643.7283172309398651,67084613.5117346942424774
