lambdaBS,lambdaUE,loss_thresh,mean_rate,threshold rate
25,1500,40.0000000000000000,87767591.7160757482051849,53748467.8522484898567200
