lambdaBS,lambdaUE,loss_thresh,mean_rate,threshold rate
25,250,90.0000000000000000,253997166.0669423639774323,385868407.3459370732307434
