lambdaBS,lambdaUE,loss_thresh,mean_rate,threshold rate
25,2000,30.0000000000000036,73371870.8934513032436371,46523189.4993810132145882
