lambdaBS,lambdaUE,loss_thresh,mean_rate,threshold rate
25,2000,60.0000000000000000,66628357.4029916375875473,49834026.3281684219837189
