lambdaBS,lambdaUE,loss_thresh,mean_rate,threshold rate
25,750,50.0000000000000000,163527801.9001040458679199,123696709.4343742579221725
