lambdaBS,lambdaUE,loss_thresh,mean_rate,threshold rate
25,750,100.0000000000000000,163359988.1878515779972076,399875554.0283558964729309
