lambdaBS,lambdaUE,loss_thresh,mean_rate,threshold rate
25,250,100.0000000000000000,283907712.6400912404060364,399908313.2134965658187866
