lambdaBS,lambdaUE,loss_thresh,mean_rate,threshold rate
25,500,60.0000000000000000,233026430.3156396448612213,244752503.4654976129531860
