lambdaBS,lambdaUE,loss_thresh,mean_rate,threshold rate
25,750,80.0000000000000000,149563626.3222410082817078,196533070.6347246170043945
