lambdaBS,lambdaUE,loss_thresh,mean_rate,threshold rate
25,500,100.0000000000000000,212097579.0020851492881775,399186501.6690525412559509
