lambdaBS,lambdaUE,loss_thresh,mean_rate,threshold rate
25,250,40.0000000000000000,277564207.0828672647476196,253510658.9642512798309326
