lambdaBS,lambdaUE,loss_thresh,mean_rate,threshold rate
25,1000,80.0000000000000000,108800702.6403066813945770,138448763.3901918232440948
