lambdaBS,lambdaUE,loss_thresh,mean_rate,threshold rate
25,1500,0.0000000000000000,96498020.0949508696794510,34466934.8641459122300148
