lambdaBS,lambdaUE,loss_thresh,mean_rate,threshold rate
25,500,10.0000000000000000,211555306.4451645612716675,114385414.2918455898761749
