lambdaBS,lambdaUE,loss_thresh,mean_rate,threshold rate
25,750,50.0000000000000000,149947925.1653344929218292,111835403.1748856306076050
