lambdaBS,lambdaUE,loss_thresh,mean_rate,threshold rate
25,1500,50.0000000000000000,77273014.3932029157876968,55274729.2398608773946762
