lambdaBS,lambdaUE,loss_thresh,mean_rate,threshold rate
25,750,30.0000000000000036,161877426.1697733700275421,101292219.1239615678787231
