lambdaBS,lambdaUE,loss_thresh,mean_rate,threshold rate
25,1000,70.0000000000000000,115337179.6485338360071182,100169389.7298918366432190
