lambdaBS,lambdaUE,loss_thresh,mean_rate,threshold rate
25,1000,80.0000000000000000,127994972.5718139410018921,177607488.9477874636650085
