lambdaBS,lambdaUE,loss_thresh,mean_rate,threshold rate
25,2000,30.0000000000000036,72375972.2218290120363235,44624510.7721044644713402
