lambdaBS,lambdaUE,loss_thresh,mean_rate,threshold rate
25,500,90.0000000000000000,164293939.4603703320026398,353054138.7646663188934326
