lambdaBS,lambdaUE,loss_thresh,mean_rate,threshold rate
25,250,20.0000000000000000,298981477.9053134322166443,229672176.1805882155895233
