lambdaBS,lambdaUE,loss_thresh,mean_rate,threshold rate
25,750,30.0000000000000036,102847072.6652850359678268,63258050.2508831545710564
