lambdaBS,lambdaUE,loss_thresh,mean_rate,threshold rate
25,1000,0.0000000000000000,108800702.6403066813945770,42389904.5654684677720070
