lambdaBS,lambdaUE,loss_thresh,mean_rate,threshold rate
25,500,100.0000000000000000,233428498.1046710014343262,399871640.7167219519615173
