lambdaBS,lambdaUE,loss_thresh,mean_rate,threshold rate
25,1500,90.0000000000000000,72359109.4763343185186386,118247288.0859835147857666
