lambdaBS,lambdaUE,loss_thresh,mean_rate,threshold rate
25,500,90.0000000000000000,222994751.6000937521457672,368745002.2801563739776611
