lambdaBS,lambdaUE,loss_thresh,mean_rate,threshold rate
25,250,40.0000000000000000,282705265.7705399990081787,261904394.2556511461734772
