lambdaBS,lambdaUE,loss_thresh,mean_rate,threshold rate
25,500,30.0000000000000036,195128016.4363408982753754,124093163.7250654697418213
