lambdaBS,lambdaUE,loss_thresh,mean_rate,threshold rate
25,1000,50.0000000000000000,100035443.1928832232952118,67418993.9101367890834808
