lambdaBS,lambdaUE,loss_thresh,mean_rate,threshold rate
25,250,60.0000000000000000,293959182.2258570790290833,324869258.6747288107872009
