lambdaBS,lambdaUE,loss_thresh,mean_rate,threshold rate
25,2000,20.0000000000000000,42548737.1037807762622833,24603762.4984735175967216
