lambdaBS,lambdaUE,loss_thresh,mean_rate,threshold rate
25,750,70.0000000000000000,140012112.6677200198173523,131216230.5397288948297501
