lambdaBS,lambdaUE,loss_thresh,mean_rate,threshold rate
25,2000,70.0000000000000000,59561739.0353456437587738,46591490.9379877969622612
