lambdaBS,lambdaUE,loss_thresh,mean_rate,threshold rate
25,750,50.0000000000000000,158119160.0242304205894470,123274151.1083574295043945
