lambdaBS,lambdaUE,loss_thresh,mean_rate,threshold rate
25,250,70.0000000000000000,252513333.8873901963233948,322446594.2018251419067383
