lambdaBS,lambdaUE,loss_thresh,mean_rate,threshold rate
25,500,60.0000000000000000,203098585.1772979795932770,210923728.0145472884178162
