lambdaBS,lambdaUE,loss_thresh,mean_rate,threshold rate
25,250,30.0000000000000036,304547412.2497818470001221,264487132.4193473756313324
