lambdaBS,lambdaUE,loss_thresh,mean_rate,threshold rate
25,1500,50.0000000000000000,87767591.7160757482051849,57972122.8721272274851799
