lambdaBS,lambdaUE,loss_thresh,mean_rate,threshold rate
25,500,40.0000000000000000,217783064.0025576353073120,172802675.6346696913242340
