lambdaBS,lambdaUE,loss_thresh,mean_rate,threshold rate
25,1500,100.0000000000000000,87705724.3826857507228851,398466719.0909407734870911
