lambdaBS,lambdaUE,loss_thresh,mean_rate,threshold rate
25,500,10.0000000000000000,188826169.8792707622051239,104657860.9912873208522797
