lambdaBS,lambdaUE,loss_thresh,mean_rate,threshold rate
25,1000,20.0000000000000000,108372620.3200024515390396,62836805.7984424978494644
