lambdaBS,lambdaUE,loss_thresh,mean_rate,threshold rate
25,1500,50.0000000000000000,81696749.9079154878854752,55548844.6811894774436951
