lambdaBS,lambdaUE,loss_thresh,mean_rate,threshold rate
25,1000,20.0000000000000000,159159871.0735320150852203,87895647.9594060778617859
