lambdaBS,lambdaUE,loss_thresh,mean_rate,threshold rate
25,2000,30.0000000000000036,99696799.4483978897333145,57243992.4173000976443291
