lambdaBS,lambdaUE,loss_thresh,mean_rate,threshold rate
25,1000,100.0000000000000000,126478633.2569307833909988,399808331.7162261605262756
