lambdaBS,lambdaUE,loss_thresh,mean_rate,threshold rate
25,250,60.0000000000000000,316994527.7789049148559570,343239082.5542482137680054
