lambdaBS,lambdaUE,loss_thresh,mean_rate,threshold rate
25,1000,20.0000000000000000,111593512.5921529084444046,60503235.7381453663110733
