lambdaBS,lambdaUE,loss_thresh,mean_rate,threshold rate
25,250,60.0000000000000000,294652560.7431404590606689,335942970.1798231005668640
