lambdaBS,lambdaUE,loss_thresh,mean_rate,threshold rate
25,500,0.0000000000000000,178878921.2982313632965088,81924967.6985795646905899
