lambdaBS,lambdaUE,loss_thresh,mean_rate,threshold rate
25,250,40.0000000000000000,272772754.1196290254592896,232831316.4072658121585846
