lambdaBS,lambdaUE,loss_thresh,mean_rate,threshold rate
25,1500,70.0000000000000000,73502658.1937979161739349,57168757.4224441424012184
