lambdaBS,lambdaUE,loss_thresh,mean_rate,threshold rate
25,1000,100.0000000000000000,92416432.1329274475574493,399936845.3718911409378052
