lambdaBS,lambdaUE,loss_thresh,mean_rate,threshold rate
25,750,20.0000000000000000,143733879.0912370979785919,84794632.8139026463031769
