lambdaBS,lambdaUE,loss_thresh,mean_rate,threshold rate
25,750,90.0000000000000000,125554415.0458351373672485,286521274.6619379520416260
