lambdaBS,lambdaUE,loss_thresh,mean_rate,threshold rate
25,1500,50.0000000000000000,75470483.9172180294990540,51665033.7003651112318039
