lambdaBS,lambdaUE,loss_thresh,mean_rate,threshold rate
25,1500,10.0000000000000000,81696749.9079154878854752,44094045.8798484057188034
