lambdaBS,lambdaUE,loss_thresh,mean_rate,threshold rate
25,1000,100.0000000000000000,106974945.4972628951072693,397467570.7624322175979614
