lambdaBS,lambdaUE,loss_thresh,mean_rate,threshold rate
25,1000,70.0000000000000000,105326884.5751594752073288,88280581.3198948800563812
