lambdaBS,lambdaUE,loss_thresh,mean_rate,threshold rate
25,2000,90.0000000000000000,55620506.0765084773302078,77863237.3583407402038574
