lambdaBS,lambdaUE,loss_thresh,mean_rate,threshold rate
25,2000,70.0000000000000000,99696799.4483978897333145,84225610.9751531332731247
