lambdaBS,lambdaUE,loss_thresh,mean_rate,threshold rate
25,750,0.0000000000000000,159879350.8154439032077789,59827788.5705636292695999
