lambdaBS,lambdaUE,loss_thresh,mean_rate,threshold rate
25,250,60.0000000000000000,302831688.7323762178421021,337359674.8930495381355286
