lambdaBS,lambdaUE,loss_thresh,mean_rate,threshold rate
25,2000,100.0000000000000000,37401754.1048015952110291,399221572.1456120014190674
