lambdaBS,lambdaUE,loss_thresh,mean_rate,threshold rate
25,500,100.0000000000000000,162556468.4388157427310944,399599907.7370354533195496
