lambdaBS,lambdaUE,loss_thresh,mean_rate,threshold rate
25,250,40.0000000000000000,253185220.4067657887935638,211121234.7281001210212708
