lambdaBS,lambdaUE,loss_thresh,mean_rate,threshold rate
25,2000,10.0000000000000000,49354709.1278658732771873,28684802.8074056208133698
