lambdaBS,lambdaUE,loss_thresh,mean_rate,threshold rate
25,500,90.0000000000000000,170347966.1752496361732483,351357505.9303159713745117
