lambdaBS,lambdaUE,loss_thresh,mean_rate,threshold rate
25,500,60.0000000000000000,193741417.5633775889873505,180986066.2846789360046387
