lambdaBS,lambdaUE,loss_thresh,mean_rate,threshold rate
25,1500,80.0000000000000000,93763357.6442786455154419,96605358.9032585024833679
