lambdaBS,lambdaUE,loss_thresh,mean_rate,threshold rate
25,750,10.0000000000000000,115811678.0706593245267868,65837440.7046736851334572
