lambdaBS,lambdaUE,loss_thresh,mean_rate,threshold rate
25,1500,50.0000000000000000,77359638.7744346261024475,52976175.5336737334728241
