lambdaBS,lambdaUE,loss_thresh,mean_rate,threshold rate
25,500,0.0000000000000000,226426851.0836409926414490,86204482.5157433748245239
