lambdaBS,lambdaUE,loss_thresh,mean_rate,threshold rate
25,500,40.0000000000000000,221349025.4847458004951477,177121208.8539299368858337
