lambdaBS,lambdaUE,loss_thresh,mean_rate,threshold rate
25,2000,100.0000000000000000,49354709.1278658732771873,399759164.6402465105056763
