lambdaBS,lambdaUE,loss_thresh,mean_rate,threshold rate
25,1500,70.0000000000000000,89466719.7626030743122101,76222132.6918467879295349
