lambdaBS,lambdaUE,loss_thresh,mean_rate,threshold rate
25,250,40.0000000000000000,286444241.0471339821815491,257042678.1720791161060333
