lambdaBS,lambdaUE,loss_thresh,mean_rate,threshold rate
25,1500,50.0000000000000000,93781553.4857155680656433,62224487.0345836132764816
