lambdaBS,lambdaUE,loss_thresh,mean_rate,threshold rate
25,2000,90.0000000000000000,49354709.1278658732771873,51768581.4943182319402695
