lambdaBS,lambdaUE,loss_thresh,mean_rate,threshold rate
25,1000,50.0000000000000000,81648340.8879122883081436,53595111.5454315841197968
