lambdaBS,lambdaUE,loss_thresh,mean_rate,threshold rate
25,250,100.0000000000000000,227825158.3172380924224854,396363719.7330366373062134
