lambdaBS,lambdaUE,loss_thresh,mean_rate,threshold rate
25,2000,40.0000000000000000,62474752.9353357851505280,39300863.1690600216388702
