lambdaBS,lambdaUE,loss_thresh,mean_rate,threshold rate
25,500,10.0000000000000000,170429418.9727191627025604,88894312.4504010975360870
