lambdaBS,lambdaUE,loss_thresh,mean_rate,threshold rate
25,1000,90.0000000000000000,136808355.6297045350074768,319986825.0807935595512390
