lambdaBS,lambdaUE,loss_thresh,mean_rate,threshold rate
25,1500,60.0000000000000000,80843512.6108797043561935,59717026.5619166642427444
