lambdaBS,lambdaUE,loss_thresh,mean_rate,threshold rate
25,2000,80.0000000000000000,56784643.1083457469940186,52278398.4565824121236801
