lambdaBS,lambdaUE,loss_thresh,mean_rate,threshold rate
25,1000,80.0000000000000000,118226441.7022977024316788,134499834.9224445819854736
