lambdaBS,lambdaUE,loss_thresh,mean_rate,threshold rate
25,250,50.0000000000000000,243289676.8362236320972443,224091448.9376637935638428
