lambdaBS,lambdaUE,loss_thresh,mean_rate,threshold rate
25,1500,60.0000000000000000,54734545.1460508033633232,40518678.9986778944730759
