lambdaBS,lambdaUE,loss_thresh,mean_rate,threshold rate
25,1500,60.0000000000000000,68718540.8915736228227615,54803631.2348961457610130
