lambdaBS,lambdaUE,loss_thresh,mean_rate,threshold rate
25,250,20.0000000000000000,265872923.2297193408012390,170943356.3270975053310394
