lambdaBS,lambdaUE,loss_thresh,mean_rate,threshold rate
25,1000,40.0000000000000000,144087980.7628902792930603,94188727.5316768437623978
