lambdaBS,lambdaUE,loss_thresh,mean_rate,threshold rate
25,1500,20.0000000000000000,55944595.5965137854218483,32112856.4649408385157585
