lambdaBS,lambdaUE,loss_thresh,mean_rate,threshold rate
25,500,60.0000000000000000,147387617.5816494226455688,122607213.2455338835716248
