lambdaBS,lambdaUE,loss_thresh,mean_rate,threshold rate
25,250,0.0000000000000000,283125772.5286636352539062,145465299.0312567055225372
