lambdaBS,lambdaUE,loss_thresh,mean_rate,threshold rate
25,1000,50.0000000000000000,129159106.8489950001239777,87954438.8532072901725769
