lambdaBS,lambdaUE,loss_thresh,mean_rate,threshold rate
25,250,40.0000000000000000,306394671.5027071237564087,298217182.4647436738014221
