lambdaBS,lambdaUE,loss_thresh,mean_rate,threshold rate
25,750,0.0000000000000000,154230337.7962758541107178,59655423.6488265842199326
