lambdaBS,lambdaUE,loss_thresh,mean_rate,threshold rate
25,1500,60.0000000000000000,82714691.3774949908256531,59294098.9910502433776855
