lambdaBS,lambdaUE,loss_thresh,mean_rate,threshold rate
25,1000,10.0000000000000000,113635323.4658593386411667,61597950.4884948357939720
