lambdaBS,lambdaUE,loss_thresh,mean_rate,threshold rate
25,500,40.0000000000000000,187252466.5755333602428436,129115722.5378303825855255
