lambdaBS,lambdaUE,loss_thresh,mean_rate,threshold rate
25,250,90.0000000000000000,239273032.7303931117057800,385377647.8132081031799316
