lambdaBS,lambdaUE,loss_thresh,mean_rate,threshold rate
25,500,70.0000000000000000,249273413.3952049016952515,307534334.5201215147972107
