lambdaBS,lambdaUE,loss_thresh,mean_rate,threshold rate
25,250,90.0000000000000000,260840409.3548102676868439,374025022.7329982519149780
