lambdaBS,lambdaUE,loss_thresh,mean_rate,threshold rate
25,250,40.0000000000000000,281484691.6597837209701538,248625723.8409012258052826
