lambdaBS,lambdaUE,loss_thresh,mean_rate,threshold rate
25,250,30.0000000000000036,307460330.0645127892494202,259260596.4195010662078857
