lambdaBS,lambdaUE,loss_thresh,mean_rate,threshold rate
25,1500,60.0000000000000000,83314653.9474094808101654,59929841.0629302710294724
