lambdaBS,lambdaUE,loss_thresh,mean_rate,threshold rate
25,250,50.0000000000000000,253185220.4067657887935638,237879301.7315480113029480
