lambdaBS,lambdaUE,loss_thresh,mean_rate,threshold rate
25,250,40.0000000000000000,300543833.7896934151649475,291060711.3931079506874084
