lambdaBS,lambdaUE,loss_thresh,mean_rate,threshold rate
25,1000,60.0000000000000000,123765855.4814504235982895,95557554.0130932480096817
