lambdaBS,lambdaUE,loss_thresh,mean_rate,threshold rate
25,250,80.0000000000000000,267167687.5265225172042847,348821188.4761492609977722
