lambdaBS,lambdaUE,loss_thresh,mean_rate,threshold rate
25,500,30.0000000000000036,164293939.4603703320026398,104605420.8533912599086761
