lambdaBS,lambdaUE,loss_thresh,mean_rate,threshold rate
25,1500,80.0000000000000000,47901062.3952187970280647,40526863.5292784944176674
