lambdaBS,lambdaUE,loss_thresh,mean_rate,threshold rate
25,1000,70.0000000000000000,114102832.8003760874271393,101303215.0982133299112320
