lambdaBS,lambdaUE,loss_thresh,mean_rate,threshold rate
25,500,90.0000000000000000,221997534.0487715601921082,367472020.6339326500892639
