lambdaBS,lambdaUE,loss_thresh,mean_rate,threshold rate
25,750,70.0000000000000000,110067459.3325697183609009,103382950.2755462527275085
