lambdaBS,lambdaUE,loss_thresh,mean_rate,threshold rate
25,750,100.0000000000000000,115072313.7967611849308014,399900342.9923551678657532
