lambdaBS,lambdaUE,loss_thresh,mean_rate,threshold rate
25,2000,40.0000000000000000,70382396.8436682522296906,49416271.7253654599189758
