lambdaBS,lambdaUE,loss_thresh,mean_rate,threshold rate
25,750,70.0000000000000000,159978555.5293815135955811,162449562.4568876624107361
