lambdaBS,lambdaUE,loss_thresh,mean_rate,threshold rate
25,2000,100.0000000000000000,81930753.8390030562877655,399890161.2302237153053284
