lambdaBS,lambdaUE,loss_thresh,mean_rate,threshold rate
25,500,50.0000000000000000,172362796.6160665154457092,132276563.1619344353675842
