lambdaBS,lambdaUE,loss_thresh,mean_rate,threshold rate
25,250,60.0000000000000000,278905271.0019903182983398,307633493.5994299054145813
