lambdaBS,lambdaUE,loss_thresh,mean_rate,threshold rate
25,1500,80.0000000000000000,55944595.5965137854218483,49137682.1856836825609207
