lambdaBS,lambdaUE,loss_thresh,mean_rate,threshold rate
25,1000,90.0000000000000000,129714523.2631676942110062,310459815.6112545132637024
