lambdaBS,lambdaUE,loss_thresh,mean_rate,threshold rate
25,1500,10.0000000000000000,48839680.8619498834013939,28358518.0622936822474003
