lambdaBS,lambdaUE,loss_thresh,mean_rate,threshold rate
25,750,20.0000000000000000,131276599.5707870721817017,69080589.8886039853096008
