lambdaBS,lambdaUE,loss_thresh,mean_rate,threshold rate
25,1000,40.0000000000000000,161797087.8351994752883911,109207008.7884200066328049
