lambdaBS,lambdaUE,loss_thresh,mean_rate,threshold rate
25,250,50.0000000000000000,227825158.3172380924224854,201445468.2956600785255432
