lambdaBS,lambdaUE,loss_thresh,mean_rate,threshold rate
25,250,100.0000000000000000,293378104.0259145498275757,399952801.4450196623802185
