lambdaBS,lambdaUE,loss_thresh,mean_rate,threshold rate
25,500,30.0000000000000036,220033116.1265414655208588,153054441.1982090771198273
