lambdaBS,lambdaUE,loss_thresh,mean_rate,threshold rate
25,1500,10.0000000000000000,57213386.9327307641506195,31465296.6480600871145725
