lambdaBS,lambdaUE,loss_thresh,mean_rate,threshold rate
25,500,60.0000000000000000,195700273.4462177753448486,184284661.5182519555091858
