lambdaBS,lambdaUE,loss_thresh,mean_rate,threshold rate
25,1500,90.0000000000000000,75120587.7769700735807419,133905214.9908746331930161
