lambdaBS,lambdaUE,loss_thresh,mean_rate,threshold rate
25,2000,80.0000000000000000,66739001.6189924255013466,63220005.5769211575388908
