lambdaBS,lambdaUE,loss_thresh,mean_rate,threshold rate
25,250,80.0000000000000000,305050831.5635651946067810,376580631.6001635193824768
