lambdaBS,lambdaUE,loss_thresh,mean_rate,threshold rate
25,500,20.0000000000000000,170429418.9727191627025604,95861226.4097266197204590
