lambdaBS,lambdaUE,loss_thresh,mean_rate,threshold rate
25,1000,0.0000000000000000,115083360.2753917276859283,47589863.3035805150866508
