lambdaBS,lambdaUE,loss_thresh,mean_rate,threshold rate
25,750,80.0000000000000000,159879350.8154439032077789,240440732.1372912526130676
