lambdaBS,lambdaUE,loss_thresh,mean_rate,threshold rate
25,1500,100.0000000000000000,60184069.0373658239841461,399845228.4389268159866333
