lambdaBS,lambdaUE,loss_thresh,mean_rate,threshold rate
25,250,0.0000000000000000,301532702.1284962892532349,148545169.6822789907455444
