lambdaBS,lambdaUE,loss_thresh,mean_rate,threshold rate
25,750,70.0000000000000000,143600738.4684507250785828,144581176.5942087769508362
