lambdaBS,lambdaUE,loss_thresh,mean_rate,threshold rate
25,1500,0.0000000000000000,67301508.1838892549276352,24794028.4997992217540741
