lambdaBS,lambdaUE,loss_thresh,mean_rate,threshold rate
25,1500,60.0000000000000000,85984994.8517355918884277,65206368.0638411045074463
