lambdaBS,lambdaUE,loss_thresh,mean_rate,threshold rate
25,500,20.0000000000000000,212357953.0745219290256500,133562070.4204408079385757
