lambdaBS,lambdaUE,loss_thresh,mean_rate,threshold rate
25,1000,30.0000000000000036,128848945.6923470497131348,82089286.7468883991241455
