lambdaBS,lambdaUE,loss_thresh,mean_rate,threshold rate
25,250,70.0000000000000000,294667406.6752005219459534,350160299.3895378112792969
