lambdaBS,lambdaUE,loss_thresh,mean_rate,threshold rate
25,1500,40.0000000000000000,75112564.8432339876890182,47124049.1471290439367294
