lambdaBS,lambdaUE,loss_thresh,mean_rate,threshold rate
25,250,30.0000000000000036,308098058.5486901998519897,263747209.8711470365524292
