lambdaBS,lambdaUE,loss_thresh,mean_rate,threshold rate
25,500,30.0000000000000036,229952935.4116376638412476,166390546.2397442162036896
