lambdaBS,lambdaUE,loss_thresh,mean_rate,threshold rate
25,750,100.0000000000000000,128259416.4522450715303421,399417163.6075227856636047
