lambdaBS,lambdaUE,loss_thresh,mean_rate,threshold rate
25,1500,50.0000000000000000,80843512.6108797043561935,56000870.2855070531368256
