lambdaBS,lambdaUE,loss_thresh,mean_rate,threshold rate
25,1000,90.0000000000000000,94124600.6096830964088440,176225131.4828787744045258
