lambdaBS,lambdaUE,loss_thresh,mean_rate,threshold rate
25,500,0.0000000000000000,233026430.3156396448612213,100531511.8766160607337952
