lambdaBS,lambdaUE,loss_thresh,mean_rate,threshold rate
25,1000,20.0000000000000000,167392508.0464700758457184,89295878.1313597857952118
