lambdaBS,lambdaUE,loss_thresh,mean_rate,threshold rate
25,1000,60.0000000000000000,99860445.4965724349021912,71253114.4807283729314804
