lambdaBS,lambdaUE,loss_thresh,mean_rate,threshold rate
25,250,70.0000000000000000,299332505.5781394839286804,356343872.5703606605529785
