lambdaBS,lambdaUE,loss_thresh,mean_rate,threshold rate
25,1500,90.0000000000000000,54734545.1460508033633232,66841527.2787990570068359
