lambdaBS,lambdaUE,loss_thresh,mean_rate,threshold rate
25,2000,40.0000000000000000,63408999.9613129720091820,39432801.9065464287996292
