lambdaBS,lambdaUE,loss_thresh,mean_rate,threshold rate
25,2000,70.0000000000000000,58001672.2311887219548225,46293901.8724466413259506
