lambdaBS,lambdaUE,loss_thresh,mean_rate,threshold rate
25,250,80.0000000000000000,280732767.4952313303947449,359976584.1593736410140991
