lambdaBS,lambdaUE,loss_thresh,mean_rate,threshold rate
25,500,50.0000000000000000,164293939.4603703320026398,125589245.6931485682725906
