lambdaBS,lambdaUE,loss_thresh,mean_rate,threshold rate
25,500,40.0000000000000000,204140041.3972802162170410,148856102.0197157263755798
