lambdaBS,lambdaUE,loss_thresh,mean_rate,threshold rate
25,750,40.0000000000000000,177295295.2033334374427795,122541574.0255467146635056
