lambdaBS,lambdaUE,loss_thresh,mean_rate,threshold rate
25,1000,10.0000000000000000,93914965.5223555415868759,53007260.2882386520504951
