lambdaBS,lambdaUE,loss_thresh,mean_rate,threshold rate
25,1500,60.0000000000000000,80121041.7140337824821472,63450595.9936412200331688
