lambdaBS,lambdaUE,loss_thresh,mean_rate,threshold rate
25,750,60.0000000000000000,99012073.0574931502342224,72098665.5141380876302719
