lambdaBS,lambdaUE,loss_thresh,mean_rate,threshold rate
25,2000,70.0000000000000000,63383674.5002592131495476,48088020.9593804478645325
