lambdaBS,lambdaUE,loss_thresh,mean_rate,threshold rate
25,500,90.0000000000000000,195674695.3438490331172943,362516965.9246280193328857
