lambdaBS,lambdaUE,loss_thresh,mean_rate,threshold rate
25,500,0.0000000000000000,191493673.9017001688480377,82051057.3220527917146683
