lambdaBS,lambdaUE,loss_thresh,mean_rate,threshold rate
25,1000,10.0000000000000000,128848945.6923470497131348,69143018.8266244828701019
