lambdaBS,lambdaUE,loss_thresh,mean_rate,threshold rate
25,1500,60.0000000000000000,52885256.3798075765371323,37323965.9615406841039658
