lambdaBS,lambdaUE,loss_thresh,mean_rate,threshold rate
25,1000,40.0000000000000000,167392508.0464700758457184,112585368.9467568397521973
