lambdaBS,lambdaUE,loss_thresh,mean_rate,threshold rate
25,750,50.0000000000000000,107188527.8131493777036667,74952905.4263442754745483
