lambdaBS,lambdaUE,loss_thresh,mean_rate,threshold rate
25,750,90.0000000000000000,159978555.5293815135955811,325525487.2060328722000122
