lambdaBS,lambdaUE,loss_thresh,mean_rate,threshold rate
25,250,60.0000000000000000,266329601.1149017512798309,299632514.5127419233322144
