lambdaBS,lambdaUE,loss_thresh,mean_rate,threshold rate
25,1500,70.0000000000000000,80983968.8130644857883453,64527688.8470829427242279
