lambdaBS,lambdaUE,loss_thresh,mean_rate,threshold rate
25,500,80.0000000000000000,203932088.5897113084793091,309571960.9920724034309387
