lambdaBS,lambdaUE,loss_thresh,mean_rate,threshold rate
25,1500,90.0000000000000000,78767711.9996387362480164,156862243.5523823201656342
