lambdaBS,lambdaUE,loss_thresh,mean_rate,threshold rate
25,1500,100.0000000000000000,81500970.2790151238441467,399912487.7150378227233887
