lambdaBS,lambdaUE,loss_thresh,mean_rate,threshold rate
25,750,90.0000000000000000,96746134.5355876386165619,214829994.5136765241622925
