lambdaBS,lambdaUE,loss_thresh,mean_rate,threshold rate
25,250,40.0000000000000000,290026294.2987244725227356,268859307.8656324148178101
