lambdaBS,lambdaUE,loss_thresh,mean_rate,threshold rate
25,1500,80.0000000000000000,80983968.8130644857883453,77533758.0460354685783386
