lambdaBS,lambdaUE,loss_thresh,mean_rate,threshold rate
25,250,40.0000000000000000,306806437.4557766318321228,292414655.2666392922401428
