lambdaBS,lambdaUE,loss_thresh,mean_rate,threshold rate
25,500,100.0000000000000000,213716266.6943967640399933,399940485.4910411834716797
