lambdaBS,lambdaUE,loss_thresh,mean_rate,threshold rate
25,250,70.0000000000000000,300508665.4237394928932190,348212641.2076281905174255
