lambdaBS,lambdaUE,loss_thresh,mean_rate,threshold rate
25,2000,30.0000000000000036,69437306.8819510489702225,42735348.1271650493144989
