lambdaBS,lambdaUE,loss_thresh,mean_rate,threshold rate
25,500,20.0000000000000000,203098585.1772979795932770,115827074.5550057590007782
