lambdaBS,lambdaUE,loss_thresh,mean_rate,threshold rate
25,2000,10.0000000000000000,58957806.4853451997041702,31306534.7107602208852768
