lambdaBS,lambdaUE,loss_thresh,mean_rate,threshold rate
25,750,10.0000000000000000,136120457.0908496379852295,74065479.0830119252204895
