lambdaBS,lambdaUE,loss_thresh,mean_rate,threshold rate
25,1000,0.0000000000000000,112573536.7955150455236435,45511115.5665493309497833
