lambdaBS,lambdaUE,loss_thresh,mean_rate,threshold rate
25,1500,30.0000000000000036,131268245.0528503805398941,72282288.4926574230194092
