lambdaBS,lambdaUE,loss_thresh,mean_rate,threshold rate
25,1500,10.0000000000000000,72028693.9188253432512283,38613485.8345518410205841
