lambdaBS,lambdaUE,loss_thresh,mean_rate,threshold rate
25,500,50.0000000000000000,191251399.8987487554550171,145241072.9831715226173401
