lambdaBS,lambdaUE,loss_thresh,mean_rate,threshold rate
25,1000,20.0000000000000000,122483095.9288169890642166,70015631.0599214285612106
