lambdaBS,lambdaUE,loss_thresh,mean_rate,threshold rate
25,500,50.0000000000000000,223558238.5231485366821289,195282875.5711479485034943
