lambdaBS,lambdaUE,loss_thresh,mean_rate,threshold rate
25,250,60.0000000000000000,274179328.1097429394721985,304997595.4912323951721191
