lambdaBS,lambdaUE,loss_thresh,mean_rate,threshold rate
25,2000,90.0000000000000000,62300538.9624994173645973,90402245.7856844067573547
