lambdaBS,lambdaUE,loss_thresh,mean_rate,threshold rate
25,2000,30.0000000000000036,66007976.8784482181072235,39073957.5931448265910149
