lambdaBS,lambdaUE,loss_thresh,mean_rate,threshold rate
25,250,60.0000000000000000,290258261.3553092479705811,318653112.8568719625473022
