lambdaBS,lambdaUE,loss_thresh,mean_rate,threshold rate
25,250,30.0000000000000036,298981477.9053134322166443,248960314.9759450554847717
