lambdaBS,lambdaUE,loss_thresh,mean_rate,threshold rate
25,1500,40.0000000000000000,77273014.3932029157876968,52109702.3255700618028641
