lambdaBS,lambdaUE,loss_thresh,mean_rate,threshold rate
25,750,30.0000000000000036,171307766.9431833922863007,108114295.2322929203510284
