lambdaBS,lambdaUE,loss_thresh,mean_rate,threshold rate
25,1000,90.0000000000000000,98943820.5460494756698608,204537304.2445375621318817
