lambdaBS,lambdaUE,loss_thresh,mean_rate,threshold rate
25,750,90.0000000000000000,167255350.6905601918697357,348114660.1149308681488037
