lambdaBS,lambdaUE,loss_thresh,mean_rate,threshold rate
25,1000,40.0000000000000000,67855215.6360788047313690,45202174.3119917362928391
