lambdaBS,lambdaUE,loss_thresh,mean_rate,threshold rate
25,1000,50.0000000000000000,129635651.8699527382850647,90471835.8405305445194244
