lambdaBS,lambdaUE,loss_thresh,mean_rate,threshold rate
25,250,0.0000000000000000,277994868.6527094244956970,121255320.1696592420339584
