lambdaBS,lambdaUE,loss_thresh,mean_rate,threshold rate
25,250,100.0000000000000000,294318618.9243327975273132,399852142.2919209003448486
