lambdaBS,lambdaUE,loss_thresh,mean_rate,threshold rate
25,1500,30.0000000000000036,73829411.0891317129135132,42437766.2315540537238121
