lambdaBS,lambdaUE,loss_thresh,mean_rate,threshold rate
25,250,50.0000000000000000,266646249.6610763967037201,260423592.7581440806388855
