lambdaBS,lambdaUE,loss_thresh,mean_rate,threshold rate
25,2000,80.0000000000000000,69066483.3061653822660446,64159388.2286272197961807
