lambdaBS,lambdaUE,loss_thresh,mean_rate,threshold rate
25,500,100.0000000000000000,211555306.4451645612716675,399667517.3070901632308960
