lambdaBS,lambdaUE,loss_thresh,mean_rate,threshold rate
25,500,0.0000000000000000,211535483.2617533802986145,93759377.8089607059955597
