lambdaBS,lambdaUE,loss_thresh,mean_rate,threshold rate
25,2000,100.0000000000000000,61823349.3152036592364311,399096623.8749701976776123
