lambdaBS,lambdaUE,loss_thresh,mean_rate,threshold rate
25,250,70.0000000000000000,291621054.1188374757766724,355503219.0783936977386475
