lambdaBS,lambdaUE,loss_thresh,mean_rate,threshold rate
25,1000,70.0000000000000000,110397107.6045265495777130,100689134.8659830242395401
