lambdaBS,lambdaUE,loss_thresh,mean_rate,threshold rate
25,250,10.0000000000000000,293378104.0259145498275757,195121688.3791396021842957
