lambdaBS,lambdaUE,loss_thresh,mean_rate,threshold rate
25,500,40.0000000000000000,211555306.4451645612716675,145128863.8828901350498199
