lambdaBS,lambdaUE,loss_thresh,mean_rate,threshold rate
25,1500,10.0000000000000000,82045455.3809620738029480,45886082.9208823218941689
