lambdaBS,lambdaUE,loss_thresh,mean_rate,threshold rate
25,500,20.0000000000000000,233428498.1046710014343262,145397859.5068315267562866
