lambdaBS,lambdaUE,loss_thresh,mean_rate,threshold rate
25,2000,30.0000000000000036,40128318.7311688065528870,25756536.8794078305363655
