lambdaBS,lambdaUE,loss_thresh,mean_rate,threshold rate
25,1000,30.0000000000000036,126346968.7536365389823914,81421852.5383162796497345
