lambdaBS,lambdaUE,loss_thresh,mean_rate,threshold rate
25,750,90.0000000000000000,148475166.3147248327732086,329130312.7841413021087646
