lambdaBS,lambdaUE,loss_thresh,mean_rate,threshold rate
25,1000,10.0000000000000000,127994972.5718139410018921,62687547.5528404340147972
