lambdaBS,lambdaUE,loss_thresh,mean_rate,threshold rate
25,1500,80.0000000000000000,115239469.7292174994945526,140350143.8536346852779388
