lambdaBS,lambdaUE,loss_thresh,mean_rate,threshold rate
25,1500,70.0000000000000000,75897609.5003102868795395,56700077.3131363838911057
