lambdaBS,lambdaUE,loss_thresh,mean_rate,threshold rate
25,1500,40.0000000000000000,77123393.8701012432575226,51662396.5042334720492363
