lambdaBS,lambdaUE,loss_thresh,mean_rate,threshold rate
25,250,20.0000000000000000,281484691.6597837209701538,206561798.3125287592411041
