lambdaBS,lambdaUE,loss_thresh,mean_rate,threshold rate
25,1500,100.0000000000000000,58577805.9608336016535759,399479134.6844800710678101
