lambdaBS,lambdaUE,loss_thresh,mean_rate,threshold rate
25,2000,60.0000000000000000,42868567.6925612911581993,32399103.5268568992614746
