lambdaBS,lambdaUE,loss_thresh,mean_rate,threshold rate
25,750,10.0000000000000000,99012073.0574931502342224,57338715.4225493445992470
