lambdaBS,lambdaUE,loss_thresh,mean_rate,threshold rate
25,750,50.0000000000000000,122942346.4639396220445633,92815635.2834149897098541
