lambdaBS,lambdaUE,loss_thresh,mean_rate,threshold rate
25,750,10.0000000000000000,158119160.0242304205894470,87775644.4685280919075012
