lambdaBS,lambdaUE,loss_thresh,mean_rate,threshold rate
25,500,0.0000000000000000,219131539.3926328122615814,89978692.0470989197492599
