lambdaBS,lambdaUE,loss_thresh,mean_rate,threshold rate
25,1500,0.0000000000000000,62389404.5437618717551231,24616490.8429683707654476
