lambdaBS,lambdaUE,loss_thresh,mean_rate,threshold rate
25,2000,10.0000000000000000,66739001.6189924255013466,36222138.4623047411441803
