lambdaBS,lambdaUE,loss_thresh,mean_rate,threshold rate
25,2000,30.0000000000000036,93373758.2512785494327545,55021760.4276370182633400
