lambdaBS,lambdaUE,loss_thresh,mean_rate,threshold rate
25,500,30.0000000000000036,199786126.1512503325939178,123492477.7874547690153122
