lambdaBS,lambdaUE,loss_thresh,mean_rate,threshold rate
25,750,0.0000000000000000,194051128.7470055520534515,59202738.6492225527763367
