lambdaBS,lambdaUE,loss_thresh,mean_rate,threshold rate
25,250,40.0000000000000000,295615349.8246500492095947,279163879.2536910176277161
