lambdaBS,lambdaUE,loss_thresh,mean_rate,threshold rate
25,500,30.0000000000000036,212097579.0020851492881775,134124473.2951366901397705
