lambdaBS,lambdaUE,loss_thresh,mean_rate,threshold rate
25,2000,70.0000000000000000,42868567.6925612911581993,34057181.6336997523903847
