lambdaBS,lambdaUE,loss_thresh,mean_rate,threshold rate
25,250,90.0000000000000000,308098058.5486901998519897,388926568.0494246482849121
