lambdaBS,lambdaUE,loss_thresh,mean_rate,threshold rate
25,500,90.0000000000000000,265835760.0160096287727356,386422864.7212494015693665
