lambdaBS,lambdaUE,loss_thresh,mean_rate,threshold rate
25,500,20.0000000000000000,245374647.5183960795402527,152639216.8973599076271057
