lambdaBS,lambdaUE,loss_thresh,mean_rate,threshold rate
25,250,90.0000000000000000,304547412.2497818470001221,393886859.6595886945724487
