lambdaBS,lambdaUE,loss_thresh,mean_rate,threshold rate
25,250,90.0000000000000000,259160227.4407435357570648,389277280.6239780783653259
