lambdaBS,lambdaUE,loss_thresh,mean_rate,threshold rate
25,2000,50.0000000000000000,55961653.3258567973971367,40929506.8931696265935898
