lambdaBS,lambdaUE,loss_thresh,mean_rate,threshold rate
25,1000,60.0000000000000000,135493580.3021383881568909,105528970.3159882426261902
