lambdaBS,lambdaUE,loss_thresh,mean_rate,threshold rate
25,2000,100.0000000000000000,71358643.7283172309398651,399897139.3195790648460388
