lambdaBS,lambdaUE,loss_thresh,mean_rate,threshold rate
25,1500,100.0000000000000000,78767711.9996387362480164,399690184.7782192230224609
