lambdaBS,lambdaUE,loss_thresh,mean_rate,threshold rate
25,500,50.0000000000000000,199786126.1512503325939178,155546192.7216964364051819
