lambdaBS,lambdaUE,loss_thresh,mean_rate,threshold rate
25,500,0.0000000000000000,221349025.4847458004951477,86279748.5111449658870697
