lambdaBS,lambdaUE,loss_thresh,mean_rate,threshold rate
25,750,50.0000000000000000,143733879.0912370979785919,103323712.6953695416450500
