lambdaBS,lambdaUE,loss_thresh,mean_rate,threshold rate
25,1000,90.0000000000000000,163810821.3535307943820953,337368177.7603424787521362
