lambdaBS,lambdaUE,loss_thresh,mean_rate,threshold rate
25,1500,80.0000000000000000,75862600.6932693123817444,70581228.8949806839227676
