lambdaBS,lambdaUE,loss_thresh,mean_rate,threshold rate
25,1500,60.0000000000000000,64311613.2985997721552849,46926432.1447515040636063
