lambdaBS,lambdaUE,loss_thresh,mean_rate,threshold rate
25,750,40.0000000000000000,162843666.1541970372200012,109816237.3409364372491837
