lambdaBS,lambdaUE,loss_thresh,mean_rate,threshold rate
25,500,80.0000000000000000,156329264.3753971457481384,202581325.2015195488929749
