lambdaBS,lambdaUE,loss_thresh,mean_rate,threshold rate
25,2000,60.0000000000000000,56685397.6138151958584785,41467470.2345214113593102
