lambdaBS,lambdaUE,loss_thresh,mean_rate,threshold rate
25,1000,30.0000000000000036,109758924.9450438916683197,72348790.7287160605192184
