lambdaBS,lambdaUE,loss_thresh,mean_rate,threshold rate
25,500,10.0000000000000000,210764168.7636462748050690,116086832.1601901650428772
