lambdaBS,lambdaUE,loss_thresh,mean_rate,threshold rate
25,1000,80.0000000000000000,106974945.4972628951072693,130287353.2037343680858612
