lambdaBS,lambdaUE,loss_thresh,mean_rate,threshold rate
25,1500,100.0000000000000000,72028693.9188253432512283,399912482.2286648750305176
