lambdaBS,lambdaUE,loss_thresh,mean_rate,threshold rate
25,1500,40.0000000000000000,88131446.4134005606174469,56596295.5984245687723160
