lambdaBS,lambdaUE,loss_thresh,mean_rate,threshold rate
25,250,0.0000000000000000,281014839.7151524424552917,141047322.5454609394073486
