lambdaBS,lambdaUE,loss_thresh,mean_rate,threshold rate
25,1000,90.0000000000000000,111472474.2292449176311493,256787738.5557276606559753
