lambdaBS,lambdaUE,loss_thresh,mean_rate,threshold rate
25,500,40.0000000000000000,245374647.5183960795402527,203454282.2009764313697815
