lambdaBS,lambdaUE,loss_thresh,mean_rate,threshold rate
25,250,70.0000000000000000,281014839.7151524424552917,351032073.9382947683334351
