lambdaBS,lambdaUE,loss_thresh,mean_rate,threshold rate
25,250,30.0000000000000036,284183330.5342071056365967,218163942.5547606647014618
