lambdaBS,lambdaUE,loss_thresh,mean_rate,threshold rate
25,2000,80.0000000000000000,65059012.4319120869040489,60723704.1755515784025192
