lambdaBS,lambdaUE,loss_thresh,mean_rate,threshold rate
25,250,90.0000000000000000,300508665.4237394928932190,387632061.4017069935798645
