lambdaBS,lambdaUE,loss_thresh,mean_rate,threshold rate
25,1000,30.0000000000000036,129177701.3151416480541229,76923878.6764921545982361
