lambdaBS,lambdaUE,loss_thresh,mean_rate,threshold rate
25,1500,40.0000000000000000,55514229.2758087590336800,38162340.9681006595492363
