lambdaBS,lambdaUE,loss_thresh,mean_rate,threshold rate
25,1000,0.0000000000000000,137694754.5414112210273743,57719674.0975530669093132
