lambdaBS,lambdaUE,loss_thresh,mean_rate,threshold rate
25,500,90.0000000000000000,233428498.1046710014343262,378348726.4781082868576050
