lambdaBS,lambdaUE,loss_thresh,mean_rate,threshold rate
25,250,100.0000000000000000,291223714.7254930138587952,399952556.2991127371788025
