lambdaBS,lambdaUE,loss_thresh,mean_rate,threshold rate
25,250,50.0000000000000000,301532702.1284962892532349,313882205.8274495601654053
