lambdaBS,lambdaUE,loss_thresh,mean_rate,threshold rate
25,750,0.0000000000000000,158119160.0242304205894470,68351525.3438251018524170
