lambdaBS,lambdaUE,loss_thresh,mean_rate,threshold rate
25,500,100.0000000000000000,229952935.4116376638412476,399899216.9275134801864624
