lambdaBS,lambdaUE,loss_thresh,mean_rate,threshold rate
25,250,20.0000000000000000,279098601.9563840627670288,195245469.6580306887626648
