lambdaBS,lambdaUE,loss_thresh,mean_rate,threshold rate
25,750,60.0000000000000000,192398105.9804332554340363,191817199.0770867764949799
