lambdaBS,lambdaUE,loss_thresh,mean_rate,threshold rate
25,250,0.0000000000000000,310938424.8790909051895142,158737816.3237440288066864
