lambdaBS,lambdaUE,loss_thresh,mean_rate,threshold rate
25,2000,70.0000000000000000,68214893.4247093647718430,53483538.5508419424295425
