lambdaBS,lambdaUE,loss_thresh,mean_rate,threshold rate
25,2000,80.0000000000000000,47970043.1779759377241135,40718173.8991995975375175
