lambdaBS,lambdaUE,loss_thresh,mean_rate,threshold rate
25,2000,60.0000000000000000,69066483.3061653822660446,51264753.5802880153059959
