lambdaBS,lambdaUE,loss_thresh,mean_rate,threshold rate
25,1000,30.0000000000000036,114102832.8003760874271393,67533807.7639722228050232
