lambdaBS,lambdaUE,loss_thresh,mean_rate,threshold rate
25,1000,10.0000000000000000,90200644.4742006659507751,51584234.2793465927243233
