lambdaBS,lambdaUE,loss_thresh,mean_rate,threshold rate
25,2000,100.0000000000000000,49500837.5829512625932693,399406632.8510416150093079
