lambdaBS,lambdaUE,loss_thresh,mean_rate,threshold rate
25,1500,100.0000000000000000,91460685.8948157727718353,399393427.0951547026634216
