lambdaBS,lambdaUE,loss_thresh,mean_rate,threshold rate
25,500,40.0000000000000000,195128016.4363408982753754,134395274.4011992216110229
