lambdaBS,lambdaUE,loss_thresh,mean_rate,threshold rate
25,1000,50.0000000000000000,126299774.7028612494468689,92316401.5234175920486450
