lambdaBS,lambdaUE,loss_thresh,mean_rate,threshold rate
25,2000,10.0000000000000000,49500837.5829512625932693,27071427.6521372757852077
