lambdaBS,lambdaUE,loss_thresh,mean_rate,threshold rate
25,1500,100.0000000000000000,61583977.8417275696992874,394722381.3868052363395691
