lambdaBS,lambdaUE,loss_thresh,mean_rate,threshold rate
25,1500,100.0000000000000000,57741331.5915692150592804,399747320.9076467752456665
