lambdaBS,lambdaUE,loss_thresh,mean_rate,threshold rate
25,500,70.0000000000000000,221997534.0487715601921082,260588587.0739764571189880
