lambdaBS,lambdaUE,loss_thresh,mean_rate,threshold rate
25,1000,10.0000000000000000,110610317.5281575471162796,64499476.1105067059397697
