lambdaBS,lambdaUE,loss_thresh,mean_rate,threshold rate
25,1500,30.0000000000000036,93763357.6442786455154419,54846157.8459943160414696
