lambdaBS,lambdaUE,loss_thresh,mean_rate,threshold rate
25,500,100.0000000000000000,207015959.3530932366847992,399834668.6572943925857544
