lambdaBS,lambdaUE,loss_thresh,mean_rate,threshold rate
25,500,90.0000000000000000,183309490.6228809952735901,348954241.2688862681388855
