lambdaBS,lambdaUE,loss_thresh,mean_rate,threshold rate
25,1000,40.0000000000000000,138660678.4872659146785736,81496715.8288378566503525
