lambdaBS,lambdaUE,loss_thresh,mean_rate,threshold rate
25,2000,60.0000000000000000,99696799.4483978897333145,72700506.1987386792898178
