lambdaBS,lambdaUE,loss_thresh,mean_rate,threshold rate
25,2000,50.0000000000000000,42868567.6925612911581993,30668713.4700517840683460
