lambdaBS,lambdaUE,loss_thresh,mean_rate,threshold rate
25,500,10.0000000000000000,204311716.0876972377300262,114059271.6023784428834915
