lambdaBS,lambdaUE,loss_thresh,mean_rate,threshold rate
25,1500,70.0000000000000000,86833242.0973747521638870,70218293.6200156956911087
