lambdaBS,lambdaUE,loss_thresh,mean_rate,threshold rate
25,250,40.0000000000000000,288235448.7020944952964783,267473586.8826738595962524
