lambdaBS,lambdaUE,loss_thresh,mean_rate,threshold rate
25,2000,30.0000000000000036,42136691.0408588349819183,25527177.9937515817582607
