lambdaBS,lambdaUE,loss_thresh,mean_rate,threshold rate
25,1000,100.0000000000000000,126053447.7040834873914719,399697307.2148303985595703
