lambdaBS,lambdaUE,loss_thresh,mean_rate,threshold rate
25,2000,0.0000000000000000,72375972.2218290120363235,27112018.0245893113315105
