lambdaBS,lambdaUE,loss_thresh,mean_rate,threshold rate
25,1000,10.0000000000000000,159159871.0735320150852203,76482567.1770152747631073
