lambdaBS,lambdaUE,loss_thresh,mean_rate,threshold rate
25,2000,0.0000000000000000,69066483.3061653822660446,28484639.7352982051670551
