lambdaBS,lambdaUE,loss_thresh,mean_rate,threshold rate
25,750,0.0000000000000000,157017060.4377644658088684,63243569.4986521974205971
