lambdaBS,lambdaUE,loss_thresh,mean_rate,threshold rate
25,250,70.0000000000000000,267167687.5265225172042847,318029871.8756273388862610
