lambdaBS,lambdaUE,loss_thresh,mean_rate,threshold rate
25,250,40.0000000000000000,312305433.1622051000595093,296880971.5744839906692505
