lambdaBS,lambdaUE,loss_thresh,mean_rate,threshold rate
25,1500,100.0000000000000000,85984994.8517355918884277,399720337.5685468912124634
