lambdaBS,lambdaUE,loss_thresh,mean_rate,threshold rate
25,1500,80.0000000000000000,54734545.1460508033633232,46399413.8071956336498260
