lambdaBS,lambdaUE,loss_thresh,mean_rate,threshold rate
25,1000,30.0000000000000036,126501931.6392095535993576,76790761.7158581912517548
