lambdaBS,lambdaUE,loss_thresh,mean_rate,threshold rate
25,1500,100.0000000000000000,80843512.6108797043561935,399335443.7374998331069946
