lambdaBS,lambdaUE,loss_thresh,mean_rate,threshold rate
25,1500,30.0000000000000036,82138213.9431901574134827,49671417.2886008322238922
