lambdaBS,lambdaUE,loss_thresh,mean_rate,threshold rate
25,1500,100.0000000000000000,120905410.4253394901752472,399913554.4657853841781616
