lambdaBS,lambdaUE,loss_thresh,mean_rate,threshold rate
25,2000,60.0000000000000000,40927057.5321334451436996,29232309.7577194720506668
