lambdaBS,lambdaUE,loss_thresh,mean_rate,threshold rate
25,250,90.0000000000000000,283907712.6400912404060364,390726246.2343769073486328
