lambdaBS,lambdaUE,loss_thresh,mean_rate,threshold rate
25,750,80.0000000000000000,163527801.9001040458679199,231140267.5438203215599060
