lambdaBS,lambdaUE,loss_thresh,mean_rate,threshold rate
25,2000,90.0000000000000000,71358643.7283172309398651,125488124.6202481091022491
