lambdaBS,lambdaUE,loss_thresh,mean_rate,threshold rate
25,1500,20.0000000000000000,64311613.2985997721552849,40068743.5992276594042778
