lambdaBS,lambdaUE,loss_thresh,mean_rate,threshold rate
25,1000,60.0000000000000000,111593512.5921529084444046,83857943.5081051886081696
