lambdaBS,lambdaUE,loss_thresh,mean_rate,threshold rate
25,1000,0.0000000000000000,126346968.7536365389823914,54624718.3516191542148590
