lambdaBS,lambdaUE,loss_thresh,mean_rate,threshold rate
25,2000,70.0000000000000000,52991946.7000781297683716,42651433.7028523832559586
