lambdaBS,lambdaUE,loss_thresh,mean_rate,threshold rate
25,2000,70.0000000000000000,34017729.5774768292903900,25303593.9653094708919525
