lambdaBS,lambdaUE,loss_thresh,mean_rate,threshold rate
25,250,70.0000000000000000,306394671.5027071237564087,355138082.9706787467002869
