lambdaBS,lambdaUE,loss_thresh,mean_rate,threshold rate
25,1000,80.0000000000000000,118385896.2690688818693161,136576405.7461628317832947
