lambdaBS,lambdaUE,loss_thresh,mean_rate,threshold rate
25,2000,30.0000000000000036,63383674.5002592131495476,38686637.2299648523330688
