lambdaBS,lambdaUE,loss_thresh,mean_rate,threshold rate
25,250,40.0000000000000000,281014839.7151524424552917,249727024.7183972001075745
