lambdaBS,lambdaUE,loss_thresh,mean_rate,threshold rate
25,250,30.0000000000000036,297767393.8968445658683777,250457777.9647263884544373
