lambdaBS,lambdaUE,loss_thresh,mean_rate,threshold rate
25,1500,60.0000000000000000,62389404.5437618717551231,45089450.5056092590093613
