lambdaBS,lambdaUE,loss_thresh,mean_rate,threshold rate
25,2000,60.0000000000000000,58001672.2311887219548225,43765366.1495171040296555
