lambdaBS,lambdaUE,loss_thresh,mean_rate,threshold rate
25,250,100.0000000000000000,271810300.9025349020957947,399924670.4475947022438049
