lambdaBS,lambdaUE,loss_thresh,mean_rate,threshold rate
25,2000,70.0000000000000000,66628357.4029916375875473,53829004.8078559562563896
