lambdaBS,lambdaUE,loss_thresh,mean_rate,threshold rate
25,500,70.0000000000000000,212097579.0020851492881775,265941385.4208094477653503
