lambdaBS,lambdaUE,loss_thresh,mean_rate,threshold rate
25,1000,60.0000000000000000,122483095.9288169890642166,98958123.9922054708003998
