lambdaBS,lambdaUE,loss_thresh,mean_rate,threshold rate
25,500,90.0000000000000000,194679458.9382317662239075,369239766.7525638341903687
