lambdaBS,lambdaUE,loss_thresh,mean_rate,threshold rate
25,500,0.0000000000000000,156329264.3753971457481384,72862626.3148701936006546
