lambdaBS,lambdaUE,loss_thresh,mean_rate,threshold rate
25,1000,70.0000000000000000,129331404.1830827593803406,119938518.2720822095870972
