lambdaBS,lambdaUE,loss_thresh,mean_rate,threshold rate
25,500,10.0000000000000000,218763509.6631558239459991,126957690.7528656423091888
