lambdaBS,lambdaUE,loss_thresh,mean_rate,threshold rate
25,1000,90.0000000000000000,80602078.3696055114269257,139388406.4095659255981445
