lambdaBS,lambdaUE,loss_thresh,mean_rate,threshold rate
25,1000,80.0000000000000000,130299161.8032526373863220,172264825.9612800180912018
