lambdaBS,lambdaUE,loss_thresh,mean_rate,threshold rate
25,500,70.0000000000000000,233014539.2559989094734192,287145498.3150253295898438
