lambdaBS,lambdaUE,loss_thresh,mean_rate,threshold rate
25,1500,50.0000000000000000,78590688.9124905318021774,54314196.5239615589380264
