lambdaBS,lambdaUE,loss_thresh,mean_rate,threshold rate
25,500,50.0000000000000000,197810936.0517249405384064,158093123.9714675545692444
