lambdaBS,lambdaUE,loss_thresh,mean_rate,threshold rate
25,250,80.0000000000000000,253997166.0669423639774323,358980333.6998656392097473
