lambdaBS,lambdaUE,loss_thresh,mean_rate,threshold rate
25,1500,30.0000000000000036,55944595.5965137854218483,34342816.2880572974681854
