lambdaBS,lambdaUE,loss_thresh,mean_rate,threshold rate
25,250,60.0000000000000000,290026294.2987244725227356,319821754.5694782733917236
