lambdaBS,lambdaUE,loss_thresh,mean_rate,threshold rate
25,1500,10.0000000000000000,79816489.1934691220521927,41071966.5970408916473389
