lambdaBS,lambdaUE,loss_thresh,mean_rate,threshold rate
25,2000,100.0000000000000000,86273476.0627824366092682,398378205.8034554719924927
