lambdaBS,lambdaUE,loss_thresh,mean_rate,threshold rate
25,2000,50.0000000000000000,40128318.7311688065528870,28108349.9517297670245171
