lambdaBS,lambdaUE,loss_thresh,mean_rate,threshold rate
25,1500,60.0000000000000000,48839680.8619498834013939,37605676.1100176349282265
