lambdaBS,lambdaUE,loss_thresh,mean_rate,threshold rate
25,1500,100.0000000000000000,80988837.1309504061937332,399790538.4031981229782104
