lambdaBS,lambdaUE,loss_thresh,mean_rate,threshold rate
25,500,80.0000000000000000,199107170.5250081121921539,296827953.5644617080688477
