lambdaBS,lambdaUE,loss_thresh,mean_rate,threshold rate
25,500,90.0000000000000000,203270399.0365623831748962,369554713.2829709053039551
