lambdaBS,lambdaUE,loss_thresh,mean_rate,threshold rate
25,250,50.0000000000000000,277564207.0828672647476196,286463531.8094229102134705
