lambdaBS,lambdaUE,loss_thresh,mean_rate,threshold rate
25,1500,90.0000000000000000,79816489.1934691220521927,144453532.1052747368812561
