lambdaBS,lambdaUE,loss_thresh,mean_rate,threshold rate
25,750,100.0000000000000000,153203903.3199640512466431,399949522.6308157444000244
