lambdaBS,lambdaUE,loss_thresh,mean_rate,threshold rate
25,500,90.0000000000000000,197810936.0517249405384064,367193546.1078436970710754
