lambdaBS,lambdaUE,loss_thresh,mean_rate,threshold rate
25,1000,0.0000000000000000,128848945.6923470497131348,48584184.7321586459875107
