lambdaBS,lambdaUE,loss_thresh,mean_rate,threshold rate
25,500,50.0000000000000000,156329264.3753971457481384,116856851.3096075356006622
