lambdaBS,lambdaUE,loss_thresh,mean_rate,threshold rate
25,500,90.0000000000000000,195128016.4363408982753754,366052243.0949280858039856
