lambdaBS,lambdaUE,loss_thresh,mean_rate,threshold rate
25,750,10.0000000000000000,199496890.2507174611091614,105459035.9824851602315903
