lambdaBS,lambdaUE,loss_thresh,mean_rate,threshold rate
25,250,0.0000000000000000,259160227.4407435357570648,125630274.1842821091413498
