lambdaBS,lambdaUE,loss_thresh,mean_rate,threshold rate
25,2000,80.0000000000000000,49500837.5829512625932693,39576803.5250822603702545
