lambdaBS,lambdaUE,loss_thresh,mean_rate,threshold rate
25,250,50.0000000000000000,298981477.9053134322166443,307385100.2201410531997681
