lambdaBS,lambdaUE,loss_thresh,mean_rate,threshold rate
25,500,30.0000000000000036,218763509.6631558239459991,152472668.9061290323734283
