lambdaBS,lambdaUE,loss_thresh,mean_rate,threshold rate
25,250,100.0000000000000000,292124702.7760958671569824,399712764.2469940781593323
