lambdaBS,lambdaUE,loss_thresh,mean_rate,threshold rate
25,250,10.0000000000000000,237632202.6609104275703430,143725647.7124351561069489
