lambdaBS,lambdaUE,loss_thresh,mean_rate,threshold rate
25,1000,10.0000000000000000,129711416.1369701772928238,69722426.0471638441085815
