lambdaBS,lambdaUE,loss_thresh,mean_rate,threshold rate
25,2000,50.0000000000000000,44935888.3266390934586525,32128106.1698987334966660
