lambdaBS,lambdaUE,loss_thresh,mean_rate,threshold rate
25,2000,20.0000000000000000,56889127.1473166272044182,33534450.5527733378112316
