lambdaBS,lambdaUE,loss_thresh,mean_rate,threshold rate
25,1500,50.0000000000000000,66848330.8482517153024673,49094797.1654101014137268
