lambdaBS,lambdaUE,loss_thresh,mean_rate,threshold rate
25,1000,50.0000000000000000,93646997.9121973067522049,64982606.9078914001584053
