lambdaBS,lambdaUE,loss_thresh,mean_rate,threshold rate
25,250,20.0000000000000000,307460330.0645127892494202,236380675.6585773229598999
