lambdaBS,lambdaUE,loss_thresh,mean_rate,threshold rate
25,500,100.0000000000000000,213971273.7266663908958435,399552299.0083590745925903
