lambdaBS,lambdaUE,loss_thresh,mean_rate,threshold rate
25,1500,10.0000000000000000,66848330.8482517153024673,38516263.3424721360206604
