lambdaBS,lambdaUE,loss_thresh,mean_rate,threshold rate
25,1500,60.0000000000000000,118317947.7809313684701920,93177841.0104491114616394
