lambdaBS,lambdaUE,loss_thresh,mean_rate,threshold rate
25,1500,0.0000000000000000,82714691.3774949908256531,29370218.1446194276213646
