lambdaBS,lambdaUE,loss_thresh,mean_rate,threshold rate
25,2000,70.0000000000000000,38513342.4822388216853142,30801850.1194351874291897
