lambdaBS,lambdaUE,loss_thresh,mean_rate,threshold rate
25,1500,60.0000000000000000,80557282.5083457678556442,61279535.2216674238443375
