lambdaBS,lambdaUE,loss_thresh,mean_rate,threshold rate
25,750,60.0000000000000000,117916449.9048209190368652,90942043.3338881134986877
