lambdaBS,lambdaUE,loss_thresh,mean_rate,threshold rate
25,750,90.0000000000000000,162429641.4979998171329498,333928793.8952393531799316
