lambdaBS,lambdaUE,loss_thresh,mean_rate,threshold rate
25,250,50.0000000000000000,294318618.9243327975273132,296907900.6492665410041809
