lambdaBS,lambdaUE,loss_thresh,mean_rate,threshold rate
25,1500,80.0000000000000000,120905410.4253394901752472,159492402.8951978683471680
