lambdaBS,lambdaUE,loss_thresh,mean_rate,threshold rate
25,250,10.0000000000000000,244477306.9735323190689087,141089235.1073973178863525
