lambdaBS,lambdaUE,loss_thresh,mean_rate,threshold rate
25,250,20.0000000000000000,266646249.6610763967037201,182807956.7190229296684265
