lambdaBS,lambdaUE,loss_thresh,mean_rate,threshold rate
25,500,10.0000000000000000,164752846.7565250396728516,90360376.6250963360071182
