lambdaBS,lambdaUE,loss_thresh,mean_rate,threshold rate
25,250,100.0000000000000000,266646249.6610763967037201,399808551.4252538681030273
