lambdaBS,lambdaUE,loss_thresh,mean_rate,threshold rate
25,1500,40.0000000000000000,99477236.2207554876804352,60505539.5642427206039429
