lambdaBS,lambdaUE,loss_thresh,mean_rate,threshold rate
25,1000,70.0000000000000000,137694754.5414112210273743,131472043.6242478936910629
