lambdaBS,lambdaUE,loss_thresh,mean_rate,threshold rate
25,250,70.0000000000000000,271810300.9025349020957947,315262793.3589314222335815
