lambdaBS,lambdaUE,loss_thresh,mean_rate,threshold rate
25,750,60.0000000000000000,154599280.2439275383949280,129210471.3269635289907455
