lambdaBS,lambdaUE,loss_thresh,mean_rate,threshold rate
25,250,0.0000000000000000,298981477.9053134322166443,130455042.8053483515977859
