lambdaBS,lambdaUE,loss_thresh,mean_rate,threshold rate
25,2000,80.0000000000000000,55905281.6923233717679977,52340826.9725043326616287
