lambdaBS,lambdaUE,loss_thresh,mean_rate,threshold rate
25,750,60.0000000000000000,206999404.5599347949028015,212004732.5377633869647980
