lambdaBS,lambdaUE,loss_thresh,mean_rate,threshold rate
25,1500,100.0000000000000000,89466719.7626030743122101,397699897.2591385245323181
