lambdaBS,lambdaUE,loss_thresh,mean_rate,threshold rate
25,750,90.0000000000000000,170777532.0917022824287415,337305545.7841212749481201
