lambdaBS,lambdaUE,loss_thresh,mean_rate,threshold rate
25,250,50.0000000000000000,307460330.0645127892494202,313390890.1058595776557922
