lambdaBS,lambdaUE,loss_thresh,mean_rate,threshold rate
25,1500,30.0000000000000036,67301508.1838892549276352,40983845.4444560185074806
