lambdaBS,lambdaUE,loss_thresh,mean_rate,threshold rate
25,1500,80.0000000000000000,80843512.6108797043561935,81663713.8552433550357819
