lambdaBS,lambdaUE,loss_thresh,mean_rate,threshold rate
25,1000,40.0000000000000000,100035443.1928832232952118,63571676.2659670412540436
