lambdaBS,lambdaUE,loss_thresh,mean_rate,threshold rate
25,1500,60.0000000000000000,66525955.5295467078685760,49339203.4512886852025986
