lambdaBS,lambdaUE,loss_thresh,mean_rate,threshold rate
25,2000,10.0000000000000000,44935888.3266390934586525,22602796.2819962203502655
