lambdaBS,lambdaUE,loss_thresh,mean_rate,threshold rate
25,750,40.0000000000000000,116297878.6479243934154510,73736047.8742653876543045
