lambdaBS,lambdaUE,loss_thresh,mean_rate,threshold rate
25,250,10.0000000000000000,262536866.9099802970886230,158818330.4479435980319977
