lambdaBS,lambdaUE,loss_thresh,mean_rate,threshold rate
25,1500,0.0000000000000000,82138213.9431901574134827,29231706.5100720487535000
