lambdaBS,lambdaUE,loss_thresh,mean_rate,threshold rate
25,1500,20.0000000000000000,74258144.6002072542905807,40643733.6577248945832253
