lambdaBS,lambdaUE,loss_thresh,mean_rate,threshold rate
25,500,30.0000000000000036,233014539.2559989094734192,162447981.6341168880462646
