lambdaBS,lambdaUE,loss_thresh,mean_rate,threshold rate
25,250,20.0000000000000000,312305433.1622051000595093,241424131.2388598322868347
