lambdaBS,lambdaUE,loss_thresh,mean_rate,threshold rate
25,750,40.0000000000000000,140012112.6677200198173523,90157944.6363948583602905
