lambdaBS,lambdaUE,loss_thresh,mean_rate,threshold rate
25,750,10.0000000000000000,215922754.0323698222637177,122202633.3450763076543808
