lambdaBS,lambdaUE,loss_thresh,mean_rate,threshold rate
25,500,0.0000000000000000,232670656.5390791594982147,102118833.6894060373306274
