lambdaBS,lambdaUE,loss_thresh,mean_rate,threshold rate
25,1000,0.0000000000000000,134061764.4645828902721405,50822845.5829905197024345
