lambdaBS,lambdaUE,loss_thresh,mean_rate,threshold rate
25,500,40.0000000000000000,169766361.8417476415634155,125960123.0631571114063263
