lambdaBS,lambdaUE,loss_thresh,mean_rate,threshold rate
25,1500,70.0000000000000000,75684603.2912701815366745,59772840.8389936536550522
