lambdaBS,lambdaUE,loss_thresh,mean_rate,threshold rate
25,250,30.0000000000000036,292124702.7760958671569824,241348576.6634325981140137
