lambdaBS,lambdaUE,loss_thresh,mean_rate,threshold rate
25,250,30.0000000000000036,270799507.3649336099624634,210779434.5055193305015564
