lambdaBS,lambdaUE,loss_thresh,mean_rate,threshold rate
25,500,60.0000000000000000,249273413.3952049016952515,269772535.9140601158142090
