lambdaBS,lambdaUE,loss_thresh,mean_rate,threshold rate
25,1500,70.0000000000000000,82045455.3809620738029480,69580571.4600760936737061
