lambdaBS,lambdaUE,loss_thresh,mean_rate,threshold rate
25,500,10.0000000000000000,193404125.1742516160011292,95504492.8679586648941040
