lambdaBS,lambdaUE,loss_thresh,mean_rate,threshold rate
25,750,60.0000000000000000,160313017.1436156630516052,140571564.7574208080768585
