lambdaBS,lambdaUE,loss_thresh,mean_rate,threshold rate
25,500,20.0000000000000000,193404125.1742516160011292,108562562.7225674241781235
