lambdaBS,lambdaUE,loss_thresh,mean_rate,threshold rate
25,500,90.0000000000000000,245333896.6028930246829987,389525903.1976237893104553
