lambdaBS,lambdaUE,loss_thresh,mean_rate,threshold rate
25,1500,70.0000000000000000,68718540.8915736228227615,57932022.6408323422074318
