lambdaBS,lambdaUE,loss_thresh,mean_rate,threshold rate
25,250,90.0000000000000000,244477306.9735323190689087,378268197.4566311240196228
