lambdaBS,lambdaUE,loss_thresh,mean_rate,threshold rate
25,2000,30.0000000000000036,73749756.5873665809631348,47011010.2693168073892593
