lambdaBS,lambdaUE,loss_thresh,mean_rate,threshold rate
25,1500,0.0000000000000000,103471025.3001089692115784,39134377.9537780582904816
