lambdaBS,lambdaUE,loss_thresh,mean_rate,threshold rate
25,1500,70.0000000000000000,78855078.5031198710203171,62046726.5245474576950073
