lambdaBS,lambdaUE,loss_thresh,mean_rate,threshold rate
25,2000,50.0000000000000000,93373758.2512785494327545,62685170.2514755725860596
