lambdaBS,lambdaUE,loss_thresh,mean_rate,threshold rate
25,1000,70.0000000000000000,167392508.0464700758457184,181617680.7864979803562164
