lambdaBS,lambdaUE,loss_thresh,mean_rate,threshold rate
25,250,50.0000000000000000,294652560.7431404590606689,308163739.7323786616325378
