lambdaBS,lambdaUE,loss_thresh,mean_rate,threshold rate
25,1500,80.0000000000000000,60403773.3580315560102463,52400617.5257088765501976
