lambdaBS,lambdaUE,loss_thresh,mean_rate,threshold rate
25,1000,60.0000000000000000,81648340.8879122883081436,56126372.0521044582128525
