lambdaBS,lambdaUE,loss_thresh,mean_rate,threshold rate
25,250,0.0000000000000000,281484691.6597837209701538,146958950.5381750762462616
