lambdaBS,lambdaUE,loss_thresh,mean_rate,threshold rate
25,1500,0.0000000000000000,90678836.6046885997056961,35087950.6602960452437401
