lambdaBS,lambdaUE,loss_thresh,mean_rate,threshold rate
25,1500,40.0000000000000000,78767711.9996387362480164,50517017.5553333759307861
