lambdaBS,lambdaUE,loss_thresh,mean_rate,threshold rate
25,1500,60.0000000000000000,67301508.1838892549276352,47362309.3317125290632248
