lambdaBS,lambdaUE,loss_thresh,mean_rate,threshold rate
25,750,30.0000000000000036,150346419.1019440889358521,97695069.9156143516302109
