lambdaBS,lambdaUE,loss_thresh,mean_rate,threshold rate
25,1500,90.0000000000000000,73829411.0891317129135132,145965004.8782634735107422
