lambdaBS,lambdaUE,loss_thresh,mean_rate,threshold rate
25,500,10.0000000000000000,211535483.2617533802986145,119555126.8632542192935944
