lambdaBS,lambdaUE,loss_thresh,mean_rate,threshold rate
25,1000,10.0000000000000000,89515023.9713359624147415,50270245.3252227008342743
