lambdaBS,lambdaUE,loss_thresh,mean_rate,threshold rate
25,250,10.0000000000000000,243289676.8362236320972443,133253682.0180098712444305
