lambdaBS,lambdaUE,loss_thresh,mean_rate,threshold rate
25,1000,30.0000000000000036,106974945.4972628951072693,64174287.2467641234397888
