lambdaBS,lambdaUE,loss_thresh,mean_rate,threshold rate
25,250,20.0000000000000000,272772754.1196290254592896,186623683.0575599074363708
