lambdaBS,lambdaUE,loss_thresh,mean_rate,threshold rate
25,1500,10.0000000000000000,86416574.0809701830148697,46265443.0766029357910156
