lambdaBS,lambdaUE,loss_thresh,mean_rate,threshold rate
25,500,0.0000000000000000,245374647.5183960795402527,95729869.5313039422035217
