lambdaBS,lambdaUE,loss_thresh,mean_rate,threshold rate
25,750,40.0000000000000000,139637540.1970115602016449,87366265.0117856860160828
