lambdaBS,lambdaUE,loss_thresh,mean_rate,threshold rate
25,2000,80.0000000000000000,71748796.2210294604301453,71157147.4372066557407379
