lambdaBS,lambdaUE,loss_thresh,mean_rate,threshold rate
25,500,80.0000000000000000,204140041.3972802162170410,293788034.2520740032196045
