lambdaBS,lambdaUE,loss_thresh,mean_rate,threshold rate
25,500,90.0000000000000000,204957775.3462562561035156,371506935.6139551401138306
