lambdaBS,lambdaUE,loss_thresh,mean_rate,threshold rate
25,1000,50.0000000000000000,95129199.3819804489612579,65837550.8240783512592316
