lambdaBS,lambdaUE,loss_thresh,mean_rate,threshold rate
25,500,10.0000000000000000,204222263.0539392828941345,115953838.1649766564369202
