lambdaBS,lambdaUE,loss_thresh,mean_rate,threshold rate
25,750,90.0000000000000000,137357254.8511541783809662,300946322.9559360742568970
