lambdaBS,lambdaUE,loss_thresh,mean_rate,threshold rate
25,2000,90.0000000000000000,61823349.3152036592364311,89324715.7137799561023712
