lambdaBS,lambdaUE,loss_thresh,mean_rate,threshold rate
25,500,0.0000000000000000,188963905.2443248331546783,83374399.2497627139091492
