lambdaBS,lambdaUE,loss_thresh,mean_rate,threshold rate
25,2000,90.0000000000000000,62940350.3964305818080902,98730315.2432228624820709
