lambdaBS,lambdaUE,loss_thresh,mean_rate,threshold rate
25,2000,40.0000000000000000,47970043.1779759377241135,32774537.6854760535061359
