lambdaBS,lambdaUE,loss_thresh,mean_rate,threshold rate
25,500,30.0000000000000036,256371731.6315537989139557,188557004.7884941101074219
