lambdaBS,lambdaUE,loss_thresh,mean_rate,threshold rate
25,750,10.0000000000000000,96746134.5355876386165619,49920476.2148271650075912
