lambdaBS,lambdaUE,loss_thresh,mean_rate,threshold rate
25,2000,50.0000000000000000,65966018.1752099320292473,43646849.1063933372497559
