lambdaBS,lambdaUE,loss_thresh,mean_rate,threshold rate
25,2000,40.0000000000000000,69437306.8819510489702225,45067241.3727173954248428
