lambdaBS,lambdaUE,loss_thresh,mean_rate,threshold rate
25,250,20.0000000000000000,310938424.8790909051895142,246880710.3072057366371155
