lambdaBS,lambdaUE,loss_thresh,mean_rate,threshold rate
25,1000,100.0000000000000000,105326884.5751594752073288,399856923.4674640297889709
