lambdaBS,lambdaUE,loss_thresh,mean_rate,threshold rate
25,500,100.0000000000000000,210764168.7636462748050690,399856857.5854260325431824
