lambdaBS,lambdaUE,loss_thresh,mean_rate,threshold rate
25,500,50.0000000000000000,194679458.9382317662239075,150457786.2197488546371460
