lambdaBS,lambdaUE,loss_thresh,mean_rate,threshold rate
25,2000,0.0000000000000000,86273476.0627824366092682,27913596.6597378924489021
