lambdaBS,lambdaUE,loss_thresh,mean_rate,threshold rate
25,1500,60.0000000000000000,53112722.3691986650228500,39608594.4393361061811447
