lambdaBS,lambdaUE,loss_thresh,mean_rate,threshold rate
25,1500,30.0000000000000036,89684275.0049919188022614,56462002.9640543758869171
