lambdaBS,lambdaUE,loss_thresh,mean_rate,threshold rate
25,1500,10.0000000000000000,78855078.5031198710203171,43722776.9296925067901611
