lambdaBS,lambdaUE,loss_thresh,mean_rate,threshold rate
25,1000,10.0000000000000000,135493580.3021383881568909,69546185.5840816348791122
