lambdaBS,lambdaUE,loss_thresh,mean_rate,threshold rate
25,1000,100.0000000000000000,111472474.2292449176311493,399720050.7243140339851379
