lambdaBS,lambdaUE,loss_thresh,mean_rate,threshold rate
25,500,0.0000000000000000,195674695.3438490331172943,82214642.1849685460329056
