lambdaBS,lambdaUE,loss_thresh,mean_rate,threshold rate
25,500,0.0000000000000000,190056779.5299750566482544,83271993.5410804897546768
