lambdaBS,lambdaUE,loss_thresh,mean_rate,threshold rate
25,500,0.0000000000000000,164293939.4603703320026398,64962503.0872540622949600
