lambdaBS,lambdaUE,loss_thresh,mean_rate,threshold rate
25,2000,30.0000000000000036,53611676.5190386399626732,31980904.6434311419725418
