lambdaBS,lambdaUE,loss_thresh,mean_rate,threshold rate
25,750,80.0000000000000000,168247112.2229948341846466,237096458.3316444456577301
