lambdaBS,lambdaUE,loss_thresh,mean_rate,threshold rate
25,500,100.0000000000000000,218763509.6631558239459991,399805568.6837407350540161
