lambdaBS,lambdaUE,loss_thresh,mean_rate,threshold rate
25,2000,80.0000000000000000,63995786.1745498180389404,58834520.8406259790062904
