lambdaBS,lambdaUE,loss_thresh,mean_rate,threshold rate
25,750,30.0000000000000036,108030417.9273125678300858,68562139.4956474006175995
