lambdaBS,lambdaUE,loss_thresh,mean_rate,threshold rate
25,500,10.0000000000000000,173955911.9568229019641876,87980825.1899413317441940
