lambdaBS,lambdaUE,loss_thresh,mean_rate,threshold rate
25,1000,70.0000000000000000,129635651.8699527382850647,128380690.5363360792398453
