lambdaBS,lambdaUE,loss_thresh,mean_rate,threshold rate
25,500,10.0000000000000000,172362796.6160665154457092,96451803.8485687673091888
