lambdaBS,lambdaUE,loss_thresh,mean_rate,threshold rate
25,1000,70.0000000000000000,91361207.9844168722629547,72020214.0465553104877472
