lambdaBS,lambdaUE,loss_thresh,mean_rate,threshold rate
25,2000,10.0000000000000000,50088168.6401001587510109,28497342.5439090691506863
