lambdaBS,lambdaUE,loss_thresh,mean_rate,threshold rate
25,1000,70.0000000000000000,119679648.6324974000453949,104071975.5830962210893631
