lambdaBS,lambdaUE,loss_thresh,mean_rate,threshold rate
25,250,20.0000000000000000,274625506.3686826229095459,195110684.6223352551460266
