lambdaBS,lambdaUE,loss_thresh,mean_rate,threshold rate
25,2000,60.0000000000000000,70171556.1003137230873108,51411924.4042327553033829
