lambdaBS,lambdaUE,loss_thresh,mean_rate,threshold rate
25,2000,40.0000000000000000,65059012.4319120869040489,44497334.2826028168201447
