lambdaBS,lambdaUE,loss_thresh,mean_rate,threshold rate
25,500,90.0000000000000000,200117506.6658497452735901,336644396.4407329559326172
