lambdaBS,lambdaUE,loss_thresh,mean_rate,threshold rate
25,250,30.0000000000000036,293378104.0259145498275757,239020378.9925822317600250
