lambdaBS,lambdaUE,loss_thresh,mean_rate,threshold rate
25,1500,70.0000000000000000,101185487.0637925267219543,84885641.0019569098949432
