lambdaBS,lambdaUE,loss_thresh,mean_rate,threshold rate
25,2000,0.0000000000000000,53388665.3878123611211777,14811621.3838431313633919
