lambdaBS,lambdaUE,loss_thresh,mean_rate,threshold rate
25,1000,60.0000000000000000,134061764.4645828902721405,100480882.1885829269886017
