lambdaBS,lambdaUE,loss_thresh,mean_rate,threshold rate
25,250,20.0000000000000000,301099301.9467942714691162,229144674.1262163519859314
