lambdaBS,lambdaUE,loss_thresh,mean_rate,threshold rate
25,750,20.0000000000000000,170924857.5760799646377563,101630569.0318443179130554
