lambdaBS,lambdaUE,loss_thresh,mean_rate,threshold rate
25,750,0.0000000000000000,96746134.5355876386165619,33284412.6183567978441715
