lambdaBS,lambdaUE,loss_thresh,mean_rate,threshold rate
25,1000,40.0000000000000000,131040853.7542281001806259,84358631.2440111637115479
