lambdaBS,lambdaUE,loss_thresh,mean_rate,threshold rate
25,1500,80.0000000000000000,84232475.3530925065279007,77926728.8509326875209808
