lambdaBS,lambdaUE,loss_thresh,mean_rate,threshold rate
25,250,60.0000000000000000,295615349.8246500492095947,323452043.3176870346069336
