lambdaBS,lambdaUE,loss_thresh,mean_rate,threshold rate
25,500,10.0000000000000000,157236492.7287157773971558,87061405.9050727784633636
