lambdaBS,lambdaUE,loss_thresh,mean_rate,threshold rate
25,750,90.0000000000000000,164735575.7048147618770599,341951927.8467583060264587
