lambdaBS,lambdaUE,loss_thresh,mean_rate,threshold rate
25,1000,40.0000000000000000,110397107.6045265495777130,72910919.5375599563121796
