lambdaBS,lambdaUE,loss_thresh,mean_rate,threshold rate
25,2000,80.0000000000000000,54476759.0230063870549202,48644604.9496939554810524
