lambdaBS,lambdaUE,loss_thresh,mean_rate,threshold rate
25,2000,50.0000000000000000,50088168.6401001587510109,34871651.8053298220038414
