lambdaBS,lambdaUE,loss_thresh,mean_rate,threshold rate
25,1500,40.0000000000000000,116063919.8313247710466385,73277951.2368004918098450
