lambdaBS,lambdaUE,loss_thresh,mean_rate,threshold rate
25,2000,30.0000000000000036,51721079.6352816298604012,33027123.1882192417979240
