lambdaBS,lambdaUE,loss_thresh,mean_rate,threshold rate
25,2000,40.0000000000000000,40927057.5321334451436996,26661416.0035952217876911
