lambdaBS,lambdaUE,loss_thresh,mean_rate,threshold rate
25,1000,90.0000000000000000,161797087.8351994752883911,311093467.9629799723625183
