lambdaBS,lambdaUE,loss_thresh,mean_rate,threshold rate
25,250,90.0000000000000000,290335956.9735071063041687,391951260.2742385864257812
