lambdaBS,lambdaUE,loss_thresh,mean_rate,threshold rate
25,750,10.0000000000000000,140012112.6677200198173523,72643670.8435214757919312
