lambdaBS,lambdaUE,loss_thresh,mean_rate,threshold rate
25,1000,10.0000000000000000,98717934.4678460806608200,51510780.3138960152864456
