lambdaBS,lambdaUE,loss_thresh,mean_rate,threshold rate
25,250,20.0000000000000000,297767393.8968445658683777,229674243.0092735290527344
