lambdaBS,lambdaUE,loss_thresh,mean_rate,threshold rate
25,1000,30.0000000000000036,144356258.8307785093784332,88235993.8167332112789154
