lambdaBS,lambdaUE,loss_thresh,mean_rate,threshold rate
25,500,30.0000000000000036,217783064.0025576353073120,154093556.2515489161014557
