lambdaBS,lambdaUE,loss_thresh,mean_rate,threshold rate
25,500,50.0000000000000000,164752846.7565250396728516,123920015.4288434684276581
