lambdaBS,lambdaUE,loss_thresh,mean_rate,threshold rate
25,750,10.0000000000000000,161877426.1697733700275421,83178027.3216885775327682
