lambdaBS,lambdaUE,loss_thresh,mean_rate,threshold rate
25,1000,70.0000000000000000,114274453.8095522969961166,96833570.8563907444477081
