lambdaBS,lambdaUE,loss_thresh,mean_rate,threshold rate
25,1000,40.0000000000000000,126478633.2569307833909988,83333336.9698557853698730
