lambdaBS,lambdaUE,loss_thresh,mean_rate,threshold rate
25,750,10.0000000000000000,192398105.9804332554340363,92451166.3974190950393677
