lambdaBS,lambdaUE,loss_thresh,mean_rate,threshold rate
25,250,90.0000000000000000,286444241.0471339821815491,388220299.3693499565124512
