lambdaBS,lambdaUE,loss_thresh,mean_rate,threshold rate
25,500,90.0000000000000000,213716266.6943967640399933,368781278.7361389994621277
