lambdaBS,lambdaUE,loss_thresh,mean_rate,threshold rate
25,1500,90.0000000000000000,115239469.7292174994945526,233767173.5904227495193481
