lambdaBS,lambdaUE,loss_thresh,mean_rate,threshold rate
25,1500,50.0000000000000000,82045455.3809620738029480,58955315.1375580877065659
