lambdaBS,lambdaUE,loss_thresh,mean_rate,threshold rate
25,1500,100.0000000000000000,69105429.3689134865999222,399896857.4646970629692078
