lambdaBS,lambdaUE,loss_thresh,mean_rate,threshold rate
25,500,10.0000000000000000,212357953.0745219290256500,118460660.6612211018800735
