lambdaBS,lambdaUE,loss_thresh,mean_rate,threshold rate
25,2000,60.0000000000000000,66278003.3392788544297218,50261489.7550720423460007
