lambdaBS,lambdaUE,loss_thresh,mean_rate,threshold rate
25,2000,0.0000000000000000,49783326.8764070197939873,16969926.7972225174307823
