lambdaBS,lambdaUE,loss_thresh,mean_rate,threshold rate
25,750,60.0000000000000000,120859099.2272561937570572,100279179.3157657533884048
