lambdaBS,lambdaUE,loss_thresh,mean_rate,threshold rate
25,250,70.0000000000000000,297767393.8968445658683777,352761431.5358998775482178
