lambdaBS,lambdaUE,loss_thresh,mean_rate,threshold rate
25,1500,80.0000000000000000,55514229.2758087590336800,48392087.5610534623265266
