lambdaBS,lambdaUE,loss_thresh,mean_rate,threshold rate
25,250,60.0000000000000000,301099301.9467942714691162,330555604.7042385935783386
