lambdaBS,lambdaUE,loss_thresh,mean_rate,threshold rate
25,1500,50.0000000000000000,74503587.4433700144290924,53994519.3350729048252106
