lambdaBS,lambdaUE,loss_thresh,mean_rate,threshold rate
25,500,100.0000000000000000,245333896.6028930246829987,399940968.5720680952072144
