lambdaBS,lambdaUE,loss_thresh,mean_rate,threshold rate
25,250,80.0000000000000000,274625506.3686826229095459,366849028.3687609434127808
