lambdaBS,lambdaUE,loss_thresh,mean_rate,threshold rate
25,1500,20.0000000000000000,82714691.3774949908256531,46162921.2728983163833618
