lambdaBS,lambdaUE,loss_thresh,mean_rate,threshold rate
25,250,50.0000000000000000,270681329.2155610322952271,257863421.0691099762916565
