lambdaBS,lambdaUE,loss_thresh,mean_rate,threshold rate
25,250,10.0000000000000000,253997166.0669423639774323,141828718.0250515341758728
