lambdaBS,lambdaUE,loss_thresh,mean_rate,threshold rate
25,2000,80.0000000000000000,56685397.6138151958584785,50584213.9936717227101326
