lambdaBS,lambdaUE,loss_thresh,mean_rate,threshold rate
25,2000,60.0000000000000000,57429064.9140639156103134,42001204.6276107132434845
