lambdaBS,lambdaUE,loss_thresh,mean_rate,threshold rate
25,250,20.0000000000000000,293049810.8440539836883545,224365596.8182968795299530
