lambdaBS,lambdaUE,loss_thresh,mean_rate,threshold rate
25,250,90.0000000000000000,300543833.7896934151649475,390596076.0367748141288757
