lambdaBS,lambdaUE,loss_thresh,mean_rate,threshold rate
25,1500,80.0000000000000000,118317947.7809313684701920,140572185.3493831157684326
