lambdaBS,lambdaUE,loss_thresh,mean_rate,threshold rate
25,500,70.0000000000000000,218763509.6631558239459991,267209677.8861541748046875
