lambdaBS,lambdaUE,loss_thresh,mean_rate,threshold rate
25,250,90.0000000000000000,267824282.5696836113929749,387132349.1203100085258484
