lambdaBS,lambdaUE,loss_thresh,mean_rate,threshold rate
25,2000,20.0000000000000000,48557252.2873085588216782,32135290.0984624363481998
