lambdaBS,lambdaUE,loss_thresh,mean_rate,threshold rate
25,1500,10.0000000000000000,78767711.9996387362480164,42318385.4811588004231453
