lambdaBS,lambdaUE,loss_thresh,mean_rate,threshold rate
25,1000,20.0000000000000000,126053447.7040834873914719,69549549.1562330722808838
