lambdaBS,lambdaUE,loss_thresh,mean_rate,threshold rate
25,750,20.0000000000000000,137357254.8511541783809662,79595682.8937651365995407
