lambdaBS,lambdaUE,loss_thresh,mean_rate,threshold rate
25,250,40.0000000000000000,315248652.3834155797958374,298293127.4040497541427612
