lambdaBS,lambdaUE,loss_thresh,mean_rate,threshold rate
25,750,0.0000000000000000,196806957.2354021370410919,84389919.0954021960496902
