lambdaBS,lambdaUE,loss_thresh,mean_rate,threshold rate
25,750,40.0000000000000000,150346419.1019440889358521,103440144.4889612793922424
