lambdaBS,lambdaUE,loss_thresh,mean_rate,threshold rate
25,750,70.0000000000000000,131276599.5707870721817017,128197890.0939313471317291
