lambdaBS,lambdaUE,loss_thresh,mean_rate,threshold rate
25,1000,50.0000000000000000,161306447.1557166278362274,117374105.9278648495674133
