lambdaBS,lambdaUE,loss_thresh,mean_rate,threshold rate
25,500,10.0000000000000000,203932088.5897113084793091,104442202.4770968258380890
