lambdaBS,lambdaUE,loss_thresh,mean_rate,threshold rate
25,1000,60.0000000000000000,103278447.3806568831205368,72461840.9527113437652588
