lambdaBS,lambdaUE,loss_thresh,mean_rate,threshold rate
25,1500,30.0000000000000036,87767591.7160757482051849,50615138.4580838680267334
