lambdaBS,lambdaUE,loss_thresh,mean_rate,threshold rate
25,1500,50.0000000000000000,118317947.7809313684701920,85044484.7788260281085968
