lambdaBS,lambdaUE,loss_thresh,mean_rate,threshold rate
25,250,100.0000000000000000,257485536.9079914987087250,399709303.1230717897415161
