lambdaBS,lambdaUE,loss_thresh,mean_rate,threshold rate
25,250,10.0000000000000000,290335956.9735071063041687,190133383.5705954134464264
