lambdaBS,lambdaUE,loss_thresh,mean_rate,threshold rate
25,1500,20.0000000000000000,77123393.8701012432575226,46199329.7741067558526993
