lambdaBS,lambdaUE,loss_thresh,mean_rate,threshold rate
25,250,90.0000000000000000,290258261.3553092479705811,393191383.9537268877029419
