lambdaBS,lambdaUE,loss_thresh,mean_rate,threshold rate
25,1500,90.0000000000000000,83314653.9474094808101654,163049556.6743433475494385
