lambdaBS,lambdaUE,loss_thresh,mean_rate,threshold rate
25,1000,0.0000000000000000,135493580.3021383881568909,54016988.4611446112394333
