lambdaBS,lambdaUE,loss_thresh,mean_rate,threshold rate
25,750,60.0000000000000000,125554415.0458351373672485,95489529.2735232561826706
