lambdaBS,lambdaUE,loss_thresh,mean_rate,threshold rate
25,1500,10.0000000000000000,77493754.2026759386062622,43187562.8553737401962280
