lambdaBS,lambdaUE,loss_thresh,mean_rate,threshold rate
25,500,0.0000000000000000,218763509.6631558239459991,84322066.2312162965536118
