lambdaBS,lambdaUE,loss_thresh,mean_rate,threshold rate
25,2000,30.0000000000000036,54476759.0230063870549202,36565478.5633012950420380
