lambdaBS,lambdaUE,loss_thresh,mean_rate,threshold rate
25,500,10.0000000000000000,156951852.2852806746959686,91565695.5947293490171432
