lambdaBS,lambdaUE,loss_thresh,mean_rate,threshold rate
25,1000,0.0000000000000000,166101768.3984597921371460,62677455.1217430382966995
