lambdaBS,lambdaUE,loss_thresh,mean_rate,threshold rate
25,750,90.0000000000000000,171167393.7804499864578247,330394867.6382052302360535
