lambdaBS,lambdaUE,loss_thresh,mean_rate,threshold rate
25,1000,90.0000000000000000,110397107.6045265495777130,228961998.8643756508827209
