lambdaBS,lambdaUE,loss_thresh,mean_rate,threshold rate
25,1000,80.0000000000000000,122483095.9288169890642166,152055109.6234301924705505
