lambdaBS,lambdaUE,loss_thresh,mean_rate,threshold rate
25,750,70.0000000000000000,155637274.1525279581546783,151000407.8679786026477814
