lambdaBS,lambdaUE,loss_thresh,mean_rate,threshold rate
25,250,60.0000000000000000,274309910.5850853323936462,311757536.0353611707687378
