lambdaBS,lambdaUE,loss_thresh,mean_rate,threshold rate
25,1500,80.0000000000000000,73502658.1937979161739349,66567407.1824674159288406
