lambdaBS,lambdaUE,loss_thresh,mean_rate,threshold rate
25,750,30.0000000000000036,139607656.5568103492259979,83863230.9111130237579346
