lambdaBS,lambdaUE,loss_thresh,mean_rate,threshold rate
25,500,60.0000000000000000,223558238.5231485366821289,221068987.3931118845939636
