lambdaBS,lambdaUE,loss_thresh,mean_rate,threshold rate
25,2000,40.0000000000000000,93373758.2512785494327545,58565121.6891589462757111
