lambdaBS,lambdaUE,loss_thresh,mean_rate,threshold rate
25,1500,90.0000000000000000,52885256.3798075765371323,56844707.1467400938272476
