lambdaBS,lambdaUE,loss_thresh,mean_rate,threshold rate
25,1000,80.0000000000000000,101448867.7225758433341980,107961973.7010797262191772
