lambdaBS,lambdaUE,loss_thresh,mean_rate,threshold rate
25,2000,30.0000000000000036,55620506.0765084773302078,34967756.6394221186637878
