lambdaBS,lambdaUE,loss_thresh,mean_rate,threshold rate
25,750,100.0000000000000000,121307268.2176762819290161,399214353.7127339839935303
