lambdaBS,lambdaUE,loss_thresh,mean_rate,threshold rate
25,750,0.0000000000000000,117916449.9048209190368652,48788709.7586604058742523
