lambdaBS,lambdaUE,loss_thresh,mean_rate,threshold rate
25,2000,40.0000000000000000,63995786.1745498180389404,43126642.5671580359339714
