lambdaBS,lambdaUE,loss_thresh,mean_rate,threshold rate
25,1000,30.0000000000000036,80602078.3696055114269257,51674891.1009195223450661
