lambdaBS,lambdaUE,loss_thresh,mean_rate,threshold rate
25,1000,20.0000000000000000,103278447.3806568831205368,56413102.2882784083485603
