lambdaBS,lambdaUE,loss_thresh,mean_rate,threshold rate
25,750,30.0000000000000036,138469639.9977099299430847,83947055.6879391968250275
