lambdaBS,lambdaUE,loss_thresh,mean_rate,threshold rate
25,2000,10.0000000000000000,42548737.1037807762622833,22173225.9317482523620129
