lambdaBS,lambdaUE,loss_thresh,mean_rate,threshold rate
25,1500,30.0000000000000036,80557282.5083457678556442,50139399.6115282624959946
