lambdaBS,lambdaUE,loss_thresh,mean_rate,threshold rate
25,750,0.0000000000000000,120699030.5994547456502914,48101875.5033220201730728
