lambdaBS,lambdaUE,loss_thresh,mean_rate,threshold rate
25,500,20.0000000000000000,214401319.7525389492511749,133175975.0931748747825623
