lambdaBS,lambdaUE,loss_thresh,mean_rate,threshold rate
25,500,70.0000000000000000,230025780.0667336583137512,276870788.8279156684875488
