lambdaBS,lambdaUE,loss_thresh,mean_rate,threshold rate
25,1000,100.0000000000000000,97667317.5592616945505142,396194326.7531086206436157
