lambdaBS,lambdaUE,loss_thresh,mean_rate,threshold rate
25,1000,50.0000000000000000,144356258.8307785093784332,104897851.8670951426029205
