lambdaBS,lambdaUE,loss_thresh,mean_rate,threshold rate
25,500,50.0000000000000000,212097579.0020851492881775,179517190.8617638349533081
