lambdaBS,lambdaUE,loss_thresh,mean_rate,threshold rate
25,1000,70.0000000000000000,111568575.4929027706384659,99003146.2592606693506241
