lambdaBS,lambdaUE,loss_thresh,mean_rate,threshold rate
25,2000,50.0000000000000000,62500224.8074901923537254,43220192.8936514556407928
