lambdaBS,lambdaUE,loss_thresh,mean_rate,threshold rate
25,250,20.0000000000000000,302831688.7323762178421021,227851040.9410659670829773
