lambdaBS,lambdaUE,loss_thresh,mean_rate,threshold rate
25,500,20.0000000000000000,230025780.0667336583137512,151014727.5969111323356628
