lambdaBS,lambdaUE,loss_thresh,mean_rate,threshold rate
25,500,90.0000000000000000,188963905.2443248331546783,365166647.8703227639198303
