lambdaBS,lambdaUE,loss_thresh,mean_rate,threshold rate
25,2000,50.0000000000000000,66973922.5274242311716080,45377504.5255578979849815
