lambdaBS,lambdaUE,loss_thresh,mean_rate,threshold rate
25,750,90.0000000000000000,162533246.0643578171730042,327481382.9574071764945984
