lambdaBS,lambdaUE,loss_thresh,mean_rate,threshold rate
25,750,10.0000000000000000,117916449.9048209190368652,66121223.5782361552119255
