lambdaBS,lambdaUE,loss_thresh,mean_rate,threshold rate
25,250,90.0000000000000000,301543110.8811925649642944,391067508.3132461309432983
