lambdaBS,lambdaUE,loss_thresh,mean_rate,threshold rate
25,250,50.0000000000000000,283907712.6400912404060364,283114112.6610559821128845
