lambdaBS,lambdaUE,loss_thresh,mean_rate,threshold rate
25,500,0.0000000000000000,176673053.5490611493587494,80181613.7616206705570221
