lambdaBS,lambdaUE,loss_thresh,mean_rate,threshold rate
25,750,40.0000000000000000,171307766.9431833922863007,118674786.9190461039543152
