lambdaBS,lambdaUE,loss_thresh,mean_rate,threshold rate
25,500,0.0000000000000000,233014539.2559989094734192,106376374.3748550117015839
