lambdaBS,lambdaUE,loss_thresh,mean_rate,threshold rate
25,250,40.0000000000000000,267167687.5265225172042847,236613194.4461408853530884
