lambdaBS,lambdaUE,loss_thresh,mean_rate,threshold rate
25,1500,50.0000000000000000,80988837.1309504061937332,55600739.7659329026937485
