lambdaBS,lambdaUE,loss_thresh,mean_rate,threshold rate
25,250,0.0000000000000000,282705265.7705399990081787,145394197.3941837251186371
