lambdaBS,lambdaUE,loss_thresh,mean_rate,threshold rate
25,750,50.0000000000000000,163359988.1878515779972076,120195105.3928913921117783
