lambdaBS,lambdaUE,loss_thresh,mean_rate,threshold rate
25,750,90.0000000000000000,110067459.3325697183609009,210053293.4063152372837067
