lambdaBS,lambdaUE,loss_thresh,mean_rate,threshold rate
25,750,50.0000000000000000,159978555.5293815135955811,122293114.7663067877292633
