lambdaBS,lambdaUE,loss_thresh,mean_rate,threshold rate
25,1500,70.0000000000000000,77273014.3932029157876968,65862673.9974694922566414
