lambdaBS,lambdaUE,loss_thresh,mean_rate,threshold rate
25,250,40.0000000000000000,291682658.3846660852432251,274677964.9253326654434204
