lambdaBS,lambdaUE,loss_thresh,mean_rate,threshold rate
25,1000,10.0000000000000000,88432693.7925610542297363,47557887.3725628703832626
