lambdaBS,lambdaUE,loss_thresh,mean_rate,threshold rate
25,500,70.0000000000000000,212357953.0745219290256500,248001038.4114414155483246
