lambdaBS,lambdaUE,loss_thresh,mean_rate,threshold rate
25,750,80.0000000000000000,115072313.7967611849308014,128122372.5303323715925217
