lambdaBS,lambdaUE,loss_thresh,mean_rate,threshold rate
25,750,90.0000000000000000,127022352.3013564944267273,299874259.2146784663200378
