lambdaBS,lambdaUE,loss_thresh,mean_rate,threshold rate
25,500,90.0000000000000000,205437894.8055492043495178,367635518.2757979631423950
