lambdaBS,lambdaUE,loss_thresh,mean_rate,threshold rate
25,2000,40.0000000000000000,57429064.9140639156103134,36871737.2619342803955078
