lambdaBS,lambdaUE,loss_thresh,mean_rate,threshold rate
25,250,100.0000000000000000,311136731.1613894104957581,399952557.7490172386169434
