lambdaBS,lambdaUE,loss_thresh,mean_rate,threshold rate
25,250,0.0000000000000000,275498188.9532374143600464,134945732.7552424669265747
