lambdaBS,lambdaUE,loss_thresh,mean_rate,threshold rate
25,500,50.0000000000000000,162556468.4388157427310944,115905407.9540150165557861
