lambdaBS,lambdaUE,loss_thresh,mean_rate,threshold rate
25,1000,50.0000000000000000,94124600.6096830964088440,66991470.4317498728632927
