lambdaBS,lambdaUE,loss_thresh,mean_rate,threshold rate
25,500,0.0000000000000000,190365197.4589685499668121,82272186.8677556216716766
