lambdaBS,lambdaUE,loss_thresh,mean_rate,threshold rate
25,750,80.0000000000000000,102847072.6652850359678268,118914785.7953242510557175
