lambdaBS,lambdaUE,loss_thresh,mean_rate,threshold rate
25,2000,40.0000000000000000,66973922.5274242311716080,42989287.3596466183662415
