lambdaBS,lambdaUE,loss_thresh,mean_rate,threshold rate
25,1500,80.0000000000000000,89466719.7626030743122101,93401554.5181101560592651
