lambdaBS,lambdaUE,loss_thresh,mean_rate,threshold rate
25,500,10.0000000000000000,191251399.8987487554550171,101768650.6765669584274292
