lambdaBS,lambdaUE,loss_thresh,mean_rate,threshold rate
25,500,20.0000000000000000,147745943.8734732270240784,88326196.0307814180850983
