lambdaBS,lambdaUE,loss_thresh,mean_rate,threshold rate
25,1000,10.0000000000000000,88812226.1760757416486740,48955010.2873210906982422
