lambdaBS,lambdaUE,loss_thresh,mean_rate,threshold rate
25,250,70.0000000000000000,311136731.1613894104957581,360152991.7753286361694336
