lambdaBS,lambdaUE,loss_thresh,mean_rate,threshold rate
25,750,40.0000000000000000,167255350.6905601918697357,108947965.6106642931699753
