lambdaBS,lambdaUE,loss_thresh,mean_rate,threshold rate
25,750,90.0000000000000000,166995098.1058658957481384,355417367.0307420492172241
