lambdaBS,lambdaUE,loss_thresh,mean_rate,threshold rate
25,500,50.0000000000000000,170429418.9727191627025604,122767719.1178235411643982
