lambdaBS,lambdaUE,loss_thresh,mean_rate,threshold rate
25,1000,100.0000000000000000,90200644.4742006659507751,398613095.2523005008697510
