lambdaBS,lambdaUE,loss_thresh,mean_rate,threshold rate
25,250,30.0000000000000036,315248652.3834155797958374,273702066.6705153584480286
