lambdaBS,lambdaUE,loss_thresh,mean_rate,threshold rate
25,750,10.0000000000000000,172500979.9761629700660706,98600793.8177261948585510
