lambdaBS,lambdaUE,loss_thresh,mean_rate,threshold rate
25,2000,0.0000000000000000,46641663.0322953164577484,16640615.0860202237963676
