lambdaBS,lambdaUE,loss_thresh,mean_rate,threshold rate
25,500,70.0000000000000000,197810936.0517249405384064,240192419.4273684620857239
