lambdaBS,lambdaUE,loss_thresh,mean_rate,threshold rate
25,2000,20.0000000000000000,88260216.0241076797246933,51282626.6669569760560989
