lambdaBS,lambdaUE,loss_thresh,mean_rate,threshold rate
25,750,10.0000000000000000,111706631.5471182018518448,58894243.2891541719436646
