lambdaBS,lambdaUE,loss_thresh,mean_rate,threshold rate
25,500,80.0000000000000000,195590553.7730862498283386,292008029.2166454792022705
