lambdaBS,lambdaUE,loss_thresh,mean_rate,threshold rate
25,1500,40.0000000000000000,80121041.7140337824821472,53262143.9309920072555542
