lambdaBS,lambdaUE,loss_thresh,mean_rate,threshold rate
25,250,50.0000000000000000,286926541.7221158146858215,298929427.3958265185356140
