lambdaBS,lambdaUE,loss_thresh,mean_rate,threshold rate
25,250,90.0000000000000000,297139300.5895200967788696,396137303.3211871385574341
