lambdaBS,lambdaUE,loss_thresh,mean_rate,threshold rate
25,2000,100.0000000000000000,57087204.3670031502842903,399651269.2479988336563110
