lambdaBS,lambdaUE,loss_thresh,mean_rate,threshold rate
25,250,10.0000000000000000,253185220.4067657887935638,159183969.8242011070251465
