lambdaBS,lambdaUE,loss_thresh,mean_rate,threshold rate
25,500,70.0000000000000000,183309490.6228809952735901,197515712.9423149824142456
