lambdaBS,lambdaUE,loss_thresh,mean_rate,threshold rate
25,2000,50.0000000000000000,55905281.6923233717679977,41701816.3030990660190582
