lambdaBS,lambdaUE,loss_thresh,mean_rate,threshold rate
25,1500,10.0000000000000000,59178293.3649869337677956,32604394.4842607155442238
