lambdaBS,lambdaUE,loss_thresh,mean_rate,threshold rate
25,250,0.0000000000000000,309686213.5316359400749207,147272082.3608032464981079
