lambdaBS,lambdaUE,loss_thresh,mean_rate,threshold rate
25,250,30.0000000000000036,274625506.3686826229095459,215794638.3078545331954956
