lambdaBS,lambdaUE,loss_thresh,mean_rate,threshold rate
25,1000,20.0000000000000000,98914069.4826032370328903,57101037.3158831149339676
