lambdaBS,lambdaUE,loss_thresh,mean_rate,threshold rate
25,250,100.0000000000000000,265872923.2297193408012390,399952357.4942588806152344
