lambdaBS,lambdaUE,loss_thresh,mean_rate,threshold rate
25,500,20.0000000000000000,249273413.3952049016952515,157078446.5926872491836548
