lambdaBS,lambdaUE,loss_thresh,mean_rate,threshold rate
25,1000,40.0000000000000000,118226441.7022977024316788,76215689.6980794370174408
