lambdaBS,lambdaUE,loss_thresh,mean_rate,threshold rate
25,250,0.0000000000000000,290335956.9735071063041687,149458623.6362736821174622
