lambdaBS,lambdaUE,loss_thresh,mean_rate,threshold rate
25,500,40.0000000000000000,166593563.4842134714126587,116472462.5729132294654846
