lambdaBS,lambdaUE,loss_thresh,mean_rate,threshold rate
25,2000,50.0000000000000000,55620506.0765084773302078,39136817.7233123406767845
