lambdaBS,lambdaUE,loss_thresh,mean_rate,threshold rate
25,1500,20.0000000000000000,57213386.9327307641506195,34032838.2770199328660965
