lambdaBS,lambdaUE,loss_thresh,mean_rate,threshold rate
25,500,0.0000000000000000,164752846.7565250396728516,76075617.2781406939029694
