lambdaBS,lambdaUE,loss_thresh,mean_rate,threshold rate
25,250,20.0000000000000000,297139300.5895200967788696,222793839.3229729533195496
