lambdaBS,lambdaUE,loss_thresh,mean_rate,threshold rate
25,250,20.0000000000000000,280732767.4952313303947449,206357023.7171702384948730
