lambdaBS,lambdaUE,loss_thresh,mean_rate,threshold rate
25,750,70.0000000000000000,158119160.0242304205894470,168086407.8607612252235413
