lambdaBS,lambdaUE,loss_thresh,mean_rate,threshold rate
25,250,40.0000000000000000,294318618.9243327975273132,271423840.7735072374343872
