lambdaBS,lambdaUE,loss_thresh,mean_rate,threshold rate
25,500,40.0000000000000000,169128446.8036064505577087,117280907.9701140373945236
