lambdaBS,lambdaUE,loss_thresh,mean_rate,threshold rate
25,750,50.0000000000000000,164735575.7048147618770599,121145259.2440235912799835
