lambdaBS,lambdaUE,loss_thresh,mean_rate,threshold rate
25,1000,0.0000000000000000,129149158.4527609348297119,57474808.9874173924326897
