lambdaBS,lambdaUE,loss_thresh,mean_rate,threshold rate
25,750,80.0000000000000000,122942346.4639396220445633,140991504.9160228967666626
