lambdaBS,lambdaUE,loss_thresh,mean_rate,threshold rate
25,2000,70.0000000000000000,54476759.0230063870549202,44793313.6236111372709274
