lambdaBS,lambdaUE,loss_thresh,mean_rate,threshold rate
25,500,80.0000000000000000,178878921.2982313632965088,255101448.0036019980907440
