lambdaBS,lambdaUE,loss_thresh,mean_rate,threshold rate
25,500,40.0000000000000000,204222263.0539392828941345,145731008.7075607180595398
