lambdaBS,lambdaUE,loss_thresh,mean_rate,threshold rate
25,1500,90.0000000000000000,103471025.3001089692115784,236147481.9694886207580566
