lambdaBS,lambdaUE,loss_thresh,mean_rate,threshold rate
25,1500,80.0000000000000000,66848330.8482517153024673,62379516.0785967260599136
