lambdaBS,lambdaUE,loss_thresh,mean_rate,threshold rate
25,2000,10.0000000000000000,93373758.2512785494327545,47090961.5312872231006622
