lambdaBS,lambdaUE,loss_thresh,mean_rate,threshold rate
25,500,70.0000000000000000,245374647.5183960795402527,310367015.2901902198791504
