lambdaBS,lambdaUE,loss_thresh,mean_rate,threshold rate
25,500,80.0000000000000000,213536480.9752264916896820,317546023.8700292110443115
