lambdaBS,lambdaUE,loss_thresh,mean_rate,threshold rate
25,750,90.0000000000000000,120859099.2272561937570572,214971703.4318889379501343
