lambdaBS,lambdaUE,loss_thresh,mean_rate,threshold rate
25,250,70.0000000000000000,303594684.2354417443275452,359070639.5888254046440125
