lambdaBS,lambdaUE,loss_thresh,mean_rate,threshold rate
25,750,100.0000000000000000,166550955.6694678664207458,399654686.8993813395500183
