lambdaBS,lambdaUE,loss_thresh,mean_rate,threshold rate
25,1500,90.0000000000000000,93763357.6442786455154419,207205593.2251144051551819
