lambdaBS,lambdaUE,loss_thresh,mean_rate,threshold rate
25,1500,100.0000000000000000,69316872.9499998241662979,398485048.9145084023475647
