lambdaBS,lambdaUE,loss_thresh,mean_rate,threshold rate
25,1000,70.0000000000000000,89515023.9713359624147415,72380413.4466002881526947
