lambdaBS,lambdaUE,loss_thresh,mean_rate,threshold rate
25,750,100.0000000000000000,154599280.2439275383949280,399814674.0218369960784912
