lambdaBS,lambdaUE,loss_thresh,mean_rate,threshold rate
25,750,30.0000000000000036,172500979.9761629700660706,115444093.2113434076309204
