lambdaBS,lambdaUE,loss_thresh,mean_rate,threshold rate
25,250,10.0000000000000000,297767393.8968445658683777,196869585.5486053228378296
