lambdaBS,lambdaUE,loss_thresh,mean_rate,threshold rate
25,1000,10.0000000000000000,106974945.4972628951072693,54940668.8536303788423538
