lambdaBS,lambdaUE,loss_thresh,mean_rate,threshold rate
25,1500,80.0000000000000000,82714691.3774949908256531,80523352.1057787388563156
