lambdaBS,lambdaUE,loss_thresh,mean_rate,threshold rate
25,750,40.0000000000000000,153203903.3199640512466431,102811546.9516631811857224
