lambdaBS,lambdaUE,loss_thresh,mean_rate,threshold rate
25,2000,70.0000000000000000,56868228.2897503301501274,47199561.2176397442817688
