lambdaBS,lambdaUE,loss_thresh,mean_rate,threshold rate
25,750,90.0000000000000000,137935430.2246192991733551,304295918.7714970111846924
