lambdaBS,lambdaUE,loss_thresh,mean_rate,threshold rate
25,2000,10.0000000000000000,49783326.8764070197939873,27802845.4791809916496277
