lambdaBS,lambdaUE,loss_thresh,mean_rate,threshold rate
25,1000,30.0000000000000036,111593512.5921529084444046,64338247.3229199647903442
