lambdaBS,lambdaUE,loss_thresh,mean_rate,threshold rate
25,1000,30.0000000000000036,111568575.4929027706384659,67784158.3361013233661652
