lambdaBS,lambdaUE,loss_thresh,mean_rate,threshold rate
25,2000,0.0000000000000000,45305208.7174745053052902,10536957.9231569301337004
