lambdaBS,lambdaUE,loss_thresh,mean_rate,threshold rate
25,500,100.0000000000000000,249273413.3952049016952515,399950330.5630596280097961
