lambdaBS,lambdaUE,loss_thresh,mean_rate,threshold rate
25,1500,10.0000000000000000,77359638.7744346261024475,42495290.8060062080621719
