lambdaBS,lambdaUE,loss_thresh,mean_rate,threshold rate
25,750,40.0000000000000000,110108441.9236152470111847,72076118.8438432216644287
