lambdaBS,lambdaUE,loss_thresh,mean_rate,threshold rate
25,2000,10.0000000000000000,65666872.3771683499217033,39504160.1996404603123665
