lambdaBS,lambdaUE,loss_thresh,mean_rate,threshold rate
25,1000,10.0000000000000000,108372620.3200024515390396,58631078.6326051056385040
