lambdaBS,lambdaUE,loss_thresh,mean_rate,threshold rate
25,500,90.0000000000000000,188826169.8792707622051239,358678801.5436693429946899
