lambdaBS,lambdaUE,loss_thresh,mean_rate,threshold rate
25,2000,20.0000000000000000,49354709.1278658732771873,31017027.2698268145322800
