lambdaBS,lambdaUE,loss_thresh,mean_rate,threshold rate
25,500,90.0000000000000000,161167452.5843535661697388,336160437.3034823536872864
