lambdaBS,lambdaUE,loss_thresh,mean_rate,threshold rate
25,500,100.0000000000000000,233014539.2559989094734192,399729805.3480625152587891
