lambdaBS,lambdaUE,loss_thresh,mean_rate,threshold rate
25,250,60.0000000000000000,293049810.8440539836883545,317045999.1968196630477905
