lambdaBS,lambdaUE,loss_thresh,mean_rate,threshold rate
25,750,90.0000000000000000,149686850.3862207829952240,312037553.3045328259468079
