lambdaBS,lambdaUE,loss_thresh,mean_rate,threshold rate
25,500,10.0000000000000000,170347966.1752496361732483,88623795.5978152006864548
