lambdaBS,lambdaUE,loss_thresh,mean_rate,threshold rate
25,500,100.0000000000000000,189683685.9448018670082092,399954087.2438800930976868
