lambdaBS,lambdaUE,loss_thresh,mean_rate,threshold rate
25,1000,30.0000000000000036,159159871.0735320150852203,97091470.4853576868772507
