lambdaBS,lambdaUE,loss_thresh,mean_rate,threshold rate
25,500,100.0000000000000000,203932088.5897113084793091,399447300.8682332634925842
