lambdaBS,lambdaUE,loss_thresh,mean_rate,threshold rate
25,750,10.0000000000000000,131212270.4838777333498001,68607012.2417306900024414
