lambdaBS,lambdaUE,loss_thresh,mean_rate,threshold rate
25,1000,100.0000000000000000,98914069.4826032370328903,399705374.7073413133621216
