lambdaBS,lambdaUE,loss_thresh,mean_rate,threshold rate
25,500,20.0000000000000000,164752846.7565250396728516,96248573.2445394694805145
