lambdaBS,lambdaUE,loss_thresh,mean_rate,threshold rate
25,250,100.0000000000000000,281014839.7151524424552917,399887019.2076979875564575
