lambdaBS,lambdaUE,loss_thresh,mean_rate,threshold rate
25,250,100.0000000000000000,300543833.7896934151649475,399888985.7011428475379944
