lambdaBS,lambdaUE,loss_thresh,mean_rate,threshold rate
25,2000,40.0000000000000000,56685397.6138151958584785,36458247.6195611506700516
