lambdaBS,lambdaUE,loss_thresh,mean_rate,threshold rate
25,500,90.0000000000000000,176673053.5490611493587494,348406148.9494995474815369
