lambdaBS,lambdaUE,loss_thresh,mean_rate,threshold rate
25,1500,20.0000000000000000,73502658.1937979161739349,42150054.3634011223912239
