lambdaBS,lambdaUE,loss_thresh,mean_rate,threshold rate
25,1000,20.0000000000000000,90200644.4742006659507751,54779510.3807847201824188
