lambdaBS,lambdaUE,loss_thresh,mean_rate,threshold rate
25,750,70.0000000000000000,128259416.4522450715303421,115149348.6448123902082443
