lambdaBS,lambdaUE,loss_thresh,mean_rate,threshold rate
25,1500,20.0000000000000000,81500970.2790151238441467,46934222.4296265244483948
