lambdaBS,lambdaUE,loss_thresh,mean_rate,threshold rate
25,1000,100.0000000000000000,129635651.8699527382850647,399071171.0781018137931824
