lambdaBS,lambdaUE,loss_thresh,mean_rate,threshold rate
25,1500,10.0000000000000000,80843512.6108797043561935,44675364.0580037310719490
