lambdaBS,lambdaUE,loss_thresh,mean_rate,threshold rate
25,2000,50.0000000000000000,97467207.1818301230669022,66704278.0968595594167709
