lambdaBS,lambdaUE,loss_thresh,mean_rate,threshold rate
25,250,80.0000000000000000,281484691.6597837209701538,367381582.1030527949333191
