lambdaBS,lambdaUE,loss_thresh,mean_rate,threshold rate
25,2000,80.0000000000000000,48557252.2873085588216782,42613460.5682827830314636
