lambdaBS,lambdaUE,loss_thresh,mean_rate,threshold rate
25,1000,90.0000000000000000,97667317.5592616945505142,193042963.8197482824325562
