lambdaBS,lambdaUE,loss_thresh,mean_rate,threshold rate
25,1500,80.0000000000000000,89364709.6743436306715012,94323965.9195185899734497
