lambdaBS,lambdaUE,loss_thresh,mean_rate,threshold rate
25,1500,40.0000000000000000,91460685.8948157727718353,55948688.0994274094700813
