lambdaBS,lambdaUE,loss_thresh,mean_rate,threshold rate
25,2000,50.0000000000000000,68214893.4247093647718430,47174775.6776847839355469
