lambdaBS,lambdaUE,loss_thresh,mean_rate,threshold rate
25,2000,60.0000000000000000,55905281.6923233717679977,44956006.9077004566788673
