lambdaBS,lambdaUE,loss_thresh,mean_rate,threshold rate
25,250,90.0000000000000000,242677647.4639374315738678,382975727.7438250184059143
