lambdaBS,lambdaUE,loss_thresh,mean_rate,threshold rate
25,1500,10.0000000000000000,96498020.0949508696794510,48580178.4800179153680801
