lambdaBS,lambdaUE,loss_thresh,mean_rate,threshold rate
25,250,60.0000000000000000,255731689.2758204042911530,272053469.9278966188430786
