lambdaBS,lambdaUE,loss_thresh,mean_rate,threshold rate
25,2000,90.0000000000000000,55905281.6923233717679977,78331145.9227242767810822
