lambdaBS,lambdaUE,loss_thresh,mean_rate,threshold rate
25,250,10.0000000000000000,290258261.3553092479705811,183730543.1399945914745331
