lambdaBS,lambdaUE,loss_thresh,mean_rate,threshold rate
25,1500,0.0000000000000000,69105429.3689134865999222,30443836.3248292021453381
