lambdaBS,lambdaUE,loss_thresh,mean_rate,threshold rate
25,500,80.0000000000000000,204222263.0539392828941345,312040841.0118907094001770
