lambdaBS,lambdaUE,loss_thresh,mean_rate,threshold rate
25,1000,60.0000000000000000,128848945.6923470497131348,105462421.8270084112882614
