lambdaBS,lambdaUE,loss_thresh,mean_rate,threshold rate
25,500,20.0000000000000000,203932088.5897113084793091,114018422.7680364251136780
