lambdaBS,lambdaUE,loss_thresh,mean_rate,threshold rate
25,2000,70.0000000000000000,61823349.3152036592364311,47776671.0346747189760208
