lambdaBS,lambdaUE,loss_thresh,mean_rate,threshold rate
25,750,0.0000000000000000,138469639.9977099299430847,55667210.6798153147101402
