lambdaBS,lambdaUE,loss_thresh,mean_rate,threshold rate
25,1500,30.0000000000000036,48839680.8619498834013939,33236853.0916049554944038
