lambdaBS,lambdaUE,loss_thresh,mean_rate,threshold rate
25,750,100.0000000000000000,122559706.6174858212471008,399862999.5168730020523071
