lambdaBS,lambdaUE,loss_thresh,mean_rate,threshold rate
25,2000,80.0000000000000000,68953960.1516192108392715,69532158.3250672519207001
