lambdaBS,lambdaUE,loss_thresh,mean_rate,threshold rate
25,500,60.0000000000000000,214401319.7525389492511749,220565362.6273115575313568
