lambdaBS,lambdaUE,loss_thresh,mean_rate,threshold rate
25,1000,20.0000000000000000,127920627.5562996715307236,72803787.9006418883800507
