lambdaBS,lambdaUE,loss_thresh,mean_rate,threshold rate
25,2000,60.0000000000000000,56784643.1083457469940186,42616454.5676701664924622
