lambdaBS,lambdaUE,loss_thresh,mean_rate,threshold rate
25,2000,60.0000000000000000,64079944.1942034736275673,46243642.0939554646611214
