lambdaBS,lambdaUE,loss_thresh,mean_rate,threshold rate
25,750,0.0000000000000000,134883436.5794526040554047,62077849.8031108826398849
