lambdaBS,lambdaUE,loss_thresh,mean_rate,threshold rate
25,1500,70.0000000000000000,74383799.8107198923826218,59583375.1613239496946335
