lambdaBS,lambdaUE,loss_thresh,mean_rate,threshold rate
25,1000,80.0000000000000000,182141719.9945314526557922,261571748.3635249733924866
