lambdaBS,lambdaUE,loss_thresh,mean_rate,threshold rate
25,1500,30.0000000000000036,96498020.0949508696794510,58434628.2607754766941071
