lambdaBS,lambdaUE,loss_thresh,mean_rate,threshold rate
25,500,50.0000000000000000,203270399.0365623831748962,165113687.4352972805500031
