lambdaBS,lambdaUE,loss_thresh,mean_rate,threshold rate
25,1000,70.0000000000000000,97667317.5592616945505142,83817311.1780103743076324
