lambdaBS,lambdaUE,loss_thresh,mean_rate,threshold rate
25,1000,70.0000000000000000,129177701.3151416480541229,118886810.7067036032676697
