lambdaBS,lambdaUE,loss_thresh,mean_rate,threshold rate
25,1500,80.0000000000000000,99477236.2207554876804352,111672301.5082733333110809
