lambdaBS,lambdaUE,loss_thresh,mean_rate,threshold rate
25,1000,40.0000000000000000,92034427.3394107967615128,57088973.0735629275441170
