lambdaBS,lambdaUE,loss_thresh,mean_rate,threshold rate
25,2000,90.0000000000000000,40927057.5321334451436996,41989445.7860191091895103
