lambdaBS,lambdaUE,loss_thresh,mean_rate,threshold rate
25,250,90.0000000000000000,297767393.8968445658683777,389695669.9992014765739441
