lambdaBS,lambdaUE,loss_thresh,mean_rate,threshold rate
25,2000,40.0000000000000000,73887281.6468609869480133,51071694.5322726741433144
