lambdaBS,lambdaUE,loss_thresh,mean_rate,threshold rate
25,2000,60.0000000000000000,59873746.6564631015062332,43690213.8487198054790497
