lambdaBS,lambdaUE,loss_thresh,mean_rate,threshold rate
25,750,50.0000000000000000,115811678.0706593245267868,82263729.1900733113288879
