lambdaBS,lambdaUE,loss_thresh,mean_rate,threshold rate
25,250,70.0000000000000000,291223714.7254930138587952,345113997.2358502745628357
