lambdaBS,lambdaUE,loss_thresh,mean_rate,threshold rate
25,2000,100.0000000000000000,56889127.1473166272044182,399640437.2949681282043457
