lambdaBS,lambdaUE,loss_thresh,mean_rate,threshold rate
25,750,20.0000000000000000,206999404.5599347949028015,121154637.8932143896818161
