lambdaBS,lambdaUE,loss_thresh,mean_rate,threshold rate
25,2000,0.0000000000000000,63408999.9613129720091820,20129314.8164458386600018
