lambdaBS,lambdaUE,loss_thresh,mean_rate,threshold rate
25,2000,10.0000000000000000,66007976.8784482181072235,33091130.3437138497829437
