lambdaBS,lambdaUE,loss_thresh,mean_rate,threshold rate
25,500,50.0000000000000000,176673053.5490611493587494,128973200.2549172192811966
