lambdaBS,lambdaUE,loss_thresh,mean_rate,threshold rate
25,250,70.0000000000000000,300543833.7896934151649475,344607153.6713238954544067
