lambdaBS,lambdaUE,loss_thresh,mean_rate,threshold rate
25,1000,10.0000000000000000,137919017.3074255883693695,67552486.9554876238107681
