lambdaBS,lambdaUE,loss_thresh,mean_rate,threshold rate
25,750,70.0000000000000000,168395073.1195701658725739,180820457.1735639870166779
