lambdaBS,lambdaUE,loss_thresh,mean_rate,threshold rate
25,2000,30.0000000000000036,97467207.1818301230669022,56450942.8831275478005409
