lambdaBS,lambdaUE,loss_thresh,mean_rate,threshold rate
25,1000,60.0000000000000000,112573536.7955150455236435,83147747.7259908020496368
