lambdaBS,lambdaUE,loss_thresh,mean_rate,threshold rate
25,750,50.0000000000000000,149686850.3862207829952240,103701227.8842386454343796
