lambdaBS,lambdaUE,loss_thresh,mean_rate,threshold rate
25,2000,40.0000000000000000,61632913.3410553112626076,42335475.2897463813424110
