lambdaBS,lambdaUE,loss_thresh,mean_rate,threshold rate
25,500,30.0000000000000036,232670656.5390791594982147,164088238.4098614156246185
