lambdaBS,lambdaUE,loss_thresh,mean_rate,threshold rate
25,750,90.0000000000000000,199496890.2507174611091614,369947831.2018545866012573
