lambdaBS,lambdaUE,loss_thresh,mean_rate,threshold rate
25,250,40.0000000000000000,293049810.8440539836883545,258494603.4080961346626282
