lambdaBS,lambdaUE,loss_thresh,mean_rate,threshold rate
25,250,10.0000000000000000,275431098.8313042521476746,168848352.1660238504409790
