lambdaBS,lambdaUE,loss_thresh,mean_rate,threshold rate
25,2000,30.0000000000000036,49783326.8764070197939873,32603508.2784668803215027
