lambdaBS,lambdaUE,loss_thresh,mean_rate,threshold rate
25,2000,30.0000000000000036,64079944.1942034736275673,39400582.6499388888478279
