lambdaBS,lambdaUE,loss_thresh,mean_rate,threshold rate
25,1000,10.0000000000000000,118976417.3674478977918625,62782516.5163911357522011
