lambdaBS,lambdaUE,loss_thresh,mean_rate,threshold rate
25,250,70.0000000000000000,274179328.1097429394721985,343767502.6687064766883850
