lambdaBS,lambdaUE,loss_thresh,mean_rate,threshold rate
25,750,20.0000000000000000,120699030.5994547456502914,66825041.7254904508590698
