lambdaBS,lambdaUE,loss_thresh,mean_rate,threshold rate
25,1000,20.0000000000000000,129711416.1369701772928238,74499540.6658966243267059
