lambdaBS,lambdaUE,loss_thresh,mean_rate,threshold rate
25,2000,10.0000000000000000,61761642.0200998857617378,34226783.4780220314860344
