lambdaBS,lambdaUE,loss_thresh,mean_rate,threshold rate
25,2000,50.0000000000000000,38792331.2653004229068756,28673322.7220021933317184
