lambdaBS,lambdaUE,loss_thresh,mean_rate,threshold rate
25,1500,90.0000000000000000,69105429.3689134865999222,111402313.2328399121761322
