lambdaBS,lambdaUE,loss_thresh,mean_rate,threshold rate
25,1500,70.0000000000000000,90678836.6046885997056961,74015401.5159593224525452
