lambdaBS,lambdaUE,loss_thresh,mean_rate,threshold rate
25,750,70.0000000000000000,98790830.1420820355415344,82919321.1718745082616806
