lambdaBS,lambdaUE,loss_thresh,mean_rate,threshold rate
25,1000,30.0000000000000036,137919017.3074255883693695,83976484.7040455043315887
