lambdaBS,lambdaUE,loss_thresh,mean_rate,threshold rate
25,1500,60.0000000000000000,88131446.4134005606174469,65117216.5532808154821396
