lambdaBS,lambdaUE,loss_thresh,mean_rate,threshold rate
25,1000,80.0000000000000000,88812226.1760757416486740,88729964.7404720336198807
