lambdaBS,lambdaUE,loss_thresh,mean_rate,threshold rate
25,750,40.0000000000000000,192398105.9804332554340363,128423949.9840688407421112
