lambdaBS,lambdaUE,loss_thresh,mean_rate,threshold rate
25,500,80.0000000000000000,222994751.6000937521457672,324156517.7687165141105652
