lambdaBS,lambdaUE,loss_thresh,mean_rate,threshold rate
25,500,50.0000000000000000,200117506.6658497452735901,167419112.1112170815467834
