lambdaBS,lambdaUE,loss_thresh,mean_rate,threshold rate
25,500,20.0000000000000000,157582473.0646435916423798,93077206.3628796041011810
