lambdaBS,lambdaUE,loss_thresh,mean_rate,threshold rate
25,250,80.0000000000000000,296574467.2671362757682800,362276087.5630278587341309
