lambdaBS,lambdaUE,loss_thresh,mean_rate,threshold rate
25,250,40.0000000000000000,283907712.6400912404060364,252001289.5631738603115082
