lambdaBS,lambdaUE,loss_thresh,mean_rate,threshold rate
25,750,70.0000000000000000,134951182.6296507716178894,133740286.0556054711341858
