lambdaBS,lambdaUE,loss_thresh,mean_rate,threshold rate
25,2000,90.0000000000000000,65666872.3771683499217033,91303709.7000758051872253
