lambdaBS,lambdaUE,loss_thresh,mean_rate,threshold rate
25,750,30.0000000000000036,124535802.8954550325870514,76517053.5795002281665802
