lambdaBS,lambdaUE,loss_thresh,mean_rate,threshold rate
25,1500,60.0000000000000000,115239469.7292174994945526,90210730.1053806096315384
