lambdaBS,lambdaUE,loss_thresh,mean_rate,threshold rate
25,1500,30.0000000000000036,77273014.3932029157876968,49791136.0557972341775894
