lambdaBS,lambdaUE,loss_thresh,mean_rate,threshold rate
25,500,60.0000000000000000,204140041.3972802162170410,207507585.2337796390056610
