lambdaBS,lambdaUE,loss_thresh,mean_rate,threshold rate
25,1500,50.0000000000000000,103471025.3001089692115784,70552906.6361416876316071
