lambdaBS,lambdaUE,loss_thresh,mean_rate,threshold rate
25,1000,70.0000000000000000,101448867.7225758433341980,86281163.6228848993778229
