lambdaBS,lambdaUE,loss_thresh,mean_rate,threshold rate
25,250,30.0000000000000036,300601995.4441230893135071,251637925.5522055625915527
