lambdaBS,lambdaUE,loss_thresh,mean_rate,threshold rate
25,2000,90.0000000000000000,73749756.5873665809631348,120750667.3572039753198624
