lambdaBS,lambdaUE,loss_thresh,mean_rate,threshold rate
25,500,40.0000000000000000,207015959.3530932366847992,156121794.6216823160648346
