lambdaBS,lambdaUE,loss_thresh,mean_rate,threshold rate
25,250,30.0000000000000036,309686213.5316359400749207,272584115.7479839920997620
