lambdaBS,lambdaUE,loss_thresh,mean_rate,threshold rate
25,250,50.0000000000000000,253997166.0669423639774323,249326355.4838975071907043
