lambdaBS,lambdaUE,loss_thresh,mean_rate,threshold rate
25,1000,60.0000000000000000,113478921.8477745652198792,86644251.2457785755395889
