lambdaBS,lambdaUE,loss_thresh,mean_rate,threshold rate
25,1500,40.0000000000000000,52885256.3798075765371323,34550146.2246955782175064
