lambdaBS,lambdaUE,loss_thresh,mean_rate,threshold rate
25,750,20.0000000000000000,142905587.7171257734298706,83592078.4292650818824768
