lambdaBS,lambdaUE,loss_thresh,mean_rate,threshold rate
25,1500,0.0000000000000000,89364709.6743436306715012,36441936.6175192147493362
