lambdaBS,lambdaUE,loss_thresh,mean_rate,threshold rate
25,750,100.0000000000000000,159301373.5906502008438110,399043044.2728314399719238
