lambdaBS,lambdaUE,loss_thresh,mean_rate,threshold rate
25,2000,50.0000000000000000,55476733.6250363066792488,39159280.9420460686087608
