lambdaBS,lambdaUE,loss_thresh,mean_rate,threshold rate
25,1500,60.0000000000000000,81500970.2790151238441467,60469363.4446560144424438
