lambdaBS,lambdaUE,loss_thresh,mean_rate,threshold rate
25,1000,20.0000000000000000,137694754.5414112210273743,79294969.2681712806224823
