lambdaBS,lambdaUE,loss_thresh,mean_rate,threshold rate
25,1000,80.0000000000000000,103538602.1898398250341415,109941246.3523118048906326
