lambdaBS,lambdaUE,loss_thresh,mean_rate,threshold rate
25,250,60.0000000000000000,283125772.5286636352539062,312878017.8880512714385986
