lambdaBS,lambdaUE,loss_thresh,mean_rate,threshold rate
25,250,40.0000000000000000,266646249.6610763967037201,224686326.9292562603950500
