lambdaBS,lambdaUE,loss_thresh,mean_rate,threshold rate
25,1500,40.0000000000000000,101185487.0637925267219543,64655470.3988807797431946
