lambdaBS,lambdaUE,loss_thresh,mean_rate,threshold rate
25,250,0.0000000000000000,286342088.0961239933967590,155172383.9607267677783966
