lambdaBS,lambdaUE,loss_thresh,mean_rate,threshold rate
25,1500,40.0000000000000000,78590688.9124905318021774,51853648.1723983213305473
