lambdaBS,lambdaUE,loss_thresh,mean_rate,threshold rate
25,250,70.0000000000000000,277455822.2756936550140381,343503270.8555653095245361
