lambdaBS,lambdaUE,loss_thresh,mean_rate,threshold rate
25,500,70.0000000000000000,188991611.3950321078300476,213768979.7935430407524109
