lambdaBS,lambdaUE,loss_thresh,mean_rate,threshold rate
25,2000,10.0000000000000000,58702984.6762075275182724,36536825.5079133957624435
