lambdaBS,lambdaUE,loss_thresh,mean_rate,threshold rate
25,500,80.0000000000000000,160825113.1049457192420959,216640507.9322687089443207
