lambdaBS,lambdaUE,loss_thresh,mean_rate,threshold rate
25,500,0.0000000000000000,147184847.5805005431175232,69584746.7188596576452255
