lambdaBS,lambdaUE,loss_thresh,mean_rate,threshold rate
25,500,50.0000000000000000,222215636.5330757796764374,199038814.4008002877235413
