lambdaBS,lambdaUE,loss_thresh,mean_rate,threshold rate
25,750,50.0000000000000000,115072313.7967611849308014,80142810.4767402708530426
