lambdaBS,lambdaUE,loss_thresh,mean_rate,threshold rate
25,1500,40.0000000000000000,60184069.0373658239841461,39226141.9006046876311302
