lambdaBS,lambdaUE,loss_thresh,mean_rate,threshold rate
25,1000,10.0000000000000000,111472474.2292449176311493,56628798.5734321326017380
