lambdaBS,lambdaUE,loss_thresh,mean_rate,threshold rate
25,750,10.0000000000000000,154826177.5446601808071136,79958499.2450822442770004
