lambdaBS,lambdaUE,loss_thresh,mean_rate,threshold rate
25,1000,60.0000000000000000,83427377.7444459795951843,61102005.4194881543517113
