lambdaBS,lambdaUE,loss_thresh,mean_rate,threshold rate
25,2000,70.0000000000000000,71358643.7283172309398651,54909232.4281612113118172
