lambdaBS,lambdaUE,loss_thresh,mean_rate,threshold rate
25,250,30.0000000000000036,296863002.5110914707183838,250577945.5409016013145447
