lambdaBS,lambdaUE,loss_thresh,mean_rate,threshold rate
25,250,30.0000000000000036,280732767.4952313303947449,225571466.2516040205955505
