lambdaBS,lambdaUE,loss_thresh,mean_rate,threshold rate
25,2000,40.0000000000000000,56148353.5995105504989624,35222769.7534570097923279
