lambdaBS,lambdaUE,loss_thresh,mean_rate,threshold rate
25,2000,70.0000000000000000,56784643.1083457469940186,45636116.7764636799693108
