lambdaBS,lambdaUE,loss_thresh,mean_rate,threshold rate
25,250,50.0000000000000000,277994868.6527094244956970,275652044.8985798358917236
