lambdaBS,lambdaUE,loss_thresh,mean_rate,threshold rate
25,1000,50.0000000000000000,134061764.4645828902721405,91987444.9398902058601379
