lambdaBS,lambdaUE,loss_thresh,mean_rate,threshold rate
25,2000,20.0000000000000000,57186087.7915293499827385,33897775.1137654632329941
