lambdaBS,lambdaUE,loss_thresh,mean_rate,threshold rate
25,2000,80.0000000000000000,66278003.3392788544297218,64707047.9612986892461777
