lambdaBS,lambdaUE,loss_thresh,mean_rate,threshold rate
25,1000,40.0000000000000000,88812226.1760757416486740,59277345.2950544655323029
