lambdaBS,lambdaUE,loss_thresh,mean_rate,threshold rate
25,1000,30.0000000000000036,111472474.2292449176311493,64840898.6190587133169174
