lambdaBS,lambdaUE,loss_thresh,mean_rate,threshold rate
25,500,0.0000000000000000,213971273.7266663908958435,86923993.3950162827968597
