lambdaBS,lambdaUE,loss_thresh,mean_rate,threshold rate
25,1000,90.0000000000000000,93646997.9121973067522049,187957857.2718229889869690
