lambdaBS,lambdaUE,loss_thresh,mean_rate,threshold rate
25,750,60.0000000000000000,158119160.0242304205894470,140332737.1369614601135254
