lambdaBS,lambdaUE,loss_thresh,mean_rate,threshold rate
25,1000,50.0000000000000000,104642690.8279273360967636,71488426.4281666576862335
