lambdaBS,lambdaUE,loss_thresh,mean_rate,threshold rate
25,250,90.0000000000000000,289564156.4327043890953064,391053651.8328439593315125
