lambdaBS,lambdaUE,loss_thresh,mean_rate,threshold rate
25,2000,70.0000000000000000,65966018.1752099320292473,49708342.9382343888282776
