lambdaBS,lambdaUE,loss_thresh,mean_rate,threshold rate
25,500,90.0000000000000000,249273413.3952049016952515,384051120.8815883994102478
