lambdaBS,lambdaUE,loss_thresh,mean_rate,threshold rate
25,1500,60.0000000000000000,75897609.5003102868795395,53212562.5363969802856445
