lambdaBS,lambdaUE,loss_thresh,mean_rate,threshold rate
25,1000,30.0000000000000036,81648340.8879122883081436,49952761.8670685142278671
