lambdaBS,lambdaUE,loss_thresh,mean_rate,threshold rate
25,1500,20.0000000000000000,80121041.7140337824821472,47093463.3308741003274918
