lambdaBS,lambdaUE,loss_thresh,mean_rate,threshold rate
25,1000,60.0000000000000000,109389751.6823235005140305,81114083.3910251706838608
