lambdaBS,lambdaUE,loss_thresh,mean_rate,threshold rate
25,750,30.0000000000000036,153203903.3199640512466431,96397117.9311903715133667
