lambdaBS,lambdaUE,loss_thresh,mean_rate,threshold rate
25,2000,80.0000000000000000,81930753.8390030562877655,82479074.3814286589622498
