lambdaBS,lambdaUE,loss_thresh,mean_rate,threshold rate
25,500,60.0000000000000000,218763509.6631558239459991,215807286.9673422873020172
