lambdaBS,lambdaUE,loss_thresh,mean_rate,threshold rate
25,2000,10.0000000000000000,87932602.9753477573394775,43695260.4922282248735428
