lambdaBS,lambdaUE,loss_thresh,mean_rate,threshold rate
25,500,100.0000000000000000,204957775.3462562561035156,399856905.2470768690109253
