lambdaBS,lambdaUE,loss_thresh,mean_rate,threshold rate
25,500,100.0000000000000000,226426851.0836409926414490,399840501.2517903447151184
