lambdaBS,lambdaUE,loss_thresh,mean_rate,threshold rate
25,750,20.0000000000000000,177295295.2033334374427795,105690415.0997346639633179
