lambdaBS,lambdaUE,loss_thresh,mean_rate,threshold rate
25,750,10.0000000000000000,168395073.1195701658725739,92451461.4721959829330444
