lambdaBS,lambdaUE,loss_thresh,mean_rate,threshold rate
25,750,90.0000000000000000,115072313.7967611849308014,257364393.5054528117179871
