lambdaBS,lambdaUE,loss_thresh,mean_rate,threshold rate
25,1500,30.0000000000000036,75684603.2912701815366745,47164270.2404503524303436
