lambdaBS,lambdaUE,loss_thresh,mean_rate,threshold rate
25,500,100.0000000000000000,169766361.8417476415634155,399921761.8034093976020813
