lambdaBS,lambdaUE,loss_thresh,mean_rate,threshold rate
25,750,30.0000000000000036,166550955.6694678664207458,111334594.5980351269245148
