lambdaBS,lambdaUE,loss_thresh,mean_rate,threshold rate
25,750,100.0000000000000000,145034545.0254938602447510,399891670.3930873870849609
