lambdaBS,lambdaUE,loss_thresh,mean_rate,threshold rate
25,250,100.0000000000000000,301100846.2533439993858337,397932199.0040066242218018
