lambdaBS,lambdaUE,loss_thresh,mean_rate,threshold rate
25,500,90.0000000000000000,222215636.5330757796764374,367550278.7038411498069763
