lambdaBS,lambdaUE,loss_thresh,mean_rate,threshold rate
25,1000,30.0000000000000036,106319852.4506192058324814,61763511.6090893745422363
