lambdaBS,lambdaUE,loss_thresh,mean_rate,threshold rate
25,750,80.0000000000000000,152086793.6128051578998566,214827996.6983454227447510
