lambdaBS,lambdaUE,loss_thresh,mean_rate,threshold rate
25,1500,80.0000000000000000,62389404.5437618717551231,55875908.4525859579443932
