lambdaBS,lambdaUE,loss_thresh,mean_rate,threshold rate
25,1000,20.0000000000000000,100035443.1928832232952118,57927321.1644476950168610
