lambdaBS,lambdaUE,loss_thresh,mean_rate,threshold rate
25,750,30.0000000000000036,153198712.8203188180923462,95020863.4892464727163315
