lambdaBS,lambdaUE,loss_thresh,mean_rate,threshold rate
25,250,90.0000000000000000,227825158.3172380924224854,359375653.1220947504043579
