lambdaBS,lambdaUE,loss_thresh,mean_rate,threshold rate
25,1500,100.0000000000000000,116063919.8313247710466385,399864863.9717751741409302
