lambdaBS,lambdaUE,loss_thresh,mean_rate,threshold rate
25,2000,30.0000000000000036,57186087.7915293499827385,35944806.5910258889198303
