lambdaBS,lambdaUE,loss_thresh,mean_rate,threshold rate
25,750,90.0000000000000000,199707429.1686598360538483,370735807.4825354218482971
