lambdaBS,lambdaUE,loss_thresh,mean_rate,threshold rate
25,250,10.0000000000000000,271810300.9025349020957947,179171930.0928867757320404
