lambdaBS,lambdaUE,loss_thresh,mean_rate,threshold rate
25,1000,50.0000000000000000,98914069.4826032370328903,66943633.4777215868234634
