lambdaBS,lambdaUE,loss_thresh,mean_rate,threshold rate
25,250,10.0000000000000000,280732767.4952313303947449,175129397.3070649504661560
