lambdaBS,lambdaUE,loss_thresh,mean_rate,threshold rate
25,250,60.0000000000000000,294667406.6752005219459534,322977194.3114628791809082
