lambdaBS,lambdaUE,loss_thresh,mean_rate,threshold rate
25,750,10.0000000000000000,155637274.1525279581546783,81597952.4229829609394073
