lambdaBS,lambdaUE,loss_thresh,mean_rate,threshold rate
25,1000,80.0000000000000000,99860445.4965724349021912,111611593.5171055942773819
