lambdaBS,lambdaUE,loss_thresh,mean_rate,threshold rate
25,1000,100.0000000000000000,95129199.3819804489612579,398807935.7154413461685181
