lambdaBS,lambdaUE,loss_thresh,mean_rate,threshold rate
25,750,100.0000000000000000,139637540.1970115602016449,399902808.4408479332923889
