lambdaBS,lambdaUE,loss_thresh,mean_rate,threshold rate
25,500,20.0000000000000000,206814532.6901633739471436,127408139.6488341838121414
