lambdaBS,lambdaUE,loss_thresh,mean_rate,threshold rate
25,250,10.0000000000000000,282705265.7705399990081787,178130865.7323570251464844
