lambdaBS,lambdaUE,loss_thresh,mean_rate,threshold rate
25,750,100.0000000000000000,150346419.1019440889358521,399833037.7593932151794434
