lambdaBS,lambdaUE,loss_thresh,mean_rate,threshold rate
25,1000,40.0000000000000000,120799011.2299765646457672,80947042.2813310027122498
