lambdaBS,lambdaUE,loss_thresh,mean_rate,threshold rate
25,1500,10.0000000000000000,68718540.8915736228227615,42735085.9181123673915863
