lambdaBS,lambdaUE,loss_thresh,mean_rate,threshold rate
25,2000,40.0000000000000000,53611676.5190386399626732,33376147.1056876368820667
