lambdaBS,lambdaUE,loss_thresh,mean_rate,threshold rate
25,1000,10.0000000000000000,182141719.9945314526557922,95325142.6952393203973770
