lambdaBS,lambdaUE,loss_thresh,mean_rate,threshold rate
25,1000,10.0000000000000000,138660678.4872659146785736,65049155.7873070389032364
