lambdaBS,lambdaUE,loss_thresh,mean_rate,threshold rate
25,250,20.0000000000000000,253185220.4067657887935638,176783501.2428796589374542
