lambdaBS,lambdaUE,loss_thresh,mean_rate,threshold rate
25,1500,0.0000000000000000,89466719.7626030743122101,29160581.1160499639809132
