lambdaBS,lambdaUE,loss_thresh,mean_rate,threshold rate
25,2000,30.0000000000000036,56889127.1473166272044182,35759371.1861879825592041
