lambdaBS,lambdaUE,loss_thresh,mean_rate,threshold rate
25,2000,80.0000000000000000,38792331.2653004229068756,33828765.6460104361176491
