lambdaBS,lambdaUE,loss_thresh,mean_rate,threshold rate
25,2000,70.0000000000000000,49354709.1278658732771873,39039262.6709825247526169
