lambdaBS,lambdaUE,loss_thresh,mean_rate,threshold rate
25,2000,30.0000000000000036,62300538.9624994173645973,37204426.8158553019165993
