lambdaBS,lambdaUE,loss_thresh,mean_rate,threshold rate
25,1500,10.0000000000000000,91460685.8948157727718353,47123216.4601151347160339
