lambdaBS,lambdaUE,loss_thresh,mean_rate,threshold rate
25,250,40.0000000000000000,299332505.5781394839286804,283228897.5057624578475952
