lambdaBS,lambdaUE,loss_thresh,mean_rate,threshold rate
25,250,10.0000000000000000,242677647.4639374315738678,143107943.7993332743644714
