lambdaBS,lambdaUE,loss_thresh,mean_rate,threshold rate
25,500,70.0000000000000000,147387617.5816494226455688,147991681.4015048742294312
