lambdaBS,lambdaUE,loss_thresh,mean_rate,threshold rate
25,1500,80.0000000000000000,79816489.1934691220521927,75380966.1686908751726151
