lambdaBS,lambdaUE,loss_thresh,mean_rate,threshold rate
25,2000,20.0000000000000000,42868567.6925612911581993,25381158.3226614519953728
