lambdaBS,lambdaUE,loss_thresh,mean_rate,threshold rate
25,250,20.0000000000000000,264182215.2268611490726471,184249934.1618669033050537
