lambdaBS,lambdaUE,loss_thresh,mean_rate,threshold rate
25,500,0.0000000000000000,156951852.2852806746959686,78647179.0066782832145691
