lambdaBS,lambdaUE,loss_thresh,mean_rate,threshold rate
25,250,60.0000000000000000,274625506.3686826229095459,294320483.9259325861930847
