lambdaBS,lambdaUE,loss_thresh,mean_rate,threshold rate
25,750,70.0000000000000000,143733879.0912370979785919,138130446.4563077092170715
