lambdaBS,lambdaUE,loss_thresh,mean_rate,threshold rate
25,500,10.0000000000000000,183309490.6228809952735901,105084666.3346050381660461
