lambdaBS,lambdaUE,loss_thresh,mean_rate,threshold rate
25,500,80.0000000000000000,178828950.3131666779518127,239313711.0989179015159607
