lambdaBS,lambdaUE,loss_thresh,mean_rate,threshold rate
25,2000,30.0000000000000036,73887281.6468609869480133,48575670.3872067853808403
