lambdaBS,lambdaUE,loss_thresh,mean_rate,threshold rate
25,1000,20.0000000000000000,139020875.1377535760402679,76431078.5360479950904846
