lambdaBS,lambdaUE,loss_thresh,mean_rate,threshold rate
25,1000,0.0000000000000000,80090887.6745335310697556,30955937.0434794090688229
