lambdaBS,lambdaUE,loss_thresh,mean_rate,threshold rate
25,2000,80.0000000000000000,44935888.3266390934586525,37832439.0818184316158295
