lambdaBS,lambdaUE,loss_thresh,mean_rate,threshold rate
25,250,20.0000000000000000,309686213.5316359400749207,229921643.0176245868206024
