lambdaBS,lambdaUE,loss_thresh,mean_rate,threshold rate
25,1500,60.0000000000000000,79816489.1934691220521927,59552839.7154573798179626
