lambdaBS,lambdaUE,loss_thresh,mean_rate,threshold rate
25,500,10.0000000000000000,230025780.0667336583137512,135538839.6191995739936829
