lambdaBS,lambdaUE,loss_thresh,mean_rate,threshold rate
25,2000,70.0000000000000000,65059012.4319120869040489,53201324.1956740170717239
