lambdaBS,lambdaUE,loss_thresh,mean_rate,threshold rate
25,2000,50.0000000000000000,57186087.7915293499827385,40336847.9663567841053009
