lambdaBS,lambdaUE,loss_thresh,mean_rate,threshold rate
25,2000,30.0000000000000036,57087204.3670031502842903,37141264.6374021768569946
