lambdaBS,lambdaUE,loss_thresh,mean_rate,threshold rate
25,750,40.0000000000000000,199707429.1686598360538483,133030146.3880436122417450
