lambdaBS,lambdaUE,loss_thresh,mean_rate,threshold rate
25,1000,80.0000000000000000,80090887.6745335310697556,78974538.7305406779050827
