lambdaBS,lambdaUE,loss_thresh,mean_rate,threshold rate
25,1500,90.0000000000000000,99561452.4301052689552307,201528145.9554231166839600
