lambdaBS,lambdaUE,loss_thresh,mean_rate,threshold rate
25,2000,10.0000000000000000,47970043.1779759377241135,26465338.4997089058160782
