lambdaBS,lambdaUE,loss_thresh,mean_rate,threshold rate
25,500,60.0000000000000000,233014539.2559989094734192,250265938.8147663176059723
