lambdaBS,lambdaUE,loss_thresh,mean_rate,threshold rate
25,1500,100.0000000000000000,74383799.8107198923826218,399846885.0731821060180664
