lambdaBS,lambdaUE,loss_thresh,mean_rate,threshold rate
25,250,60.0000000000000000,275498188.9532374143600464,306946926.2089821100234985
