lambdaBS,lambdaUE,loss_thresh,mean_rate,threshold rate
25,1500,40.0000000000000000,75470483.9172180294990540,48682537.9386904686689377
