lambdaBS,lambdaUE,loss_thresh,mean_rate,threshold rate
25,1000,60.0000000000000000,118226441.7022977024316788,87614974.5223940014839172
