lambdaBS,lambdaUE,loss_thresh,mean_rate,threshold rate
25,1500,0.0000000000000000,85543066.2445224225521088,26679114.9360616579651833
