lambdaBS,lambdaUE,loss_thresh,mean_rate,threshold rate
25,2000,90.0000000000000000,66007976.8784482181072235,112641422.0166085064411163
