lambdaBS,lambdaUE,loss_thresh,mean_rate,threshold rate
25,250,60.0000000000000000,296574467.2671362757682800,324087015.6603500843048096
