lambdaBS,lambdaUE,loss_thresh,mean_rate,threshold rate
25,1000,30.0000000000000036,105326884.5751594752073288,65549840.4667771607637405
