lambdaBS,lambdaUE,loss_thresh,mean_rate,threshold rate
25,500,40.0000000000000000,222126892.1069528460502625,172848437.4440014064311981
