lambdaBS,lambdaUE,loss_thresh,mean_rate,threshold rate
25,2000,50.0000000000000000,87932602.9753477573394775,61738509.6325056403875351
