lambdaBS,lambdaUE,loss_thresh,mean_rate,threshold rate
25,750,60.0000000000000000,177295295.2033334374427795,160618088.4069174528121948
