lambdaBS,lambdaUE,loss_thresh,mean_rate,threshold rate
25,500,100.0000000000000000,256371731.6315537989139557,399764539.1221556663513184
