lambdaBS,lambdaUE,loss_thresh,mean_rate,threshold rate
25,2000,100.0000000000000000,51721079.6352816298604012,399374130.7800955772399902
