lambdaBS,lambdaUE,loss_thresh,mean_rate,threshold rate
25,2000,90.0000000000000000,42868567.6925612911581993,44547172.6207959353923798
