lambdaBS,lambdaUE,loss_thresh,mean_rate,threshold rate
25,2000,20.0000000000000000,73371870.8934513032436371,43260177.1202555745840073
