lambdaBS,lambdaUE,loss_thresh,mean_rate,threshold rate
25,1000,40.0000000000000000,111568575.4929027706384659,72416414.1261798590421677
