lambdaBS,lambdaUE,loss_thresh,mean_rate,threshold rate
25,250,20.0000000000000000,303594684.2354417443275452,222647388.0867008268833160
