lambdaBS,lambdaUE,loss_thresh,mean_rate,threshold rate
25,1000,100.0000000000000000,85722231.1941309869289398,397175347.3257196545600891
