lambdaBS,lambdaUE,loss_thresh,mean_rate,threshold rate
25,2000,90.0000000000000000,42136691.0408588349819183,43771757.4921438843011856
