lambdaBS,lambdaUE,loss_thresh,mean_rate,threshold rate
25,750,50.0000000000000000,139222004.5197342634201050,98611593.0044240653514862
