lambdaBS,lambdaUE,loss_thresh,mean_rate,threshold rate
25,1000,20.0000000000000000,118226441.7022977024316788,68917478.9053552448749542
