lambdaBS,lambdaUE,loss_thresh,mean_rate,threshold rate
25,750,40.0000000000000000,196806957.2354021370410919,140213364.1134736239910126
