lambdaBS,lambdaUE,loss_thresh,mean_rate,threshold rate
25,750,100.0000000000000000,199496890.2507174611091614,399066986.5687099695205688
