lambdaBS,lambdaUE,loss_thresh,mean_rate,threshold rate
25,2000,100.0000000000000000,45305208.7174745053052902,399772432.7194548845291138
