lambdaBS,lambdaUE,loss_thresh,mean_rate,threshold rate
25,1000,70.0000000000000000,90200644.4742006659507751,71605201.4978894293308258
