lambdaBS,lambdaUE,loss_thresh,mean_rate,threshold rate
25,2000,70.0000000000000000,40128318.7311688065528870,30580145.2542267665266991
