lambdaBS,lambdaUE,loss_thresh,mean_rate,threshold rate
25,750,50.0000000000000000,152086793.6128051578998566,112687377.1381527334451675
