lambdaBS,lambdaUE,loss_thresh,mean_rate,threshold rate
25,1000,70.0000000000000000,106537997.8191786259412766,90978169.8489255309104919
