lambdaBS,lambdaUE,loss_thresh,mean_rate,threshold rate
25,1500,30.0000000000000036,118317947.7809313684701920,74671016.6617126017808914
