lambdaBS,lambdaUE,loss_thresh,mean_rate,threshold rate
25,750,60.0000000000000000,149947925.1653344929218292,121350166.6177469193935394
