lambdaBS,lambdaUE,loss_thresh,mean_rate,threshold rate
25,2000,80.0000000000000000,42868567.6925612911581993,36918271.4779954999685287
