lambdaBS,lambdaUE,loss_thresh,mean_rate,threshold rate
25,1500,60.0000000000000000,47901062.3952187970280647,34818533.6466414928436279
