lambdaBS,lambdaUE,loss_thresh,mean_rate,threshold rate
25,750,70.0000000000000000,137935430.2246192991733551,129731470.8087577223777771
