lambdaBS,lambdaUE,loss_thresh,mean_rate,threshold rate
25,250,60.0000000000000000,284183330.5342071056365967,318420636.3466732501983643
