lambdaBS,lambdaUE,loss_thresh,mean_rate,threshold rate
25,500,60.0000000000000000,204957775.3462562561035156,203641492.8985641002655029
