lambdaBS,lambdaUE,loss_thresh,mean_rate,threshold rate
25,1500,10.0000000000000000,75684603.2912701815366745,41620808.8662709295749664
