lambdaBS,lambdaUE,loss_thresh,mean_rate,threshold rate
25,1000,80.0000000000000000,108372620.3200024515390396,133054466.1834045648574829
