lambdaBS,lambdaUE,loss_thresh,mean_rate,threshold rate
25,750,40.0000000000000000,163359988.1878515779972076,111853603.9765200316905975
