lambdaBS,lambdaUE,loss_thresh,mean_rate,threshold rate
25,250,70.0000000000000000,284183330.5342071056365967,349642067.2530792951583862
