lambdaBS,lambdaUE,loss_thresh,mean_rate,threshold rate
25,1500,90.0000000000000000,74605920.9676925241947174,139429440.4986419081687927
