lambdaBS,lambdaUE,loss_thresh,mean_rate,threshold rate
25,2000,40.0000000000000000,45305208.7174745053052902,29974009.7065325826406479
