lambdaBS,lambdaUE,loss_thresh,mean_rate,threshold rate
25,1000,70.0000000000000000,104522928.6809184551239014,86461350.2891132831573486
