lambdaBS,lambdaUE,loss_thresh,mean_rate,threshold rate
25,1500,70.0000000000000000,54734545.1460508033633232,42405048.0335515439510345
