lambdaBS,lambdaUE,loss_thresh,mean_rate,threshold rate
25,1000,10.0000000000000000,92416432.1329274475574493,47894436.2854586914181709
