lambdaBS,lambdaUE,loss_thresh,mean_rate,threshold rate
25,2000,90.0000000000000000,57087204.3670031502842903,75868568.7365066558122635
