lambdaBS,lambdaUE,loss_thresh,mean_rate,threshold rate
25,250,70.0000000000000000,227825158.3172380924224854,282634381.3219892978668213
