lambdaBS,lambdaUE,loss_thresh,mean_rate,threshold rate
25,250,30.0000000000000036,277564207.0828672647476196,225132802.0717502832412720
