lambdaBS,lambdaUE,loss_thresh,mean_rate,threshold rate
25,1500,100.0000000000000000,115239469.7292174994945526,399488349.9338437318801880
