lambdaBS,lambdaUE,loss_thresh,mean_rate,threshold rate
25,500,50.0000000000000000,212357953.0745219290256500,181576941.3133185505867004
