lambdaBS,lambdaUE,loss_thresh,mean_rate,threshold rate
25,750,100.0000000000000000,172500979.9761629700660706,399616620.8772404789924622
