lambdaBS,lambdaUE,loss_thresh,mean_rate,threshold rate
25,250,40.0000000000000000,311136731.1613894104957581,288903043.0824753642082214
