lambdaBS,lambdaUE,loss_thresh,mean_rate,threshold rate
25,1000,10.0000000000000000,126501931.6392095535993576,67996237.4448677003383636
