lambdaBS,lambdaUE,loss_thresh,mean_rate,threshold rate
25,2000,90.0000000000000000,40128318.7311688065528870,36254672.0699990838766098
