lambdaBS,lambdaUE,loss_thresh,mean_rate,threshold rate
25,500,40.0000000000000000,236112254.3286349475383759,191735849.7183460891246796
