lambdaBS,lambdaUE,loss_thresh,mean_rate,threshold rate
25,500,100.0000000000000000,206814532.6901633739471436,399762771.9669238924980164
