lambdaBS,lambdaUE,loss_thresh,mean_rate,threshold rate
25,1000,100.0000000000000000,122483095.9288169890642166,399685010.2698485255241394
