lambdaBS,lambdaUE,loss_thresh,mean_rate,threshold rate
25,250,40.0000000000000000,304547412.2497818470001221,293137364.5243772864341736
