lambdaBS,lambdaUE,loss_thresh,mean_rate,threshold rate
25,750,50.0000000000000000,144227377.7009856700897217,98466984.1603401005268097
