lambdaBS,lambdaUE,loss_thresh,mean_rate,threshold rate
25,250,80.0000000000000000,291223714.7254930138587952,367316507.4685924053192139
