lambdaBS,lambdaUE,loss_thresh,mean_rate,threshold rate
25,500,40.0000000000000000,195590553.7730862498283386,136656611.6373084485530853
