lambdaBS,lambdaUE,loss_thresh,mean_rate,threshold rate
25,250,60.0000000000000000,307460330.0645127892494202,350200692.2373867034912109
