lambdaBS,lambdaUE,loss_thresh,mean_rate,threshold rate
25,500,100.0000000000000000,186607459.9680850803852081,399984694.4989019632339478
