lambdaBS,lambdaUE,loss_thresh,mean_rate,threshold rate
25,1000,70.0000000000000000,128178526.0993956923484802,113978134.0508521050214767
