lambdaBS,lambdaUE,loss_thresh,mean_rate,threshold rate
25,1000,50.0000000000000000,97667317.5592616945505142,68178969.4145790934562683
