lambdaBS,lambdaUE,loss_thresh,mean_rate,threshold rate
25,1000,90.0000000000000000,102167493.6697952896356583,211912580.0364558100700378
