lambdaBS,lambdaUE,loss_thresh,mean_rate,threshold rate
25,500,100.0000000000000000,193741417.5633775889873505,399952269.6309370994567871
