lambdaBS,lambdaUE,loss_thresh,mean_rate,threshold rate
25,1500,90.0000000000000000,69316872.9499998241662979,103664894.7225053757429123
