lambdaBS,lambdaUE,loss_thresh,mean_rate,threshold rate
25,2000,90.0000000000000000,73371870.8934513032436371,118608155.9981998056173325
