lambdaBS,lambdaUE,loss_thresh,mean_rate,threshold rate
25,1500,0.0000000000000000,80843512.6108797043561935,31387173.3222403638064861
