lambdaBS,lambdaUE,loss_thresh,mean_rate,threshold rate
25,2000,90.0000000000000000,86273476.0627824366092682,172393748.2399848103523254
