lambdaBS,lambdaUE,loss_thresh,mean_rate,threshold rate
25,1500,80.0000000000000000,67382523.1430252790451050,59728172.1225363016128540
