lambdaBS,lambdaUE,loss_thresh,mean_rate,threshold rate
25,2000,30.0000000000000036,58702984.6762075275182724,41677980.6223877221345901
