lambdaBS,lambdaUE,loss_thresh,mean_rate,threshold rate
25,750,90.0000000000000000,157017060.4377644658088684,335541617.1891270279884338
