lambdaBS,lambdaUE,loss_thresh,mean_rate,threshold rate
25,750,10.0000000000000000,157017060.4377644658088684,85290861.2456038743257523
