lambdaBS,lambdaUE,loss_thresh,mean_rate,threshold rate
25,250,80.0000000000000000,296176002.5036040544509888,375269215.6297534704208374
