lambdaBS,lambdaUE,loss_thresh,mean_rate,threshold rate
25,750,60.0000000000000000,152086793.6128051578998566,125984120.1597785651683807
