lambdaBS,lambdaUE,loss_thresh,mean_rate,threshold rate
25,500,70.0000000000000000,193404125.1742516160011292,240330757.1886313557624817
