lambdaBS,lambdaUE,loss_thresh,mean_rate,threshold rate
25,2000,40.0000000000000000,58001672.2311887219548225,39750144.3300652652978897
