lambdaBS,lambdaUE,loss_thresh,mean_rate,threshold rate
25,250,40.0000000000000000,290745828.2018916010856628,274055467.0877436399459839
