lambdaBS,lambdaUE,loss_thresh,mean_rate,threshold rate
25,2000,50.0000000000000000,49952095.1488297507166862,34077259.0659761130809784
