lambdaBS,lambdaUE,loss_thresh,mean_rate,threshold rate
25,250,0.0000000000000000,283907712.6400912404060364,132659798.4587929099798203
