lambdaBS,lambdaUE,loss_thresh,mean_rate,threshold rate
25,750,10.0000000000000000,107188527.8131493777036667,61786084.4910048767924309
