lambdaBS,lambdaUE,loss_thresh,mean_rate,threshold rate
25,1500,70.0000000000000000,93763357.6442786455154419,74130648.2134909033775330
