lambdaBS,lambdaUE,loss_thresh,mean_rate,threshold rate
25,250,10.0000000000000000,296863002.5110914707183838,194184762.3252257108688354
