lambdaBS,lambdaUE,loss_thresh,mean_rate,threshold rate
25,250,60.0000000000000000,304547412.2497818470001221,338676227.3152791857719421
