lambdaBS,lambdaUE,loss_thresh,mean_rate,threshold rate
25,2000,90.0000000000000000,56784643.1083457469940186,84346032.0796543806791306
