lambdaBS,lambdaUE,loss_thresh,mean_rate,threshold rate
25,1000,20.0000000000000000,129331404.1830827593803406,75148212.2022541761398315
