lambdaBS,lambdaUE,loss_thresh,mean_rate,threshold rate
25,1500,70.0000000000000000,65723562.7735048681497574,54834135.1232080385088921
