lambdaBS,lambdaUE,loss_thresh,mean_rate,threshold rate
25,250,30.0000000000000036,311136731.1613894104957581,277976755.9546747803688049
