lambdaBS,lambdaUE,loss_thresh,mean_rate,threshold rate
25,1000,60.0000000000000000,122439636.0881149470806122,94674499.7161185145378113
