lambdaBS,lambdaUE,loss_thresh,mean_rate,threshold rate
25,250,90.0000000000000000,315248652.3834155797958374,393056075.3763117194175720
