lambdaBS,lambdaUE,loss_thresh,mean_rate,threshold rate
25,250,50.0000000000000000,286444241.0471339821815491,297072563.8306817412376404
