lambdaBS,lambdaUE,loss_thresh,mean_rate,threshold rate
25,1000,10.0000000000000000,126299774.7028612494468689,65994483.4462561979889870
