lambdaBS,lambdaUE,loss_thresh,mean_rate,threshold rate
25,500,30.0000000000000036,176673053.5490611493587494,109503494.7698464542627335
