lambdaBS,lambdaUE,loss_thresh,mean_rate,threshold rate
25,2000,90.0000000000000000,64079944.1942034736275673,95078230.5673170387744904
