lambdaBS,lambdaUE,loss_thresh,mean_rate,threshold rate
25,1000,40.0000000000000000,111737141.4455456435680389,74256640.7085603922605515
