lambdaBS,lambdaUE,loss_thresh,mean_rate,threshold rate
25,2000,90.0000000000000000,69437306.8819510489702225,120744559.2474290281534195
