lambdaBS,lambdaUE,loss_thresh,mean_rate,threshold rate
25,750,20.0000000000000000,145335754.2808541059494019,90993983.2268821597099304
