lambdaBS,lambdaUE,loss_thresh,mean_rate,threshold rate
25,1500,50.0000000000000000,75120587.7769700735807419,51192834.0761983394622803
