lambdaBS,lambdaUE,loss_thresh,mean_rate,threshold rate
25,1500,30.0000000000000036,81500970.2790151238441467,49869375.3608162924647331
