lambdaBS,lambdaUE,loss_thresh,mean_rate,threshold rate
25,1500,30.0000000000000036,87984004.9698738157749176,54150679.0268337428569794
