lambdaBS,lambdaUE,loss_thresh,mean_rate,threshold rate
25,1500,70.0000000000000000,72028693.9188253432512283,56477062.6508965641260147
