lambdaBS,lambdaUE,loss_thresh,mean_rate,threshold rate
25,2000,90.0000000000000000,55961653.3258567973971367,69643922.7628297358751297
