lambdaBS,lambdaUE,loss_thresh,mean_rate,threshold rate
25,750,0.0000000000000000,159301373.5906502008438110,63582199.3841476365923882
