lambdaBS,lambdaUE,loss_thresh,mean_rate,threshold rate
25,1500,20.0000000000000000,120905410.4253394901752472,58081774.9023100882768631
