lambdaBS,lambdaUE,loss_thresh,mean_rate,threshold rate
25,1500,50.0000000000000000,74383799.8107198923826218,51778934.3319735378026962
