lambdaBS,lambdaUE,loss_thresh,mean_rate,threshold rate
25,1500,90.0000000000000000,60184069.0373658239841461,82597282.0905361175537109
