lambdaBS,lambdaUE,loss_thresh,mean_rate,threshold rate
25,1000,100.0000000000000000,67855215.6360788047313690,398643956.7724824547767639
