lambdaBS,lambdaUE,loss_thresh,mean_rate,threshold rate
25,2000,30.0000000000000036,66278003.3392788544297218,39902055.9616478309035301
