lambdaBS,lambdaUE,loss_thresh,mean_rate,threshold rate
25,250,80.0000000000000000,294318618.9243327975273132,362835193.1821379065513611
