lambdaBS,lambdaUE,loss_thresh,mean_rate,threshold rate
25,500,80.0000000000000000,257898345.5196865200996399,342201269.4015527963638306
