lambdaBS,lambdaUE,loss_thresh,mean_rate,threshold rate
25,1000,0.0000000000000000,111568575.4929027706384659,43619177.0962815955281258
