lambdaBS,lambdaUE,loss_thresh,mean_rate,threshold rate
25,250,30.0000000000000036,289564156.4327043890953064,233992484.5325990021228790
