lambdaBS,lambdaUE,loss_thresh,mean_rate,threshold rate
25,750,0.0000000000000000,170777532.0917022824287415,66335751.0834200754761696
