lambdaBS,lambdaUE,loss_thresh,mean_rate,threshold rate
25,250,80.0000000000000000,283125772.5286636352539062,370617372.6896510124206543
