lambdaBS,lambdaUE,loss_thresh,mean_rate,threshold rate
25,1500,80.0000000000000000,101185487.0637925267219543,113170391.3530106544494629
