lambdaBS,lambdaUE,loss_thresh,mean_rate,threshold rate
25,2000,40.0000000000000000,56090337.9564635455608368,36981052.3954144939780235
