lambdaBS,lambdaUE,loss_thresh,mean_rate,threshold rate
25,2000,60.0000000000000000,66974819.0820897296071053,45973749.2205417081713676
