lambdaBS,lambdaUE,loss_thresh,mean_rate,threshold rate
25,500,90.0000000000000000,159687712.3017172217369080,332136717.1921423077583313
