lambdaBS,lambdaUE,loss_thresh,mean_rate,threshold rate
25,250,10.0000000000000000,308098058.5486901998519897,201252058.1682450771331787
