lambdaBS,lambdaUE,loss_thresh,mean_rate,threshold rate
25,750,0.0000000000000000,125554415.0458351373672485,47224715.4805029407143593
