lambdaBS,lambdaUE,loss_thresh,mean_rate,threshold rate
25,750,80.0000000000000000,153189547.8606058657169342,212102498.1097078919410706
