lambdaBS,lambdaUE,loss_thresh,mean_rate,threshold rate
25,500,100.0000000000000000,183309490.6228809952735901,399598945.7472494840621948
