lambdaBS,lambdaUE,loss_thresh,mean_rate,threshold rate
25,1000,20.0000000000000000,81648340.8879122883081436,46874188.2114490568637848
