lambdaBS,lambdaUE,loss_thresh,mean_rate,threshold rate
25,250,70.0000000000000000,316994527.7789049148559570,359956834.4431557059288025
