lambdaBS,lambdaUE,loss_thresh,mean_rate,threshold rate
25,250,30.0000000000000036,290335956.9735071063041687,253394908.5574526190757751
