lambdaBS,lambdaUE,loss_thresh,mean_rate,threshold rate
25,500,10.0000000000000000,189683685.9448018670082092,100808871.4074845463037491
