lambdaBS,lambdaUE,loss_thresh,mean_rate,threshold rate
25,1000,80.0000000000000000,123765855.4814504235982895,140027506.5095885992050171
