lambdaBS,lambdaUE,loss_thresh,mean_rate,threshold rate
25,2000,80.0000000000000000,63383674.5002592131495476,53296282.3615460693836212
