lambdaBS,lambdaUE,loss_thresh,mean_rate,threshold rate
25,250,50.0000000000000000,275498188.9532374143600464,267782925.2387349903583527
