lambdaBS,lambdaUE,loss_thresh,mean_rate,threshold rate
25,1500,40.0000000000000000,65723562.7735048681497574,47070125.0076986253261566
