lambdaBS,lambdaUE,loss_thresh,mean_rate,threshold rate
25,1000,20.0000000000000000,105326884.5751594752073288,62324806.3695348948240280
