lambdaBS,lambdaUE,loss_thresh,mean_rate,threshold rate
25,1000,70.0000000000000000,118976417.3674478977918625,105859838.2945211529731750
