lambdaBS,lambdaUE,loss_thresh,mean_rate,threshold rate
25,750,70.0000000000000000,139222004.5197342634201050,134230102.6495833098888397
