lambdaBS,lambdaUE,loss_thresh,mean_rate,threshold rate
25,250,100.0000000000000000,310938424.8790909051895142,399634652.3836853504180908
