lambdaBS,lambdaUE,loss_thresh,mean_rate,threshold rate
25,1500,40.0000000000000000,58577805.9608336016535759,39883759.5415634587407112
