lambdaBS,lambdaUE,loss_thresh,mean_rate,threshold rate
25,250,10.0000000000000000,298981477.9053134322166443,200065233.3900574743747711
