lambdaBS,lambdaUE,loss_thresh,mean_rate,threshold rate
25,500,100.0000000000000000,204311716.0876972377300262,399374326.6662964820861816
