lambdaBS,lambdaUE,loss_thresh,mean_rate,threshold rate
25,1000,100.0000000000000000,144087980.7628902792930603,399549888.7710446715354919
