lambdaBS,lambdaUE,loss_thresh,mean_rate,threshold rate
25,750,70.0000000000000000,170924857.5760799646377563,180621303.0548655688762665
