lambdaBS,lambdaUE,loss_thresh,mean_rate,threshold rate
25,2000,0.0000000000000000,68132408.6019668430089951,28305523.7748157791793346
