lambdaBS,lambdaUE,loss_thresh,mean_rate,threshold rate
25,1000,50.0000000000000000,76853562.4266330301761627,50822511.9286723509430885
