lambdaBS,lambdaUE,loss_thresh,mean_rate,threshold rate
25,500,40.0000000000000000,160825113.1049457192420959,114498516.1811787337064743
