lambdaBS,lambdaUE,loss_thresh,mean_rate,threshold rate
25,2000,70.0000000000000000,62500224.8074901923537254,48743789.6490411087870598
