lambdaBS,lambdaUE,loss_thresh,mean_rate,threshold rate
25,500,100.0000000000000000,156951852.2852806746959686,399526553.5326611399650574
