lambdaBS,lambdaUE,loss_thresh,mean_rate,threshold rate
25,750,30.0000000000000036,164735575.7048147618770599,104852523.0637460201978683
