lambdaBS,lambdaUE,loss_thresh,mean_rate,threshold rate
25,1000,90.0000000000000000,129159106.8489950001239777,299756807.9872626066207886
