lambdaBS,lambdaUE,loss_thresh,mean_rate,threshold rate
25,750,80.0000000000000000,115811678.0706593245267868,137162689.8761746883392334
