lambdaBS,lambdaUE,loss_thresh,mean_rate,threshold rate
25,1500,30.0000000000000036,62389404.5437618717551231,39090900.3464811444282532
