lambdaBS,lambdaUE,loss_thresh,mean_rate,threshold rate
25,750,30.0000000000000036,136120457.0908496379852295,83640996.1724556833505630
