lambdaBS,lambdaUE,loss_thresh,mean_rate,threshold rate
25,500,60.0000000000000000,222994751.6000937521457672,232808248.5448786616325378
