lambdaBS,lambdaUE,loss_thresh,mean_rate,threshold rate
25,1500,50.0000000000000000,53112722.3691986650228500,37386689.8202890604734421
