lambdaBS,lambdaUE,loss_thresh,mean_rate,threshold rate
25,1500,30.0000000000000036,115239469.7292174994945526,70226583.9803407788276672
