lambdaBS,lambdaUE,loss_thresh,mean_rate,threshold rate
25,2000,20.0000000000000000,49783326.8764070197939873,30820920.9990277141332626
