lambdaBS,lambdaUE,loss_thresh,mean_rate,threshold rate
25,2000,30.0000000000000036,56868228.2897503301501274,36568777.1121932268142700
