lambdaBS,lambdaUE,loss_thresh,mean_rate,threshold rate
25,1000,20.0000000000000000,130299161.8032526373863220,74324280.7186487168073654
