lambdaBS,lambdaUE,loss_thresh,mean_rate,threshold rate
25,1500,80.0000000000000000,67301508.1838892549276352,58102385.6957099735736847
