lambdaBS,lambdaUE,loss_thresh,mean_rate,threshold rate
25,1500,0.0000000000000000,52885256.3798075765371323,19235026.3930009305477142
