lambdaBS,lambdaUE,loss_thresh,mean_rate,threshold rate
25,1000,20.0000000000000000,93914965.5223555415868759,56323895.9358566626906395
