lambdaBS,lambdaUE,loss_thresh,mean_rate,threshold rate
25,2000,50.0000000000000000,61632913.3410553112626076,44254748.1147601008415222
