lambdaBS,lambdaUE,loss_thresh,mean_rate,threshold rate
25,500,70.0000000000000000,265835760.0160096287727356,331830766.2404657006263733
