lambdaBS,lambdaUE,loss_thresh,mean_rate,threshold rate
25,250,0.0000000000000000,293378104.0259145498275757,137394940.6826984882354736
