lambdaBS,lambdaUE,loss_thresh,mean_rate,threshold rate
25,1000,30.0000000000000036,122483095.9288169890642166,76000537.4476579427719116
