lambdaBS,lambdaUE,loss_thresh,mean_rate,threshold rate
25,1000,30.0000000000000036,94124600.6096830964088440,57341122.8925964608788490
