lambdaBS,lambdaUE,loss_thresh,mean_rate,threshold rate
25,2000,0.0000000000000000,73371870.8934513032436371,28647807.2175052464008331
