lambdaBS,lambdaUE,loss_thresh,mean_rate,threshold rate
25,750,100.0000000000000000,140012112.6677200198173523,398674985.3005206584930420
