lambdaBS,lambdaUE,loss_thresh,mean_rate,threshold rate
25,250,70.0000000000000000,237632202.6609104275703430,282470168.5774317979812622
