lambdaBS,lambdaUE,loss_thresh,mean_rate,threshold rate
25,500,0.0000000000000000,199786126.1512503325939178,71665760.0214242041110992
