lambdaBS,lambdaUE,loss_thresh,mean_rate,threshold rate
25,1500,0.0000000000000000,75897609.5003102868795395,31650253.8739742152392864
