lambdaBS,lambdaUE,loss_thresh,mean_rate,threshold rate
25,500,20.0000000000000000,203270399.0365623831748962,118421032.1824598014354706
