lambdaBS,lambdaUE,loss_thresh,mean_rate,threshold rate
25,1500,10.0000000000000000,103471025.3001089692115784,52279746.5205985903739929
