lambdaBS,lambdaUE,loss_thresh,mean_rate,threshold rate
25,750,50.0000000000000000,167255350.6905601918697357,124384949.8725310862064362
