lambdaBS,lambdaUE,loss_thresh,mean_rate,threshold rate
25,2000,50.0000000000000000,73371870.8934513032436371,52894482.9904041066765785
