lambdaBS,lambdaUE,loss_thresh,mean_rate,threshold rate
25,1000,100.0000000000000000,131040853.7542281001806259,399881154.8439720869064331
