lambdaBS,lambdaUE,loss_thresh,mean_rate,threshold rate
25,500,40.0000000000000000,190365197.4589685499668121,130679181.7390023916959763
