lambdaBS,lambdaUE,loss_thresh,mean_rate,threshold rate
25,1500,80.0000000000000000,88689550.8980881571769714,82127929.4049029797315598
