lambdaBS,lambdaUE,loss_thresh,mean_rate,threshold rate
25,250,100.0000000000000000,307460330.0645127892494202,399912818.7984421849250793
