lambdaBS,lambdaUE,loss_thresh,mean_rate,threshold rate
25,750,60.0000000000000000,137357254.8511541783809662,105583339.4882250875234604
