lambdaBS,lambdaUE,loss_thresh,mean_rate,threshold rate
25,2000,20.0000000000000000,61823349.3152036592364311,35542311.6718402355909348
