lambdaBS,lambdaUE,loss_thresh,mean_rate,threshold rate
25,1500,0.0000000000000000,66848330.8482517153024673,25303377.5949950814247131
