lambdaBS,lambdaUE,loss_thresh,mean_rate,threshold rate
25,750,10.0000000000000000,125554415.0458351373672485,68563453.8857643604278564
