lambdaBS,lambdaUE,loss_thresh,mean_rate,threshold rate
25,1500,80.0000000000000000,78855078.5031198710203171,76662975.8400009423494339
