lambdaBS,lambdaUE,loss_thresh,mean_rate,threshold rate
25,500,40.0000000000000000,188826169.8792707622051239,132867407.4133295416831970
