lambdaBS,lambdaUE,loss_thresh,mean_rate,threshold rate
25,1500,10.0000000000000000,87767591.7160757482051849,41382512.3812761753797531
