lambdaBS,lambdaUE,loss_thresh,mean_rate,threshold rate
25,1000,20.0000000000000000,95129199.3819804489612579,57055946.5783828273415565
