lambdaBS,lambdaUE,loss_thresh,mean_rate,threshold rate
25,1500,20.0000000000000000,103471025.3001089692115784,57208857.2501755505800247
