lambdaBS,lambdaUE,loss_thresh,mean_rate,threshold rate
25,2000,20.0000000000000000,61446935.6204690188169479,35384881.3392594680190086
