lambdaBS,lambdaUE,loss_thresh,mean_rate,threshold rate
25,2000,50.0000000000000000,58702984.6762075275182724,44933215.8281536325812340
