lambdaBS,lambdaUE,loss_thresh,mean_rate,threshold rate
25,500,50.0000000000000000,265835760.0160096287727356,261522554.3412722945213318
