lambdaBS,lambdaUE,loss_thresh,mean_rate,threshold rate
25,1000,50.0000000000000000,138660678.4872659146785736,89631833.9233776479959488
