lambdaBS,lambdaUE,loss_thresh,mean_rate,threshold rate
25,750,20.0000000000000000,127022352.3013564944267273,69450711.7245604246854782
