lambdaBS,lambdaUE,loss_thresh,mean_rate,threshold rate
25,1500,10.0000000000000000,107689697.7194018512964249,54977398.9656850099563599
