lambdaBS,lambdaUE,loss_thresh,mean_rate,threshold rate
25,250,60.0000000000000000,268481727.2362066507339478,286941757.3980076909065247
