lambdaBS,lambdaUE,loss_thresh,mean_rate,threshold rate
25,2000,20.0000000000000000,61761642.0200998857617378,37288400.8504482284188271
