lambdaBS,lambdaUE,loss_thresh,mean_rate,threshold rate
25,2000,80.0000000000000000,56974567.8599111586809158,49376088.6624827682971954
