lambdaBS,lambdaUE,loss_thresh,mean_rate,threshold rate
25,1000,90.0000000000000000,111737141.4455456435680389,240830598.3712600171566010
