lambdaBS,lambdaUE,loss_thresh,mean_rate,threshold rate
25,250,70.0000000000000000,266329601.1149017512798309,330026529.5742807388305664
