lambdaBS,lambdaUE,loss_thresh,mean_rate,threshold rate
25,750,70.0000000000000000,167085894.6852245032787323,182401439.4594689905643463
