lambdaBS,lambdaUE,loss_thresh,mean_rate,threshold rate
25,1000,20.0000000000000000,115083360.2753917276859283,66101159.5661139711737633
