lambdaBS,lambdaUE,loss_thresh,mean_rate,threshold rate
25,2000,0.0000000000000000,56090337.9564635455608368,22724342.5686165913939476
