lambdaBS,lambdaUE,loss_thresh,mean_rate,threshold rate
25,1000,100.0000000000000000,137694754.5414112210273743,399728250.5235197544097900
