lambdaBS,lambdaUE,loss_thresh,mean_rate,threshold rate
25,2000,20.0000000000000000,63383674.5002592131495476,36772759.9349458515644073
