lambdaBS,lambdaUE,loss_thresh,mean_rate,threshold rate
25,2000,40.0000000000000000,58747989.7847753390669823,38439079.5203696638345718
