lambdaBS,lambdaUE,loss_thresh,mean_rate,threshold rate
25,750,100.0000000000000000,149686850.3862207829952240,399025205.7938367128372192
