lambdaBS,lambdaUE,loss_thresh,mean_rate,threshold rate
25,1000,60.0000000000000000,98943820.5460494756698608,72899530.6598118692636490
