lambdaBS,lambdaUE,loss_thresh,mean_rate,threshold rate
25,2000,70.0000000000000000,92943755.5947412103414536,80447155.1507613509893417
