lambdaBS,lambdaUE,loss_thresh,mean_rate,threshold rate
25,1000,100.0000000000000000,111593512.5921529084444046,399312591.8228622674942017
