lambdaBS,lambdaUE,loss_thresh,mean_rate,threshold rate
25,250,70.0000000000000000,300601995.4441230893135071,356457317.0417532920837402
