lambdaBS,lambdaUE,loss_thresh,mean_rate,threshold rate
25,2000,10.0000000000000000,46641663.0322953164577484,25109291.5313427262008190
