lambdaBS,lambdaUE,loss_thresh,mean_rate,threshold rate
25,1000,100.0000000000000000,123765855.4814504235982895,398878014.8494201898574829
