lambdaBS,lambdaUE,loss_thresh,mean_rate,threshold rate
25,1000,70.0000000000000000,93914965.5223555415868759,76782784.4804580956697464
