lambdaBS,lambdaUE,loss_thresh,mean_rate,threshold rate
25,500,80.0000000000000000,204957775.3462562561035156,304835982.1538627743721008
