lambdaBS,lambdaUE,loss_thresh,mean_rate,threshold rate
25,500,30.0000000000000036,147745943.8734732270240784,92927918.3549464046955109
