lambdaBS,lambdaUE,loss_thresh,mean_rate,threshold rate
25,2000,70.0000000000000000,73749756.5873665809631348,58184148.4159187078475952
