lambdaBS,lambdaUE,loss_thresh,mean_rate,threshold rate
25,1000,80.0000000000000000,104642690.8279273360967636,110595925.4613825380802155
