lambdaBS,lambdaUE,loss_thresh,mean_rate,threshold rate
25,750,30.0000000000000036,125769516.1215940266847610,77818989.6399403512477875
