lambdaBS,lambdaUE,loss_thresh,mean_rate,threshold rate
25,1500,20.0000000000000000,74605920.9676925241947174,44502438.1156691312789917
