lambdaBS,lambdaUE,loss_thresh,mean_rate,threshold rate
25,1500,50.0000000000000000,78855078.5031198710203171,54521061.8061696365475655
