lambdaBS,lambdaUE,loss_thresh,mean_rate,threshold rate
25,2000,30.0000000000000036,53388665.3878123611211777,33678510.6297319084405899
