lambdaBS,lambdaUE,loss_thresh,mean_rate,threshold rate
25,750,0.0000000000000000,162843666.1541970372200012,59229680.6722704768180847
