lambdaBS,lambdaUE,loss_thresh,mean_rate,threshold rate
25,250,100.0000000000000000,260840409.3548102676868439,399989953.8618011474609375
