lambdaBS,lambdaUE,loss_thresh,mean_rate,threshold rate
25,2000,70.0000000000000000,86273476.0627824366092682,72481419.7027027606964111
