lambdaBS,lambdaUE,loss_thresh,mean_rate,threshold rate
25,2000,0.0000000000000000,47970043.1779759377241135,18117965.1585085578262806
