lambdaBS,lambdaUE,loss_thresh,mean_rate,threshold rate
25,250,10.0000000000000000,264182215.2268611490726471,167430271.9002759754657745
