lambdaBS,lambdaUE,loss_thresh,mean_rate,threshold rate
25,750,100.0000000000000000,136120457.0908496379852295,399946220.8472838401794434
