lambdaBS,lambdaUE,loss_thresh,mean_rate,threshold rate
25,1500,50.0000000000000000,80137926.8273003995418549,55057553.5039783939719200
