lambdaBS,lambdaUE,loss_thresh,mean_rate,threshold rate
25,1000,100.0000000000000000,112573536.7955150455236435,399718936.4529277682304382
