lambdaBS,lambdaUE,loss_thresh,mean_rate,threshold rate
25,250,20.0000000000000000,288235448.7020944952964783,204788816.5839417576789856
