lambdaBS,lambdaUE,loss_thresh,mean_rate,threshold rate
25,1500,100.0000000000000000,67301508.1838892549276352,399861969.0220201015472412
