lambdaBS,lambdaUE,loss_thresh,mean_rate,threshold rate
25,500,40.0000000000000000,191493673.9017001688480377,134451123.2162050008773804
