lambdaBS,lambdaUE,loss_thresh,mean_rate,threshold rate
25,500,40.0000000000000000,175424909.6674039661884308,124962957.5214726924896240
