lambdaBS,lambdaUE,loss_thresh,mean_rate,threshold rate
25,250,40.0000000000000000,289564156.4327043890953064,265801080.3134426474571228
