lambdaBS,lambdaUE,loss_thresh,mean_rate,threshold rate
25,2000,90.0000000000000000,57429064.9140639156103134,85636082.7560757696628571
