lambdaBS,lambdaUE,loss_thresh,mean_rate,threshold rate
25,250,80.0000000000000000,275431098.8313042521476746,376794124.7451354861259460
