lambdaBS,lambdaUE,loss_thresh,mean_rate,threshold rate
25,500,50.0000000000000000,190365197.4589685499668121,144072527.2957295775413513
