lambdaBS,lambdaUE,loss_thresh,mean_rate,threshold rate
25,250,20.0000000000000000,290745828.2018916010856628,217768225.5066889524459839
