lambdaBS,lambdaUE,loss_thresh,mean_rate,threshold rate
25,2000,30.0000000000000036,92943755.5947412103414536,51468684.8113346546888351
