lambdaBS,lambdaUE,loss_thresh,mean_rate,threshold rate
25,2000,60.0000000000000000,49783326.8764070197939873,36771893.8986576944589615
