lambdaBS,lambdaUE,loss_thresh,mean_rate,threshold rate
25,1000,40.0000000000000000,127994972.5718139410018921,78075265.1722436696290970
