lambdaBS,lambdaUE,loss_thresh,mean_rate,threshold rate
25,1000,0.0000000000000000,110397107.6045265495777130,35716632.5270687714219093
