lambdaBS,lambdaUE,loss_thresh,mean_rate,threshold rate
25,500,70.0000000000000000,194343964.8573822081089020,244659846.6103098392486572
