lambdaBS,lambdaUE,loss_thresh,mean_rate,threshold rate
25,500,60.0000000000000000,190056779.5299750566482544,175324923.2153885662555695
