lambdaBS,lambdaUE,loss_thresh,mean_rate,threshold rate
25,750,0.0000000000000000,164735575.7048147618770599,75462255.2698409706354141
