lambdaBS,lambdaUE,loss_thresh,mean_rate,threshold rate
25,1500,60.0000000000000000,99561452.4301052689552307,76681907.9139557033777237
