lambdaBS,lambdaUE,loss_thresh,mean_rate,threshold rate
25,750,40.0000000000000000,199496890.2507174611091614,142079611.0418381392955780
