lambdaBS,lambdaUE,loss_thresh,mean_rate,threshold rate
25,750,50.0000000000000000,171307766.9431833922863007,130212569.2738227844238281
