lambdaBS,lambdaUE,loss_thresh,mean_rate,threshold rate
25,750,100.0000000000000000,110108441.9236152470111847,398214683.5538175106048584
