lambdaBS,lambdaUE,loss_thresh,mean_rate,threshold rate
25,1000,90.0000000000000000,113635323.4658593386411667,238448730.3839228749275208
