lambdaBS,lambdaUE,loss_thresh,mean_rate,threshold rate
25,2000,0.0000000000000000,66973922.5274242311716080,28891878.2467050328850746
