lambdaBS,lambdaUE,loss_thresh,mean_rate,threshold rate
25,2000,30.0000000000000036,56148353.5995105504989624,32676803.1526897400617599
