lambdaBS,lambdaUE,loss_thresh,mean_rate,threshold rate
25,1500,0.0000000000000000,91460685.8948157727718353,35104038.5287298932671547
