lambdaBS,lambdaUE,loss_thresh,mean_rate,threshold rate
25,1500,80.0000000000000000,74503587.4433700144290924,74475427.4051443785429001
