lambdaBS,lambdaUE,loss_thresh,mean_rate,threshold rate
25,250,70.0000000000000000,262536866.9099802970886230,320893406.6236886978149414
