lambdaBS,lambdaUE,loss_thresh,mean_rate,threshold rate
25,500,0.0000000000000000,195128016.4363408982753754,84781237.0743547230958939
