lambdaBS,lambdaUE,loss_thresh,mean_rate,threshold rate
25,250,60.0000000000000000,280732767.4952313303947449,314635683.1749239563941956
