lambdaBS,lambdaUE,loss_thresh,mean_rate,threshold rate
25,250,40.0000000000000000,268481727.2362066507339478,237953265.7792644500732422
