lambdaBS,lambdaUE,loss_thresh,mean_rate,threshold rate
25,500,50.0000000000000000,195674695.3438490331172943,158370987.8604065775871277
