lambdaBS,lambdaUE,loss_thresh,mean_rate,threshold rate
25,750,80.0000000000000000,144227377.7009856700897217,209630183.2755759060382843
