lambdaBS,lambdaUE,loss_thresh,mean_rate,threshold rate
25,750,40.0000000000000000,172767201.2033430337905884,118345847.0681128650903702
