lambdaBS,lambdaUE,loss_thresh,mean_rate,threshold rate
25,1000,20.0000000000000000,129149158.4527609348297119,75482888.5773769319057465
