lambdaBS,lambdaUE,loss_thresh,mean_rate,threshold rate
25,2000,90.0000000000000000,56090337.9564635455608368,79581701.1945241689682007
