lambdaBS,lambdaUE,loss_thresh,mean_rate,threshold rate
25,1500,80.0000000000000000,72028693.9188253432512283,65482230.0215131565928459
