lambdaBS,lambdaUE,loss_thresh,mean_rate,threshold rate
25,750,60.0000000000000000,164735575.7048147618770599,140772116.3180602192878723
