lambdaBS,lambdaUE,loss_thresh,mean_rate,threshold rate
25,1500,80.0000000000000000,91460685.8948157727718353,102583723.7615056782960892
