lambdaBS,lambdaUE,loss_thresh,mean_rate,threshold rate
25,1000,30.0000000000000036,129635651.8699527382850647,78896491.0171555876731873
