lambdaBS,lambdaUE,loss_thresh,mean_rate,threshold rate
25,750,60.0000000000000000,148475166.3147248327732086,121358588.4166953265666962
