lambdaBS,lambdaUE,loss_thresh,mean_rate,threshold rate
25,2000,0.0000000000000000,93373758.2512785494327545,31933989.3885049223899841
