lambdaBS,lambdaUE,loss_thresh,mean_rate,threshold rate
25,2000,100.0000000000000000,45882657.0967239961028099,399565643.4116722941398621
