lambdaBS,lambdaUE,loss_thresh,mean_rate,threshold rate
25,2000,100.0000000000000000,66278003.3392788544297218,398632905.3152630329132080
