lambdaBS,lambdaUE,loss_thresh,mean_rate,threshold rate
25,750,90.0000000000000000,120699030.5994547456502914,267313903.1012153327465057
