lambdaBS,lambdaUE,loss_thresh,mean_rate,threshold rate
25,500,10.0000000000000000,213716266.6943967640399933,120455699.7485122382640839
