lambdaBS,lambdaUE,loss_thresh,mean_rate,threshold rate
25,250,90.0000000000000000,278994029.1142294406890869,388915821.1524873375892639
