lambdaBS,lambdaUE,loss_thresh,mean_rate,threshold rate
25,750,70.0000000000000000,99012073.0574931502342224,77315700.7925244867801666
