lambdaBS,lambdaUE,loss_thresh,mean_rate,threshold rate
25,1500,100.0000000000000000,90678836.6046885997056961,399481475.8423737883567810
