lambdaBS,lambdaUE,loss_thresh,mean_rate,threshold rate
25,1000,40.0000000000000000,102167493.6697952896356583,67150672.4862437248229980
