lambdaBS,lambdaUE,loss_thresh,mean_rate,threshold rate
25,250,90.0000000000000000,268481727.2362066507339478,393214772.1761668324470520
