lambdaBS,lambdaUE,loss_thresh,mean_rate,threshold rate
25,250,40.0000000000000000,275498188.9532374143600464,242114446.3135301470756531
