lambdaBS,lambdaUE,loss_thresh,mean_rate,threshold rate
25,750,20.0000000000000000,122942346.4639396220445633,73878988.9947556853294373
