lambdaBS,lambdaUE,loss_thresh,mean_rate,threshold rate
25,1500,100.0000000000000000,98900038.9029720425605774,399454770.1396438479423523
