lambdaBS,lambdaUE,loss_thresh,mean_rate,threshold rate
25,1000,60.0000000000000000,144087980.7628902792930603,119822776.9758158624172211
