lambdaBS,lambdaUE,loss_thresh,mean_rate,threshold rate
25,500,70.0000000000000000,211535483.2617533802986145,271492551.0751331448554993
