lambdaBS,lambdaUE,loss_thresh,mean_rate,threshold rate
25,250,30.0000000000000036,275498188.9532374143600464,209571106.4689857661724091
