lambdaBS,lambdaUE,loss_thresh,mean_rate,threshold rate
25,250,20.0000000000000000,293959182.2258570790290833,226060325.7673241794109344
