lambdaBS,lambdaUE,loss_thresh,mean_rate,threshold rate
25,500,30.0000000000000036,204222263.0539392828941345,135343414.6245695054531097
