lambdaBS,lambdaUE,loss_thresh,mean_rate,threshold rate
25,500,0.0000000000000000,160825113.1049457192420959,70228228.8163334727287292
