lambdaBS,lambdaUE,loss_thresh,mean_rate,threshold rate
25,500,80.0000000000000000,188991611.3950321078300476,295989552.9812905788421631
