lambdaBS,lambdaUE,loss_thresh,mean_rate,threshold rate
25,2000,40.0000000000000000,68132408.6019668430089951,44575931.0668775290250778
