lambdaBS,lambdaUE,loss_thresh,mean_rate,threshold rate
25,500,90.0000000000000000,190056779.5299750566482544,362388857.2643936276435852
