lambdaBS,lambdaUE,loss_thresh,mean_rate,threshold rate
25,2000,60.0000000000000000,61823349.3152036592364311,43867976.3008624091744423
