lambdaBS,lambdaUE,loss_thresh,mean_rate,threshold rate
25,750,70.0000000000000000,142905587.7171257734298706,138130518.6025830805301666
