lambdaBS,lambdaUE,loss_thresh,mean_rate,threshold rate
25,1500,50.0000000000000000,86696647.1356132328510284,56813293.9595285132527351
