lambdaBS,lambdaUE,loss_thresh,mean_rate,threshold rate
25,250,50.0000000000000000,278994029.1142294406890869,269558789.7550792694091797
