lambdaBS,lambdaUE,loss_thresh,mean_rate,threshold rate
25,1000,40.0000000000000000,106974945.4972628951072693,68146576.4548697173595428
