lambdaBS,lambdaUE,loss_thresh,mean_rate,threshold rate
25,750,90.0000000000000000,158119160.0242304205894470,311458382.9038184285163879
