lambdaBS,lambdaUE,loss_thresh,mean_rate,threshold rate
25,750,20.0000000000000000,130316952.2468164563179016,80289712.9420669674873352
