lambdaBS,lambdaUE,loss_thresh,mean_rate,threshold rate
25,500,30.0000000000000036,222126892.1069528460502625,151309041.7006196379661560
