lambdaBS,lambdaUE,loss_thresh,mean_rate,threshold rate
25,1000,70.0000000000000000,118226441.7022977024316788,100725978.9800850152969360
