lambdaBS,lambdaUE,loss_thresh,mean_rate,threshold rate
25,1000,30.0000000000000036,97667317.5592616945505142,61424069.1299544647336006
