lambdaBS,lambdaUE,loss_thresh,mean_rate,threshold rate
25,250,30.0000000000000036,302831688.7323762178421021,256172739.7702895998954773
