lambdaBS,lambdaUE,loss_thresh,mean_rate,threshold rate
25,1500,40.0000000000000000,48839680.8619498834013939,34606837.3094744235277176
