lambdaBS,lambdaUE,loss_thresh,mean_rate,threshold rate
25,250,80.0000000000000000,301099301.9467942714691162,361641957.5829912424087524
