lambdaBS,lambdaUE,loss_thresh,mean_rate,threshold rate
25,1000,70.0000000000000000,130299161.8032526373863220,121701373.3190191984176636
