lambdaBS,lambdaUE,loss_thresh,mean_rate,threshold rate
25,750,90.0000000000000000,168395073.1195701658725739,323885362.5500849485397339
