lambdaBS,lambdaUE,loss_thresh,mean_rate,threshold rate
25,1500,80.0000000000000000,81500970.2790151238441467,80573204.7149008214473724
