lambdaBS,lambdaUE,loss_thresh,mean_rate,threshold rate
25,2000,70.0000000000000000,48414339.5269311964511871,38462288.6137693747878075
