lambdaBS,lambdaUE,loss_thresh,mean_rate,threshold rate
25,1500,30.0000000000000036,84232475.3530925065279007,52154982.2275354340672493
