lambdaBS,lambdaUE,loss_thresh,mean_rate,threshold rate
25,2000,40.0000000000000000,61761642.0200998857617378,41881237.3890559598803520
