lambdaBS,lambdaUE,loss_thresh,mean_rate,threshold rate
25,1000,20.0000000000000000,136808355.6297045350074768,73339725.6981987357139587
