lambdaBS,lambdaUE,loss_thresh,mean_rate,threshold rate
25,250,100.0000000000000000,274625506.3686826229095459,399914840.7898654341697693
