lambdaBS,lambdaUE,loss_thresh,mean_rate,threshold rate
25,250,0.0000000000000000,311136731.1613894104957581,133981012.3532802164554596
