lambdaBS,lambdaUE,loss_thresh,mean_rate,threshold rate
25,1000,0.0000000000000000,98717934.4678460806608200,36273377.7601537927985191
