lambdaBS,lambdaUE,loss_thresh,mean_rate,threshold rate
25,2000,80.0000000000000000,45592089.8189247921109200,37190445.5528634339570999
