lambdaBS,lambdaUE,loss_thresh,mean_rate,threshold rate
25,250,100.0000000000000000,290258261.3553092479705811,399722600.4372909665107727
