lambdaBS,lambdaUE,loss_thresh,mean_rate,threshold rate
25,2000,10.0000000000000000,42868567.6925612911581993,22204105.9617385827004910
