lambdaBS,lambdaUE,loss_thresh,mean_rate,threshold rate
25,1500,60.0000000000000000,131268245.0528503805398941,100188029.6026881486177444
