lambdaBS,lambdaUE,loss_thresh,mean_rate,threshold rate
25,1500,10.0000000000000000,118317947.7809313684701920,62981513.4559479951858521
