lambdaBS,lambdaUE,loss_thresh,mean_rate,threshold rate
25,500,20.0000000000000000,191493673.9017001688480377,115586510.3853467404842377
