lambdaBS,lambdaUE,loss_thresh,mean_rate,threshold rate
25,1500,30.0000000000000036,85984994.8517355918884277,55821976.2650790289044380
