lambdaBS,lambdaUE,loss_thresh,mean_rate,threshold rate
25,1000,90.0000000000000000,166101768.3984597921371460,350268255.3844103217124939
