lambdaBS,lambdaUE,loss_thresh,mean_rate,threshold rate
25,2000,80.0000000000000000,38513342.4822388216853142,32406952.4366613440215588
