lambdaBS,lambdaUE,loss_thresh,mean_rate,threshold rate
25,750,50.0000000000000000,125554415.0458351373672485,86146011.8882040530443192
