lambdaBS,lambdaUE,loss_thresh,mean_rate,threshold rate
25,750,40.0000000000000000,138469639.9977099299430847,89021735.9774926006793976
