lambdaBS,lambdaUE,loss_thresh,mean_rate,threshold rate
25,1000,20.0000000000000000,108800702.6403066813945770,61742521.1429243907332420
