lambdaBS,lambdaUE,loss_thresh,mean_rate,threshold rate
25,750,30.0000000000000036,131276599.5707870721817017,74521874.9445687085390091
