lambdaBS,lambdaUE,loss_thresh,mean_rate,threshold rate
25,2000,10.0000000000000000,68132408.6019668430089951,38253317.1628723889589310
