lambdaBS,lambdaUE,loss_thresh,mean_rate,threshold rate
25,2000,50.0000000000000000,45882657.0967239961028099,33071766.0895438268780708
