lambdaBS,lambdaUE,loss_thresh,mean_rate,threshold rate
25,750,100.0000000000000000,177295295.2033334374427795,398718344.7426015734672546
