lambdaBS,lambdaUE,loss_thresh,mean_rate,threshold rate
25,250,10.0000000000000000,294318618.9243327975273132,207068457.2726430892944336
