lambdaBS,lambdaUE,loss_thresh,mean_rate,threshold rate
25,1000,20.0000000000000000,161797087.8351994752883911,93331386.3723371922969818
