lambdaBS,lambdaUE,loss_thresh,mean_rate,threshold rate
25,1000,20.0000000000000000,126501931.6392095535993576,72952508.9831010550260544
