lambdaBS,lambdaUE,loss_thresh,mean_rate,threshold rate
25,1000,60.0000000000000000,110397107.6045265495777130,87129554.9108709394931793
