lambdaBS,lambdaUE,loss_thresh,mean_rate,threshold rate
25,500,10.0000000000000000,199107170.5250081121921539,102977395.6503210216760635
