lambdaBS,lambdaUE,loss_thresh,mean_rate,threshold rate
25,1500,60.0000000000000000,120905410.4253394901752472,99029481.1090038120746613
