lambdaBS,lambdaUE,loss_thresh,mean_rate,threshold rate
25,750,90.0000000000000000,117916449.9048209190368652,236409647.0912664532661438
