lambdaBS,lambdaUE,loss_thresh,mean_rate,threshold rate
25,500,70.0000000000000000,211555306.4451645612716675,273011138.1351312398910522
