lambdaBS,lambdaUE,loss_thresh,mean_rate,threshold rate
25,750,50.0000000000000000,170924857.5760799646377563,125968038.9342095255851746
