lambdaBS,lambdaUE,loss_thresh,mean_rate,threshold rate
25,500,80.0000000000000000,188963905.2443248331546783,270015276.3824563026428223
