lambdaBS,lambdaUE,loss_thresh,mean_rate,threshold rate
25,1000,70.0000000000000000,127994972.5718139410018921,118701581.6085540056228638
