lambdaBS,lambdaUE,loss_thresh,mean_rate,threshold rate
25,2000,90.0000000000000000,63408999.9613129720091820,93865676.0390118062496185
