lambdaBS,lambdaUE,loss_thresh,mean_rate,threshold rate
25,750,0.0000000000000000,154007311.5975665748119354,60778168.7214568480849266
