lambdaBS,lambdaUE,loss_thresh,mean_rate,threshold rate
25,500,10.0000000000000000,257898345.5196865200996399,152635726.1787312328815460
