lambdaBS,lambdaUE,loss_thresh,mean_rate,threshold rate
25,1500,0.0000000000000000,79816489.1934691220521927,26290063.9098510704934597
