lambdaBS,lambdaUE,loss_thresh,mean_rate,threshold rate
25,500,70.0000000000000000,147745943.8734732270240784,133816390.3118831068277359
