lambdaBS,lambdaUE,loss_thresh,mean_rate,threshold rate
25,2000,30.0000000000000036,68953960.1516192108392715,38760825.7741631865501404
