lambdaBS,lambdaUE,loss_thresh,mean_rate,threshold rate
25,500,20.0000000000000000,169128446.8036064505577087,103957655.4610607475042343
