lambdaBS,lambdaUE,loss_thresh,mean_rate,threshold rate
25,2000,40.0000000000000000,57087204.3670031502842903,38668420.2198051512241364
