lambdaBS,lambdaUE,loss_thresh,mean_rate,threshold rate
25,1500,0.0000000000000000,75470483.9172180294990540,28507075.0654699131846428
