lambdaBS,lambdaUE,loss_thresh,mean_rate,threshold rate
25,250,20.0000000000000000,291223714.7254930138587952,215657994.7244163751602173
