lambdaBS,lambdaUE,loss_thresh,mean_rate,threshold rate
25,500,50.0000000000000000,203098585.1772979795932770,174744079.0565161705017090
