lambdaBS,lambdaUE,loss_thresh,mean_rate,threshold rate
25,1000,70.0000000000000000,166101768.3984597921371460,172754150.5627961158752441
