lambdaBS,lambdaUE,loss_thresh,mean_rate,threshold rate
25,1500,20.0000000000000000,69561759.1489303708076477,41468250.0546582341194153
