lambdaBS,lambdaUE,loss_thresh,mean_rate,threshold rate
25,1000,60.0000000000000000,129149158.4527609348297119,102160405.7225392013788223
