lambdaBS,lambdaUE,loss_thresh,mean_rate,threshold rate
25,1500,20.0000000000000000,78855078.5031198710203171,46600903.4922758936882019
