lambdaBS,lambdaUE,loss_thresh,mean_rate,threshold rate
25,250,30.0000000000000036,255731689.2758204042911530,190153099.9147488474845886
