lambdaBS,lambdaUE,loss_thresh,mean_rate,threshold rate
25,250,0.0000000000000000,272772754.1196290254592896,113761098.2863413989543915
