lambdaBS,lambdaUE,loss_thresh,mean_rate,threshold rate
25,1500,10.0000000000000000,86833242.0973747521638870,38851306.2059319987893105
