lambdaBS,lambdaUE,loss_thresh,mean_rate,threshold rate
25,1500,20.0000000000000000,68718540.8915736228227615,45715018.3754106163978577
