lambdaBS,lambdaUE,loss_thresh,mean_rate,threshold rate
25,750,80.0000000000000000,117916449.9048209190368652,140449050.5168220698833466
