lambdaBS,lambdaUE,loss_thresh,mean_rate,threshold rate
25,250,60.0000000000000000,286926541.7221158146858215,334132008.9033262133598328
