lambdaBS,lambdaUE,loss_thresh,mean_rate,threshold rate
25,2000,90.0000000000000000,53388665.3878123611211777,76935908.1100468188524246
