lambdaBS,lambdaUE,loss_thresh,mean_rate,threshold rate
25,1000,80.0000000000000000,122439636.0881149470806122,150530309.0744838714599609
