lambdaBS,lambdaUE,loss_thresh,mean_rate,threshold rate
25,500,30.0000000000000036,156951852.2852806746959686,102164533.2992332279682159
