lambdaBS,lambdaUE,loss_thresh,mean_rate,threshold rate
25,250,10.0000000000000000,252513333.8873901963233948,151632462.6422071158885956
