lambdaBS,lambdaUE,loss_thresh,mean_rate,threshold rate
25,750,60.0000000000000000,133653561.4949979335069656,111950191.6667768657207489
