lambdaBS,lambdaUE,loss_thresh,mean_rate,threshold rate
25,1500,10.0000000000000000,99477236.2207554876804352,49908980.0461716577410698
