lambdaBS,lambdaUE,loss_thresh,mean_rate,threshold rate
25,250,60.0000000000000000,291682658.3846660852432251,319582034.5851551294326782
