lambdaBS,lambdaUE,loss_thresh,mean_rate,threshold rate
25,500,60.0000000000000000,147184847.5805005431175232,111275859.4663741439580917
