lambdaBS,lambdaUE,loss_thresh,mean_rate,threshold rate
25,2000,100.0000000000000000,66007976.8784482181072235,399547385.1532818078994751
