lambdaBS,lambdaUE,loss_thresh,mean_rate,threshold rate
25,1000,40.0000000000000000,85722231.1941309869289398,58191406.9113864898681641
