lambdaBS,lambdaUE,loss_thresh,mean_rate,threshold rate
25,750,60.0000000000000000,139222004.5197342634201050,108627876.9726624339818954
