lambdaBS,lambdaUE,loss_thresh,mean_rate,threshold rate
25,1500,30.0000000000000036,57353620.3425506278872490,37068890.9315821528434753
