lambdaBS,lambdaUE,loss_thresh,mean_rate,threshold rate
25,1500,90.0000000000000000,98900038.9029720425605774,221410697.3043201267719269
