lambdaBS,lambdaUE,loss_thresh,mean_rate,threshold rate
25,750,0.0000000000000000,110067459.3325697183609009,49603936.5885549336671829
