lambdaBS,lambdaUE,loss_thresh,mean_rate,threshold rate
25,1000,0.0000000000000000,120799011.2299765646457672,53310958.1989086121320724
