lambdaBS,lambdaUE,loss_thresh,mean_rate,threshold rate
25,750,0.0000000000000000,115811678.0706593245267868,56743261.6018966510891914
