lambdaBS,lambdaUE,loss_thresh,mean_rate,threshold rate
25,250,80.0000000000000000,297767393.8968445658683777,377212550.1143146157264709
