lambdaBS,lambdaUE,loss_thresh,mean_rate,threshold rate
25,250,20.0000000000000000,292124702.7760958671569824,198896048.5017127394676208
