lambdaBS,lambdaUE,loss_thresh,mean_rate,threshold rate
25,2000,0.0000000000000000,41594880.9075666889548302,15485334.3373594023287296
