lambdaBS,lambdaUE,loss_thresh,mean_rate,threshold rate
25,1500,70.0000000000000000,89100120.5524170547723770,72732295.9532463252544403
