lambdaBS,lambdaUE,loss_thresh,mean_rate,threshold rate
25,750,100.0000000000000000,196806957.2354021370410919,399478393.0010696649551392
