lambdaBS,lambdaUE,loss_thresh,mean_rate,threshold rate
25,2000,10.0000000000000000,56090337.9564635455608368,31298547.0501018315553665
