lambdaBS,lambdaUE,loss_thresh,mean_rate,threshold rate
25,1000,70.0000000000000000,109758924.9450438916683197,98392804.0123907923698425
