lambdaBS,lambdaUE,loss_thresh,mean_rate,threshold rate
25,1500,90.0000000000000000,61583977.8417275696992874,98565188.7317901551723480
