lambdaBS,lambdaUE,loss_thresh,mean_rate,threshold rate
25,750,50.0000000000000000,154230337.7962758541107178,117389917.3294237852096558
