lambdaBS,lambdaUE,loss_thresh,mean_rate,threshold rate
25,250,10.0000000000000000,307460330.0645127892494202,196445893.2704084217548370
