lambdaBS,lambdaUE,loss_thresh,mean_rate,threshold rate
25,1500,90.0000000000000000,69561759.1489303708076477,113724742.6436375677585602
