lambdaBS,lambdaUE,loss_thresh,mean_rate,threshold rate
25,750,50.0000000000000000,168247112.2229948341846466,131537778.6208149194717407
