lambdaBS,lambdaUE,loss_thresh,mean_rate,threshold rate
25,750,40.0000000000000000,115811678.0706593245267868,77249691.2502647042274475
