lambdaBS,lambdaUE,loss_thresh,mean_rate,threshold rate
25,1500,0.0000000000000000,118317947.7809313684701920,40401331.6964865773916245
