lambdaBS,lambdaUE,loss_thresh,mean_rate,threshold rate
25,750,60.0000000000000000,194051128.7470055520534515,185243137.9209156632423401
