lambdaBS,lambdaUE,loss_thresh,mean_rate,threshold rate
25,750,10.0000000000000000,133653561.4949979335069656,76635756.7382116168737411
