lambdaBS,lambdaUE,loss_thresh,mean_rate,threshold rate
25,750,40.0000000000000000,155637274.1525279581546783,103465406.0045333951711655
