lambdaBS,lambdaUE,loss_thresh,mean_rate,threshold rate
25,1000,30.0000000000000036,130299161.8032526373863220,79649098.9400681555271149
