lambdaBS,lambdaUE,loss_thresh,mean_rate,threshold rate
25,750,10.0000000000000000,172767201.2033430337905884,91507935.9131729900836945
