lambdaBS,lambdaUE,loss_thresh,mean_rate,threshold rate
25,1000,10.0000000000000000,93646997.9121973067522049,48060935.1324246898293495
