lambdaBS,lambdaUE,loss_thresh,mean_rate,threshold rate
25,750,100.0000000000000000,153198712.8203188180923462,399072373.6534360647201538
