lambdaBS,lambdaUE,loss_thresh,mean_rate,threshold rate
25,750,50.0000000000000000,154826177.5446601808071136,116877593.7811969220638275
