lambdaBS,lambdaUE,loss_thresh,mean_rate,threshold rate
25,750,60.0000000000000000,168247112.2229948341846466,150213272.1521451175212860
