lambdaBS,lambdaUE,loss_thresh,mean_rate,threshold rate
25,1000,10.0000000000000000,131040853.7542281001806259,66365155.8263552933931351
