lambdaBS,lambdaUE,loss_thresh,mean_rate,threshold rate
25,2000,0.0000000000000000,66628357.4029916375875473,21021096.0245458036661148
