lambdaBS,lambdaUE,loss_thresh,mean_rate,threshold rate
25,500,10.0000000000000000,178878921.2982313632965088,97769426.7138191461563110
