lambdaBS,lambdaUE,loss_thresh,mean_rate,threshold rate
25,500,10.0000000000000000,207015959.3530932366847992,122242949.3353129476308823
