lambdaBS,lambdaUE,loss_thresh,mean_rate,threshold rate
25,500,30.0000000000000036,195700273.4462177753448486,132047610.5097634494304657
