lambdaBS,lambdaUE,loss_thresh,mean_rate,threshold rate
25,500,30.0000000000000036,204311716.0876972377300262,139317466.0692015290260315
