lambdaBS,lambdaUE,loss_thresh,mean_rate,threshold rate
25,250,80.0000000000000000,291682658.3846660852432251,368936237.2125322222709656
