lambdaBS,lambdaUE,loss_thresh,mean_rate,threshold rate
25,750,80.0000000000000000,170924857.5760799646377563,259685957.9011694788932800
