lambdaBS,lambdaUE,loss_thresh,mean_rate,threshold rate
25,2000,80.0000000000000000,55620506.0765084773302078,49415044.6111979931592941
