lambdaBS,lambdaUE,loss_thresh,mean_rate,threshold rate
25,2000,90.0000000000000000,73887281.6468609869480133,119350048.7880207300186157
