lambdaBS,lambdaUE,loss_thresh,mean_rate,threshold rate
25,500,80.0000000000000000,169310545.8454463481903076,225050155.0102708041667938
