lambdaBS,lambdaUE,loss_thresh,mean_rate,threshold rate
25,2000,70.0000000000000000,63408999.9613129720091820,51642772.0471390858292580
