lambdaBS,lambdaUE,loss_thresh,mean_rate,threshold rate
25,1500,60.0000000000000000,80811130.3796265274286270,60543224.8146573454141617
