lambdaBS,lambdaUE,loss_thresh,mean_rate,threshold rate
25,1000,30.0000000000000036,80090887.6745335310697556,52261909.0461951196193695
