lambdaBS,lambdaUE,loss_thresh,mean_rate,threshold rate
25,500,20.0000000000000000,169310545.8454463481903076,103493885.8656498491764069
