lambdaBS,lambdaUE,loss_thresh,mean_rate,threshold rate
25,2000,10.0000000000000000,73887281.6468609869480133,42046974.1341389641165733
