lambdaBS,lambdaUE,loss_thresh,mean_rate,threshold rate
25,1500,70.0000000000000000,91460685.8948157727718353,73606504.6523669660091400
