lambdaBS,lambdaUE,loss_thresh,mean_rate,threshold rate
25,500,90.0000000000000000,162556468.4388157427310944,332858436.2275298237800598
