lambdaBS,lambdaUE,loss_thresh,mean_rate,threshold rate
25,500,20.0000000000000000,164293939.4603703320026398,94849381.8060005009174347
