lambdaBS,lambdaUE,loss_thresh,mean_rate,threshold rate
25,2000,60.0000000000000000,62300538.9624994173645973,44332735.3278740867972374
