lambdaBS,lambdaUE,loss_thresh,mean_rate,threshold rate
25,500,10.0000000000000000,187252466.5755333602428436,103924889.3520088344812393
