lambdaBS,lambdaUE,loss_thresh,mean_rate,threshold rate
25,2000,100.0000000000000000,61761642.0200998857617378,399417532.9329711794853210
