lambdaBS,lambdaUE,loss_thresh,mean_rate,threshold rate
25,1000,10.0000000000000000,118226441.7022977024316788,64890501.4261895641684532
