lambdaBS,lambdaUE,loss_thresh,mean_rate,threshold rate
25,2000,70.0000000000000000,63995786.1745498180389404,52351673.4934497401118279
