lambdaBS,lambdaUE,loss_thresh,mean_rate,threshold rate
25,250,30.0000000000000036,300543833.7896934151649475,265121371.2478424608707428
