lambdaBS,lambdaUE,loss_thresh,mean_rate,threshold rate
25,750,40.0000000000000000,120699030.5994547456502914,74420393.8960777372121811
