lambdaBS,lambdaUE,loss_thresh,mean_rate,threshold rate
25,750,100.0000000000000000,115811678.0706593245267868,399784056.1376874446868896
