lambdaBS,lambdaUE,loss_thresh,mean_rate,threshold rate
25,1000,20.0000000000000000,129714523.2631676942110062,72452621.1825488507747650
