lambdaBS,lambdaUE,loss_thresh,mean_rate,threshold rate
25,250,30.0000000000000036,301543110.8811925649642944,256137654.3945251703262329
