lambdaBS,lambdaUE,loss_thresh,mean_rate,threshold rate
25,2000,80.0000000000000000,62940350.3964305818080902,53084233.6763203442096710
