lambdaBS,lambdaUE,loss_thresh,mean_rate,threshold rate
25,250,60.0000000000000000,300508665.4237394928932190,326373468.4206753373146057
