lambdaBS,lambdaUE,loss_thresh,mean_rate,threshold rate
25,1000,60.0000000000000000,109758924.9450438916683197,88004951.8762748986482620
