lambdaBS,lambdaUE,loss_thresh,mean_rate,threshold rate
25,500,80.0000000000000000,203270399.0365623831748962,296435070.3137477636337280
