lambdaBS,lambdaUE,loss_thresh,mean_rate,threshold rate
25,250,40.0000000000000000,244477306.9735323190689087,195527499.1940474510192871
