lambdaBS,lambdaUE,loss_thresh,mean_rate,threshold rate
25,1500,20.0000000000000000,60542622.9864991903305054,35425610.0621141493320465
