lambdaBS,lambdaUE,loss_thresh,mean_rate,threshold rate
25,750,30.0000000000000036,99012073.0574931502342224,62769527.4227399006485939
