lambdaBS,lambdaUE,loss_thresh,mean_rate,threshold rate
25,500,70.0000000000000000,178828950.3131666779518127,192537282.3074342310428619
