lambdaBS,lambdaUE,loss_thresh,mean_rate,threshold rate
25,1500,100.0000000000000000,68718540.8915736228227615,399748997.7782760858535767
