lambdaBS,lambdaUE,loss_thresh,mean_rate,threshold rate
25,500,60.0000000000000000,178878921.2982313632965088,163421047.7594316601753235
