lambdaBS,lambdaUE,loss_thresh,mean_rate,threshold rate
25,1000,0.0000000000000000,129711416.1369701772928238,53099059.7718126922845840
