lambdaBS,lambdaUE,loss_thresh,mean_rate,threshold rate
25,500,100.0000000000000000,222994751.6000937521457672,399817598.8502850532531738
