lambdaBS,lambdaUE,loss_thresh,mean_rate,threshold rate
25,500,20.0000000000000000,197570801.4182207882404327,106916000.4659760892391205
