lambdaBS,lambdaUE,loss_thresh,mean_rate,threshold rate
25,250,100.0000000000000000,296863002.5110914707183838,399874057.1037731170654297
