lambdaBS,lambdaUE,loss_thresh,mean_rate,threshold rate
25,500,80.0000000000000000,200117506.6658497452735901,284702249.3168205618858337
