lambdaBS,lambdaUE,loss_thresh,mean_rate,threshold rate
25,2000,80.0000000000000000,56868228.2897503301501274,53964713.6706332117319107
