lambdaBS,lambdaUE,loss_thresh,mean_rate,threshold rate
25,1500,80.0000000000000000,87984004.9698738157749176,89705288.0718789994716644
