lambdaBS,lambdaUE,loss_thresh,mean_rate,threshold rate
25,1500,10.0000000000000000,92062317.2619398683309555,49751892.1543545573949814
