lambdaBS,lambdaUE,loss_thresh,mean_rate,threshold rate
25,2000,0.0000000000000000,57429064.9140639156103134,24743780.2072306536138058
