lambdaBS,lambdaUE,loss_thresh,mean_rate,threshold rate
25,750,10.0000000000000000,128685228.4856506437063217,67509954.7795934379100800
