lambdaBS,lambdaUE,loss_thresh,mean_rate,threshold rate
25,500,10.0000000000000000,222215636.5330757796764374,125566452.2596179842948914
