lambdaBS,lambdaUE,loss_thresh,mean_rate,threshold rate
25,250,20.0000000000000000,286926541.7221158146858215,193463803.5631531178951263
