lambdaBS,lambdaUE,loss_thresh,mean_rate,threshold rate
25,1500,10.0000000000000000,80557282.5083457678556442,41554734.9376213476061821
