lambdaBS,lambdaUE,loss_thresh,mean_rate,threshold rate
25,250,50.0000000000000000,283125772.5286636352539062,280670428.5236588120460510
