lambdaBS,lambdaUE,loss_thresh,mean_rate,threshold rate
25,750,100.0000000000000000,120859099.2272561937570572,399730727.7806866168975830
