lambdaBS,lambdaUE,loss_thresh,mean_rate,threshold rate
25,250,30.0000000000000036,277669285.1619676947593689,226466128.9809019863605499
