lambdaBS,lambdaUE,loss_thresh,mean_rate,threshold rate
25,250,0.0000000000000000,295615349.8246500492095947,136531286.3078213632106781
