lambdaBS,lambdaUE,loss_thresh,mean_rate,threshold rate
25,750,40.0000000000000000,148475166.3147248327732086,95771642.6024103760719299
