lambdaBS,lambdaUE,loss_thresh,mean_rate,threshold rate
25,2000,40.0000000000000000,56868228.2897503301501274,38834477.8739521354436874
