lambdaBS,lambdaUE,loss_thresh,mean_rate,threshold rate
25,2000,100.0000000000000000,61632913.3410553112626076,399393802.2732510566711426
