lambdaBS,lambdaUE,loss_thresh,mean_rate,threshold rate
25,750,20.0000000000000000,155637274.1525279581546783,87569908.3970467746257782
