lambdaBS,lambdaUE,loss_thresh,mean_rate,threshold rate
25,500,10.0000000000000000,195590553.7730862498283386,103164790.8925166279077530
