lambdaBS,lambdaUE,loss_thresh,mean_rate,threshold rate
25,500,60.0000000000000000,199107170.5250081121921539,198266856.1067658662796021
