lambdaBS,lambdaUE,loss_thresh,mean_rate,threshold rate
25,750,50.0000000000000000,120859099.2272561937570572,91855480.8947965502738953
