lambdaBS,lambdaUE,loss_thresh,mean_rate,threshold rate
25,750,80.0000000000000000,110067459.3325697183609009,128940493.6545557081699371
