lambdaBS,lambdaUE,loss_thresh,mean_rate,threshold rate
25,1500,10.0000000000000000,73829411.0891317129135132,37205868.0791677236557007
