lambdaBS,lambdaUE,loss_thresh,mean_rate,threshold rate
25,500,30.0000000000000036,213536480.9752264916896820,143626536.1082102358341217
