lambdaBS,lambdaUE,loss_thresh,mean_rate,threshold rate
25,1000,20.0000000000000000,182141719.9945314526557922,105984664.0434186756610870
