lambdaBS,lambdaUE,loss_thresh,mean_rate,threshold rate
25,750,0.0000000000000000,111706631.5471182018518448,44912247.3048166185617447
