lambdaBS,lambdaUE,loss_thresh,mean_rate,threshold rate
25,250,50.0000000000000000,299332505.5781394839286804,303736621.2626951932907104
