lambdaBS,lambdaUE,loss_thresh,mean_rate,threshold rate
25,1000,50.0000000000000000,129149158.4527609348297119,93057276.5835816264152527
