lambdaBS,lambdaUE,loss_thresh,mean_rate,threshold rate
25,750,80.0000000000000000,160313017.1436156630516052,217641643.6592651903629303
