lambdaBS,lambdaUE,loss_thresh,mean_rate,threshold rate
25,750,80.0000000000000000,130316952.2468164563179016,159814342.3702564835548401
