lambdaBS,lambdaUE,loss_thresh,mean_rate,threshold rate
25,750,90.0000000000000000,153189547.8606058657169342,323564944.4469544291496277
