lambdaBS,lambdaUE,loss_thresh,mean_rate,threshold rate
25,500,100.0000000000000000,199107170.5250081121921539,399702184.5701078176498413
