lambdaBS,lambdaUE,loss_thresh,mean_rate,threshold rate
25,750,80.0000000000000000,107188527.8131493777036667,120652762.2150633633136749
