lambdaBS,lambdaUE,loss_thresh,mean_rate,threshold rate
25,1500,100.0000000000000000,89684275.0049919188022614,399659135.4675068855285645
