lambdaBS,lambdaUE,loss_thresh,mean_rate,threshold rate
25,1500,50.0000000000000000,78767711.9996387362480164,52811237.7171043679118156
