lambdaBS,lambdaUE,loss_thresh,mean_rate,threshold rate
25,250,30.0000000000000036,293948659.0319084525108337,251067661.9585478305816650
