lambdaBS,lambdaUE,loss_thresh,mean_rate,threshold rate
25,500,20.0000000000000000,265835760.0160096287727356,176920000.7504734694957733
