lambdaBS,lambdaUE,loss_thresh,mean_rate,threshold rate
25,1000,80.0000000000000000,120799011.2299765646457672,145273647.1432361304759979
