lambdaBS,lambdaUE,loss_thresh,mean_rate,threshold rate
25,1500,0.0000000000000000,67382523.1430252790451050,20908333.4213649891316891
