lambdaBS,lambdaUE,loss_thresh,mean_rate,threshold rate
25,1500,80.0000000000000000,57213386.9327307641506195,48113913.9603684768080711
