lambdaBS,lambdaUE,loss_thresh,mean_rate,threshold rate
25,250,90.0000000000000000,255731689.2758204042911530,376407373.5787461996078491
