lambdaBS,lambdaUE,loss_thresh,mean_rate,threshold rate
25,1000,40.0000000000000000,166101768.3984597921371460,108992880.8724653273820877
