lambdaBS,lambdaUE,loss_thresh,mean_rate,threshold rate
25,250,20.0000000000000000,277994868.6527094244956970,178484940.4213878512382507
