lambdaBS,lambdaUE,loss_thresh,mean_rate,threshold rate
25,1500,60.0000000000000000,93781553.4857155680656433,68576061.0746522843837738
