lambdaBS,lambdaUE,loss_thresh,mean_rate,threshold rate
25,250,80.0000000000000000,283907712.6400912404060364,368997621.9002096056938171
