lambdaBS,lambdaUE,loss_thresh,mean_rate,threshold rate
25,750,60.0000000000000000,144227377.7009856700897217,108293654.1395674943923950
