lambdaBS,lambdaUE,loss_thresh,mean_rate,threshold rate
25,2000,40.0000000000000000,73749756.5873665809631348,49385392.0244090259075165
