lambdaBS,lambdaUE,loss_thresh,mean_rate,threshold rate
25,1000,40.0000000000000000,122439636.0881149470806122,80165600.2343615591526031
