lambdaBS,lambdaUE,loss_thresh,mean_rate,threshold rate
25,1000,80.0000000000000000,144356258.8307785093784332,198079438.7670537829399109
