lambdaBS,lambdaUE,loss_thresh,mean_rate,threshold rate
25,2000,10.0000000000000000,68214893.4247093647718430,36145041.6611705720424652
