lambdaBS,lambdaUE,loss_thresh,mean_rate,threshold rate
25,2000,80.0000000000000000,62474752.9353357851505280,52706670.9630633220076561
