lambdaBS,lambdaUE,loss_thresh,mean_rate,threshold rate
25,250,80.0000000000000000,288235448.7020944952964783,370782640.5723956823348999
