lambdaBS,lambdaUE,loss_thresh,mean_rate,threshold rate
25,2000,0.0000000000000000,56889127.1473166272044182,21127671.9393436945974827
