lambdaBS,lambdaUE,loss_thresh,mean_rate,threshold rate
25,2000,0.0000000000000000,62474752.9353357851505280,17910754.9828163497149944
