lambdaBS,lambdaUE,loss_thresh,mean_rate,threshold rate
25,500,10.0000000000000000,186607459.9680850803852081,96390530.4414823055267334
