lambdaBS,lambdaUE,loss_thresh,mean_rate,threshold rate
25,2000,10.0000000000000000,55476733.6250363066792488,29270744.7058176770806313
