lambdaBS,lambdaUE,loss_thresh,mean_rate,threshold rate
25,500,20.0000000000000000,147184847.5805005431175232,87190070.5257048457860947
