lambdaBS,lambdaUE,loss_thresh,mean_rate,threshold rate
25,2000,20.0000000000000000,63408999.9613129720091820,34528705.1580254510045052
