lambdaBS,lambdaUE,loss_thresh,mean_rate,threshold rate
25,750,30.0000000000000036,165878903.1768380403518677,114270666.9448943287134171
