lambdaBS,lambdaUE,loss_thresh,mean_rate,threshold rate
25,1500,90.0000000000000000,77123393.8701012432575226,131501754.8298337608575821
