lambdaBS,lambdaUE,loss_thresh,mean_rate,threshold rate
25,500,80.0000000000000000,186607459.9680850803852081,291036940.7431260943412781
