lambdaBS,lambdaUE,loss_thresh,mean_rate,threshold rate
25,250,90.0000000000000000,299332505.5781394839286804,390783295.4611783027648926
