lambdaBS,lambdaUE,loss_thresh,mean_rate,threshold rate
25,750,70.0000000000000000,196806957.2354021370410919,236322008.9419804513454437
