lambdaBS,lambdaUE,loss_thresh,mean_rate,threshold rate
25,1000,70.0000000000000000,110610317.5281575471162796,93766128.0786282718181610
