lambdaBS,lambdaUE,loss_thresh,mean_rate,threshold rate
25,250,100.0000000000000000,296574467.2671362757682800,399411394.2282523512840271
