lambdaBS,lambdaUE,loss_thresh,mean_rate,threshold rate
25,500,40.0000000000000000,205437894.8055492043495178,145559159.6438336074352264
