lambdaBS,lambdaUE,loss_thresh,mean_rate,threshold rate
25,1000,0.0000000000000000,163810821.3535307943820953,68486526.7501768320798874
