lambdaBS,lambdaUE,loss_thresh,mean_rate,threshold rate
25,750,50.0000000000000000,160313017.1436156630516052,122167847.0211359411478043
