lambdaBS,lambdaUE,loss_thresh,mean_rate,threshold rate
25,500,90.0000000000000000,221349025.4847458004951477,363254533.4273898601531982
