lambdaBS,lambdaUE,loss_thresh,mean_rate,threshold rate
25,500,50.0000000000000000,217783064.0025576353073120,193659940.8849163651466370
