lambdaBS,lambdaUE,loss_thresh,mean_rate,threshold rate
25,250,90.0000000000000000,272772754.1196290254592896,383311961.9509679675102234
