lambdaBS,lambdaUE,loss_thresh,mean_rate,threshold rate
25,1500,90.0000000000000000,61321809.6150320470333099,81255146.1282634437084198
