lambdaBS,lambdaUE,loss_thresh,mean_rate,threshold rate
25,1500,80.0000000000000000,89684275.0049919188022614,91499043.7555312514305115
