lambdaBS,lambdaUE,loss_thresh,mean_rate,threshold rate
25,1000,50.0000000000000000,101448867.7225758433341980,71480891.0395476371049881
