lambdaBS,lambdaUE,loss_thresh,mean_rate,threshold rate
25,1500,90.0000000000000000,85543066.2445224225521088,181986212.9876063466072083
