lambdaBS,lambdaUE,loss_thresh,mean_rate,threshold rate
25,1000,60.0000000000000000,130299161.8032526373863220,103356881.1034770756959915
