lambdaBS,lambdaUE,loss_thresh,mean_rate,threshold rate
25,750,80.0000000000000000,182664999.0430847704410553,280110028.3210504651069641
