lambdaBS,lambdaUE,loss_thresh,mean_rate,threshold rate
25,250,100.0000000000000000,293049810.8440539836883545,399927456.6759308576583862
