lambdaBS,lambdaUE,loss_thresh,mean_rate,threshold rate
25,750,100.0000000000000000,131212270.4838777333498001,399870736.3658972978591919
