lambdaBS,lambdaUE,loss_thresh,mean_rate,threshold rate
25,1000,90.0000000000000000,139020875.1377535760402679,304625135.3173284530639648
