lambdaBS,lambdaUE,loss_thresh,mean_rate,threshold rate
25,1500,0.0000000000000000,74503587.4433700144290924,27314334.1722890883684158
