lambdaBS,lambdaUE,loss_thresh,mean_rate,threshold rate
25,1000,10.0000000000000000,114102832.8003760874271393,57934261.1632920131087303
