lambdaBS,lambdaUE,loss_thresh,mean_rate,threshold rate
25,750,0.0000000000000000,153203903.3199640512466431,62881791.7610176354646683
