lambdaBS,lambdaUE,loss_thresh,mean_rate,threshold rate
25,2000,0.0000000000000000,42136691.0408588349819183,13020281.1537775304168463
