lambdaBS,lambdaUE,loss_thresh,mean_rate,threshold rate
25,250,40.0000000000000000,308098058.5486901998519897,296010775.4117466211318970
