lambdaBS,lambdaUE,loss_thresh,mean_rate,threshold rate
25,250,40.0000000000000000,290258261.3553092479705811,268662527.6772862076759338
