lambdaBS,lambdaUE,loss_thresh,mean_rate,threshold rate
25,1500,30.0000000000000036,92062317.2619398683309555,57734500.5239654928445816
