lambdaBS,lambdaUE,loss_thresh,mean_rate,threshold rate
25,1500,30.0000000000000036,75120587.7769700735807419,46851639.6744201928377151
