lambdaBS,lambdaUE,loss_thresh,mean_rate,threshold rate
25,1000,90.0000000000000000,115083360.2753917276859283,247533095.3147850930690765
