lambdaBS,lambdaUE,loss_thresh,mean_rate,threshold rate
25,750,20.0000000000000000,194051128.7470055520534515,108069025.4088120609521866
