lambdaBS,lambdaUE,loss_thresh,mean_rate,threshold rate
25,250,50.0000000000000000,296176002.5036040544509888,293729574.4113880991935730
