lambdaBS,lambdaUE,loss_thresh,mean_rate,threshold rate
25,1500,20.0000000000000000,87984004.9698738157749176,51127433.8660363405942917
