lambdaBS,lambdaUE,loss_thresh,mean_rate,threshold rate
25,1000,30.0000000000000036,83427377.7444459795951843,54692940.5859821438789368
