lambdaBS,lambdaUE,loss_thresh,mean_rate,threshold rate
25,1000,50.0000000000000000,93914965.5223555415868759,64570151.4046103879809380
