lambdaBS,lambdaUE,loss_thresh,mean_rate,threshold rate
25,250,40.0000000000000000,260840409.3548102676868439,229491565.2154784202575684
