lambdaBS,lambdaUE,loss_thresh,mean_rate,threshold rate
25,500,60.0000000000000000,203270399.0365623831748962,203092427.9127348661422729
