lambdaBS,lambdaUE,loss_thresh,mean_rate,threshold rate
25,2000,20.0000000000000000,65966018.1752099320292473,37273524.5941270291805267
