lambdaBS,lambdaUE,loss_thresh,mean_rate,threshold rate
25,1500,10.0000000000000000,74605920.9676925241947174,41753471.8103172034025192
