lambdaBS,lambdaUE,loss_thresh,mean_rate,threshold rate
25,750,60.0000000000000000,124535802.8954550325870514,94121563.1476806998252869
