lambdaBS,lambdaUE,loss_thresh,mean_rate,threshold rate
25,250,90.0000000000000000,305050831.5635651946067810,390734506.7589733004570007
