lambdaBS,lambdaUE,loss_thresh,mean_rate,threshold rate
25,250,0.0000000000000000,303594684.2354417443275452,128860862.2927767038345337
