lambdaBS,lambdaUE,loss_thresh,mean_rate,threshold rate
25,1500,10.0000000000000000,82138213.9431901574134827,42279147.3895235657691956
