lambdaBS,lambdaUE,loss_thresh,mean_rate,threshold rate
25,500,80.0000000000000000,194343964.8573822081089020,323344887.3543960452079773
