lambdaBS,lambdaUE,loss_thresh,mean_rate,threshold rate
25,2000,90.0000000000000000,93373758.2512785494327545,201200359.3365728855133057
