lambdaBS,lambdaUE,loss_thresh,mean_rate,threshold rate
25,500,30.0000000000000036,166593563.4842134714126587,109332659.9550466239452362
