lambdaBS,lambdaUE,loss_thresh,mean_rate,threshold rate
25,2000,70.0000000000000000,81930753.8390030562877655,66797520.1829959824681282
