lambdaBS,lambdaUE,loss_thresh,mean_rate,threshold rate
25,500,10.0000000000000000,219131539.3926328122615814,116839311.9862081259489059
