lambdaBS,lambdaUE,loss_thresh,mean_rate,threshold rate
25,1000,40.0000000000000000,122483095.9288169890642166,83335573.9335258752107620
