lambdaBS,lambdaUE,loss_thresh,mean_rate,threshold rate
25,2000,70.0000000000000000,97467207.1818301230669022,85748502.2186319231987000
