lambdaBS,lambdaUE,loss_thresh,mean_rate,threshold rate
25,250,100.0000000000000000,270799507.3649336099624634,399866582.8451191186904907
