lambdaBS,lambdaUE,loss_thresh,mean_rate,threshold rate
25,1500,10.0000000000000000,61583977.8417275696992874,33688782.1001291722059250
