lambdaBS,lambdaUE,loss_thresh,mean_rate,threshold rate
25,750,60.0000000000000000,130316952.2468164563179016,103991591.0637716799974442
