lambdaBS,lambdaUE,loss_thresh,mean_rate,threshold rate
25,1000,40.0000000000000000,97667317.5592616945505142,64474394.0961271077394485
