lambdaBS,lambdaUE,loss_thresh,mean_rate,threshold rate
25,250,70.0000000000000000,305050831.5635651946067810,366283577.4971826672554016
