lambdaBS,lambdaUE,loss_thresh,mean_rate,threshold rate
25,1000,30.0000000000000036,120799011.2299765646457672,76508025.3871479034423828
