lambdaBS,lambdaUE,loss_thresh,mean_rate,threshold rate
25,1000,30.0000000000000036,89515023.9713359624147415,56595997.6050679236650467
