lambdaBS,lambdaUE,loss_thresh,mean_rate,threshold rate
25,750,80.0000000000000000,153203903.3199640512466431,204303570.3355627059936523
