lambdaBS,lambdaUE,loss_thresh,mean_rate,threshold rate
25,250,20.0000000000000000,255731689.2758204042911530,168069463.5372535288333893
