lambdaBS,lambdaUE,loss_thresh,mean_rate,threshold rate
25,1500,30.0000000000000036,55514229.2758087590336800,36312674.8510165661573410
