lambdaBS,lambdaUE,loss_thresh,mean_rate,threshold rate
25,750,90.0000000000000000,136120457.0908496379852295,300502958.4167098999023438
