lambdaBS,lambdaUE,loss_thresh,mean_rate,threshold rate
25,2000,40.0000000000000000,79331113.0898984372615814,52391327.6849972754716873
