lambdaBS,lambdaUE,loss_thresh,mean_rate,threshold rate
25,500,20.0000000000000000,220033116.1265414655208588,137514365.3107562065124512
