lambdaBS,lambdaUE,loss_thresh,mean_rate,threshold rate
25,1500,20.0000000000000000,86833242.0973747521638870,45384726.2781499251723289
