lambdaBS,lambdaUE,loss_thresh,mean_rate,threshold rate
25,1000,80.0000000000000000,80602078.3696055114269257,72973417.9079802781343460
