lambdaBS,lambdaUE,loss_thresh,mean_rate,threshold rate
25,750,50.0000000000000000,110067459.3325697183609009,79171858.8579585552215576
