lambdaBS,lambdaUE,loss_thresh,mean_rate,threshold rate
25,250,20.0000000000000000,291621054.1188374757766724,203706223.3256044089794159
