lambdaBS,lambdaUE,loss_thresh,mean_rate,threshold rate
25,500,40.0000000000000000,147745943.8734732270240784,99571274.5270722806453705
