lambdaBS,lambdaUE,loss_thresh,mean_rate,threshold rate
25,500,50.0000000000000000,245333896.6028930246829987,230641014.9512312114238739
