lambdaBS,lambdaUE,loss_thresh,mean_rate,threshold rate
25,1000,0.0000000000000000,89515023.9713359624147415,38598154.3335765153169632
