lambdaBS,lambdaUE,loss_thresh,mean_rate,threshold rate
25,2000,90.0000000000000000,44935888.3266390934586525,51816619.9765971153974533
