lambdaBS,lambdaUE,loss_thresh,mean_rate,threshold rate
25,1500,90.0000000000000000,82045455.3809620738029480,145257931.4680833220481873
