lambdaBS,lambdaUE,loss_thresh,mean_rate,threshold rate
25,750,60.0000000000000000,145335754.2808541059494019,120456214.5710209608078003
