lambdaBS,lambdaUE,loss_thresh,mean_rate,threshold rate
25,750,10.0000000000000000,155942695.8685144484043121,80094872.0984957516193390
