lambdaBS,lambdaUE,loss_thresh,mean_rate,threshold rate
25,2000,70.0000000000000000,73371870.8934513032436371,61502418.7750941514968872
