lambdaBS,lambdaUE,loss_thresh,mean_rate,threshold rate
25,1500,30.0000000000000036,68718540.8915736228227615,47620943.6352421939373016
