lambdaBS,lambdaUE,loss_thresh,mean_rate,threshold rate
25,1000,60.0000000000000000,131040853.7542281001806259,102423441.9079704433679581
