lambdaBS,lambdaUE,loss_thresh,mean_rate,threshold rate
25,750,40.0000000000000000,182664999.0430847704410553,128059468.2397062033414841
