lambdaBS,lambdaUE,loss_thresh,mean_rate,threshold rate
25,250,10.0000000000000000,302831688.7323762178421021,200943767.1177319288253784
