lambdaBS,lambdaUE,loss_thresh,mean_rate,threshold rate
25,750,60.0000000000000000,131212270.4838777333498001,100811382.1455831527709961
