lambdaBS,lambdaUE,loss_thresh,mean_rate,threshold rate
25,1000,0.0000000000000000,102167493.6697952896356583,40475431.0811625644564629
