lambdaBS,lambdaUE,loss_thresh,mean_rate,threshold rate
25,1500,20.0000000000000000,60184069.0373658239841461,35434861.4903211593627930
