lambdaBS,lambdaUE,loss_thresh,mean_rate,threshold rate
25,250,20.0000000000000000,291682658.3846660852432251,222207654.7552245259284973
