lambdaBS,lambdaUE,loss_thresh,mean_rate,threshold rate
25,500,30.0000000000000036,173955911.9568229019641876,101072719.5438787490129471
