lambdaBS,lambdaUE,loss_thresh,mean_rate,threshold rate
25,2000,40.0000000000000000,86273476.0627824366092682,54860908.2775399014353752
