lambdaBS,lambdaUE,loss_thresh,mean_rate,threshold rate
25,500,40.0000000000000000,221997534.0487715601921082,178922050.5282160341739655
