lambdaBS,lambdaUE,loss_thresh,mean_rate,threshold rate
25,500,10.0000000000000000,233428498.1046710014343262,127715143.2663009464740753
