lambdaBS,lambdaUE,loss_thresh,mean_rate,threshold rate
25,500,10.0000000000000000,162556468.4388157427310944,88568305.1366969496011734
