lambdaBS,lambdaUE,loss_thresh,mean_rate,threshold rate
25,1000,50.0000000000000000,114890645.1741123199462891,82692640.8483535647392273
