lambdaBS,lambdaUE,loss_thresh,mean_rate,threshold rate
25,1500,30.0000000000000036,77123393.8701012432575226,49255904.4671722650527954
