lambdaBS,lambdaUE,loss_thresh,mean_rate,threshold rate
25,1500,10.0000000000000000,75470483.9172180294990540,39985108.7255963757634163
