lambdaBS,lambdaUE,loss_thresh,mean_rate,threshold rate
25,1000,10.0000000000000000,91361207.9844168722629547,50260640.9619410187005997
