lambdaBS,lambdaUE,loss_thresh,mean_rate,threshold rate
25,500,40.0000000000000000,176673053.5490611493587494,118327849.7266917526721954
