lambdaBS,lambdaUE,loss_thresh,mean_rate,threshold rate
25,500,100.0000000000000000,230025780.0667336583137512,399949419.8368976712226868
