lambdaBS,lambdaUE,loss_thresh,mean_rate,threshold rate
25,1000,20.0000000000000000,110610317.5281575471162796,69842990.7340320646762848
