lambdaBS,lambdaUE,loss_thresh,mean_rate,threshold rate
25,500,80.0000000000000000,195674695.3438490331172943,293211170.3698612451553345
