lambdaBS,lambdaUE,loss_thresh,mean_rate,threshold rate
25,750,80.0000000000000000,128259416.4522450715303421,164074576.2271963953971863
