lambdaBS,lambdaUE,loss_thresh,mean_rate,threshold rate
25,250,20.0000000000000000,305050831.5635651946067810,239528970.4926571249961853
