lambdaBS,lambdaUE,loss_thresh,mean_rate,threshold rate
25,250,60.0000000000000000,298981477.9053134322166443,325526380.1344761252403259
