lambdaBS,lambdaUE,loss_thresh,mean_rate,threshold rate
25,2000,80.0000000000000000,48414339.5269311964511871,41823326.6156335473060608
