lambdaBS,lambdaUE,loss_thresh,mean_rate,threshold rate
25,750,50.0000000000000000,153198712.8203188180923462,111389895.2828634083271027
