lambdaBS,lambdaUE,loss_thresh,mean_rate,threshold rate
25,1500,20.0000000000000000,55514229.2758087590336800,34129712.8622470200061798
