lambdaBS,lambdaUE,loss_thresh,mean_rate,threshold rate
25,1500,40.0000000000000000,57213386.9327307641506195,37881907.3872858881950378
