lambdaBS,lambdaUE,loss_thresh,mean_rate,threshold rate
25,500,90.0000000000000000,213536480.9752264916896820,376747224.2637463212013245
