lambdaBS,lambdaUE,loss_thresh,mean_rate,threshold rate
25,250,10.0000000000000000,296176002.5036040544509888,198831743.8207758665084839
