lambdaBS,lambdaUE,loss_thresh,mean_rate,threshold rate
25,250,30.0000000000000036,296574467.2671362757682800,258246147.8987591266632080
