lambdaBS,lambdaUE,loss_thresh,mean_rate,threshold rate
25,500,40.0000000000000000,164752846.7565250396728516,108185070.3388306349515915
