lambdaBS,lambdaUE,loss_thresh,mean_rate,threshold rate
25,2000,90.0000000000000000,79331113.0898984372615814,149653391.3549906909465790
