lambdaBS,lambdaUE,loss_thresh,mean_rate,threshold rate
25,250,60.0000000000000000,277564207.0828672647476196,307571721.4817063808441162
