lambdaBS,lambdaUE,loss_thresh,mean_rate,threshold rate
25,1000,40.0000000000000000,115083360.2753917276859283,74030510.7190986126661301
