lambdaBS,lambdaUE,loss_thresh,mean_rate,threshold rate
25,2000,0.0000000000000000,61446935.6204690188169479,18421541.5449345260858536
