lambdaBS,lambdaUE,loss_thresh,mean_rate,threshold rate
25,500,60.0000000000000000,169128446.8036064505577087,138594180.7921242415904999
