lambdaBS,lambdaUE,loss_thresh,mean_rate,threshold rate
25,2000,50.0000000000000000,86273476.0627824366092682,58482663.1390432417392731
