lambdaBS,lambdaUE,loss_thresh,mean_rate,threshold rate
25,250,50.0000000000000000,291621054.1188374757766724,306165652.4728648066520691
