lambdaBS,lambdaUE,loss_thresh,mean_rate,threshold rate
25,250,10.0000000000000000,291223714.7254930138587952,185590936.5995329022407532
