lambdaBS,lambdaUE,loss_thresh,mean_rate,threshold rate
25,500,10.0000000000000000,221997534.0487715601921082,122515448.0780435204505920
