lambdaBS,lambdaUE,loss_thresh,mean_rate,threshold rate
25,1000,20.0000000000000000,83427377.7444459795951843,52279655.9199002981185913
