lambdaBS,lambdaUE,loss_thresh,mean_rate,threshold rate
25,500,10.0000000000000000,147745943.8734732270240784,83511596.5022312104701996
