lambdaBS,lambdaUE,loss_thresh,mean_rate,threshold rate
25,250,70.0000000000000000,242677647.4639374315738678,303624407.5098361968994141
