lambdaBS,lambdaUE,loss_thresh,mean_rate,threshold rate
25,500,70.0000000000000000,170347966.1752496361732483,180652836.3789016008377075
