lambdaBS,lambdaUE,loss_thresh,mean_rate,threshold rate
25,2000,60.0000000000000000,56148353.5995105504989624,42057390.9490166902542114
