lambdaBS,lambdaUE,loss_thresh,mean_rate,threshold rate
25,1000,40.0000000000000000,129711416.1369701772928238,84840711.4543060958385468
