lambdaBS,lambdaUE,loss_thresh,mean_rate,threshold rate
25,1500,60.0000000000000000,107689697.7194018512964249,85077492.8964197337627411
