lambdaBS,lambdaUE,loss_thresh,mean_rate,threshold rate
25,750,20.0000000000000000,162843666.1541970372200012,92023647.7000109404325485
