lambdaBS,lambdaUE,loss_thresh,mean_rate,threshold rate
25,2000,20.0000000000000000,56685397.6138151958584785,31990602.1133119761943817
