lambdaBS,lambdaUE,loss_thresh,mean_rate,threshold rate
25,1000,90.0000000000000000,129177701.3151416480541229,288840028.1864954233169556
