lambdaBS,lambdaUE,loss_thresh,mean_rate,threshold rate
25,2000,80.0000000000000000,88260216.0241076797246933,90150370.1798377186059952
