lambdaBS,lambdaUE,loss_thresh,mean_rate,threshold rate
25,250,10.0000000000000000,283048216.4289863705635071,171373659.7872924208641052
