lambdaBS,lambdaUE,loss_thresh,mean_rate,threshold rate
25,1000,20.0000000000000000,80646573.2939335107803345,49254731.1919032037258148
