lambdaBS,lambdaUE,loss_thresh,mean_rate,threshold rate
25,2000,70.0000000000000000,68132408.6019668430089951,52949840.7029392942786217
