lambdaBS,lambdaUE,loss_thresh,mean_rate,threshold rate
25,250,60.0000000000000000,293948659.0319084525108337,318670621.9076688289642334
