lambdaBS,lambdaUE,loss_thresh,mean_rate,threshold rate
25,1500,20.0000000000000000,86416574.0809701830148697,49781335.8815355747938156
