lambdaBS,lambdaUE,loss_thresh,mean_rate,threshold rate
25,1500,100.0000000000000000,87984004.9698738157749176,399803865.1357807517051697
