lambdaBS,lambdaUE,loss_thresh,mean_rate,threshold rate
25,1500,30.0000000000000036,77359638.7744346261024475,47934594.9219181761145592
