lambdaBS,lambdaUE,loss_thresh,mean_rate,threshold rate
25,500,0.0000000000000000,230025780.0667336583137512,108995210.2043744921684265
