lambdaBS,lambdaUE,loss_thresh,mean_rate,threshold rate
25,500,10.0000000000000000,245333896.6028930246829987,138181085.5700449645519257
