lambdaBS,lambdaUE,loss_thresh,mean_rate,threshold rate
25,2000,60.0000000000000000,56868228.2897503301501274,43928461.7722804769873619
