lambdaBS,lambdaUE,loss_thresh,mean_rate,threshold rate
25,500,20.0000000000000000,245333896.6028930246829987,156843132.6989800333976746
