lambdaBS,lambdaUE,loss_thresh,mean_rate,threshold rate
25,1000,60.0000000000000000,115083360.2753917276859283,87510439.5901042073965073
