lambdaBS,lambdaUE,loss_thresh,mean_rate,threshold rate
25,250,40.0000000000000000,293378104.0259145498275757,254960846.0003325641155243
