lambdaBS,lambdaUE,loss_thresh,mean_rate,threshold rate
25,1500,0.0000000000000000,75120587.7769700735807419,28029541.7296768464148045
