lambdaBS,lambdaUE,loss_thresh,mean_rate,threshold rate
25,500,80.0000000000000000,219131539.3926328122615814,332947803.9570058584213257
