lambdaBS,lambdaUE,loss_thresh,mean_rate,threshold rate
25,500,50.0000000000000000,147745943.8734732270240784,107275049.5194548666477203
