lambdaBS,lambdaUE,loss_thresh,mean_rate,threshold rate
25,2000,40.0000000000000000,81930753.8390030562877655,53549928.6643651947379112
