lambdaBS,lambdaUE,loss_thresh,mean_rate,threshold rate
25,750,40.0000000000000000,163527801.9001040458679199,110709360.2525773346424103
