lambdaBS,lambdaUE,loss_thresh,mean_rate,threshold rate
25,2000,50.0000000000000000,62300538.9624994173645973,41741313.7242789864540100
