lambdaBS,lambdaUE,loss_thresh,mean_rate,threshold rate
25,2000,20.0000000000000000,71358643.7283172309398651,39609007.5525824874639511
