lambdaBS,lambdaUE,loss_thresh,mean_rate,threshold rate
25,250,10.0000000000000000,286926541.7221158146858215,164949511.8095846176147461
