lambdaBS,lambdaUE,loss_thresh,mean_rate,threshold rate
25,500,80.0000000000000000,236112254.3286349475383759,342202210.7182515859603882
