lambdaBS,lambdaUE,loss_thresh,mean_rate,threshold rate
25,1500,30.0000000000000036,77493754.2026759386062622,49325563.6995308473706245
