lambdaBS,lambdaUE,loss_thresh,mean_rate,threshold rate
25,250,80.0000000000000000,292807224.2829713225364685,380347964.1163694858551025
