lambdaBS,lambdaUE,loss_thresh,mean_rate,threshold rate
25,250,70.0000000000000000,290335956.9735071063041687,339138245.2507182359695435
