lambdaBS,lambdaUE,loss_thresh,mean_rate,threshold rate
25,250,40.0000000000000000,283048216.4289863705635071,260449249.2537921071052551
