lambdaBS,lambdaUE,loss_thresh,mean_rate,threshold rate
25,2000,20.0000000000000000,49952095.1488297507166862,29206782.5195539295673370
