lambdaBS,lambdaUE,loss_thresh,mean_rate,threshold rate
25,750,70.0000000000000000,171167393.7804499864578247,193817958.9792003333568573
