lambdaBS,lambdaUE,loss_thresh,mean_rate,threshold rate
25,1500,20.0000000000000000,93781553.4857155680656433,50368626.8577329367399216
