lambdaBS,lambdaUE,loss_thresh,mean_rate,threshold rate
25,2000,0.0000000000000000,38792331.2653004229068756,12187132.9928066711872816
