lambdaBS,lambdaUE,loss_thresh,mean_rate,threshold rate
25,500,60.0000000000000000,221349025.4847458004951477,219641131.5447598695755005
