lambdaBS,lambdaUE,loss_thresh,mean_rate,threshold rate
25,1000,10.0000000000000000,139020875.1377535760402679,70824809.6144111454486847
