lambdaBS,lambdaUE,loss_thresh,mean_rate,threshold rate
25,1500,100.0000000000000000,80983968.8130644857883453,398607165.2377128601074219
