lambdaBS,lambdaUE,loss_thresh,mean_rate,threshold rate
25,1500,50.0000000000000000,92062317.2619398683309555,64626720.1803245842456818
