lambdaBS,lambdaUE,loss_thresh,mean_rate,threshold rate
25,500,60.0000000000000000,170347966.1752496361732483,138393484.2020770609378815
