lambdaBS,lambdaUE,loss_thresh,mean_rate,threshold rate
25,1000,50.0000000000000000,113635323.4658593386411667,76756203.7668226659297943
