lambdaBS,lambdaUE,loss_thresh,mean_rate,threshold rate
25,750,30.0000000000000036,199707429.1686598360538483,119513753.0517459809780121
