lambdaBS,lambdaUE,loss_thresh,mean_rate,threshold rate
25,1000,20.0000000000000000,114890645.1741123199462891,67902952.9987875819206238
