lambdaBS,lambdaUE,loss_thresh,mean_rate,threshold rate
25,750,40.0000000000000000,153189547.8606058657169342,101972697.9744469821453094
