lambdaBS,lambdaUE,loss_thresh,mean_rate,threshold rate
25,750,20.0000000000000000,154007311.5975665748119354,93348923.2328170686960220
