lambdaBS,lambdaUE,loss_thresh,mean_rate,threshold rate
25,750,50.0000000000000000,133653561.4949979335069656,99781288.1407049000263214
