lambdaBS,lambdaUE,loss_thresh,mean_rate,threshold rate
25,750,50.0000000000000000,148475166.3147248327732086,105999560.6605338454246521
