lambdaBS,lambdaUE,loss_thresh,mean_rate,threshold rate
25,750,10.0000000000000000,193603912.5965301394462585,98046401.3784098625183105
