lambdaBS,lambdaUE,loss_thresh,mean_rate,threshold rate
25,500,40.0000000000000000,223558238.5231485366821289,175646044.6133943796157837
