lambdaBS,lambdaUE,loss_thresh,mean_rate,threshold rate
25,500,0.0000000000000000,194679458.9382317662239075,80559410.8809176236391068
