lambdaBS,lambdaUE,loss_thresh,mean_rate,threshold rate
25,250,0.0000000000000000,300508665.4237394928932190,145595214.5798926353454590
