lambdaBS,lambdaUE,loss_thresh,mean_rate,threshold rate
25,2000,90.0000000000000000,61632913.3410553112626076,90798426.9620613902807236
