lambdaBS,lambdaUE,loss_thresh,mean_rate,threshold rate
25,500,0.0000000000000000,194343964.8573822081089020,69314373.0648056119680405
