lambdaBS,lambdaUE,loss_thresh,mean_rate,threshold rate
25,2000,80.0000000000000000,45305208.7174745053052902,39532231.4699413105845451
