lambdaBS,lambdaUE,loss_thresh,mean_rate,threshold rate
25,750,90.0000000000000000,139607656.5568103492259979,297262046.6286913752555847
