lambdaBS,lambdaUE,loss_thresh,mean_rate,threshold rate
25,2000,70.0000000000000000,38792331.2653004229068756,31627424.9878614097833633
