lambdaBS,lambdaUE,loss_thresh,mean_rate,threshold rate
25,750,70.0000000000000000,145335754.2808541059494019,141373997.3053035140037537
