lambdaBS,lambdaUE,loss_thresh,mean_rate,threshold rate
25,500,100.0000000000000000,195700273.4462177753448486,399467277.0395607948303223
