lambdaBS,lambdaUE,loss_thresh,mean_rate,threshold rate
25,2000,100.0000000000000000,53611676.5190386399626732,398362369.6187400221824646
