lambdaBS,lambdaUE,loss_thresh,mean_rate,threshold rate
25,1500,80.0000000000000000,68718540.8915736228227615,64103825.4759904220700264
