lambdaBS,lambdaUE,loss_thresh,mean_rate,threshold rate
25,750,70.0000000000000000,167255350.6905601918697357,179668119.6174581348896027
