lambdaBS,lambdaUE,loss_thresh,mean_rate,threshold rate
25,250,90.0000000000000000,252513333.8873901963233948,380884766.3773031830787659
