lambdaBS,lambdaUE,loss_thresh,mean_rate,threshold rate
25,500,20.0000000000000000,194679458.9382317662239075,114452250.9164503812789917
