lambdaBS,lambdaUE,loss_thresh,mean_rate,threshold rate
25,1500,50.0000000000000000,77866211.4340708404779434,51810686.0087772682309151
