lambdaBS,lambdaUE,loss_thresh,mean_rate,threshold rate
25,500,30.0000000000000036,188991611.3950321078300476,115626158.4514720439910889
