lambdaBS,lambdaUE,loss_thresh,mean_rate,threshold rate
25,500,60.0000000000000000,206814532.6901633739471436,202556106.2204258143901825
