lambdaBS,lambdaUE,loss_thresh,mean_rate,threshold rate
25,500,80.0000000000000000,175424909.6674039661884308,249077695.4205508232116699
