lambdaBS,lambdaUE,loss_thresh,mean_rate,threshold rate
25,750,80.0000000000000000,154230337.7962758541107178,216510108.4240548610687256
