lambdaBS,lambdaUE,loss_thresh,mean_rate,threshold rate
25,750,100.0000000000000000,162843666.1541970372200012,399933854.1721881628036499
