lambdaBS,lambdaUE,loss_thresh,mean_rate,threshold rate
25,250,50.0000000000000000,283048216.4289863705635071,292985861.4162725210189819
