lambdaBS,lambdaUE,loss_thresh,mean_rate,threshold rate
25,750,90.0000000000000000,140012112.6677200198173523,309418763.1273401975631714
