lambdaBS,lambdaUE,loss_thresh,mean_rate,threshold rate
25,250,0.0000000000000000,270681329.2155610322952271,133666090.5375882089138031
