lambdaBS,lambdaUE,loss_thresh,mean_rate,threshold rate
25,250,0.0000000000000000,305050831.5635651946067810,152088595.0208167433738708
