lambdaBS,lambdaUE,loss_thresh,mean_rate,threshold rate
25,2000,50.0000000000000000,41594880.9075666889548302,29610659.1831010207533836
