UE idx,lambdaBS,lambdaUE,numBlockers,rate_before_handoff,rate_after_handoff,rate_before_handoff_affected,rate_after_handoff_affected,rate_mmW
1,25,230,400,3.011001e+08,301051538.4526129961013794,258588509.8652353882789612,258466173.8079400956630707,299393663.2261492013931274
