UE idx,lambdaBS,lambdaUE,numBlockers,rate_before_handoff,rate_after_handoff,rate_before_handoff_affected,rate_after_handoff_affected,rate_mmW
1,25,220,400,2.570578e+08,256582065.1334185898303986,246772671.0151528716087341,245888874.8456694781780243,617558578.6539133787155151
