UE idx,lambdaBS,lambdaUE,numBlockers,powFactor,rate_before_handoff,rate_after_handoff,rate_mmW
1,25,50,400,1000,295361110.6201549172401428,223448107.4591215252876282,8220302647.6957654953002930
