lambdaBS,lambdaUE,numBlockers,deployRange,minRatereq,powerFac,lower_bound_thresh,lb_rate_before_handoff,scs_1,scs_2,mmW_rate_1,mmW_rate_2,users_not_bb
25,1000,400,40.000000,400000000.000000,100.000000,0.100000,0.3892782251111304,10090013.4087688475847244,89909986.5912311524152756,375048569.2447749376296997,495978038.8325741291046143,9.8169717138103163
