lambdaBS,lambdaUE,numBlockers,deployRange,minRatereq,powerFac,lower_bound_thresh,lb_rate_before_handoff,scs_1,scs_2,mmW_rate_1,mmW_rate_2,users_not_bb
25,1000,400,60.000000,400000000.000000,1.000000,0.100000,0.7018264413295336,50130120.5840915367007256,49869879.4159084632992744,337745184.2335695624351501,3485664214.9605264663696289,4.3936731107205622
