UE idx,lambdaBS,lambdaUE,numBlockers,rate_before_handoff,rate_after_handoff,rate_before_handoff_affected,rate_after_handoff_affected,rate_mmW
1,25,210,400,2.922770e+08,291863039.1504113078117371,264846095.8734697997570038,264134221.7032587826251984,487417302.4517583250999451
