UE idx,lambdaBS,lambdaUE,numBlockers,powFactor,rate_before_handoff,rate_after_handoff,rate_mmW
1,25,50,400,10,326240090.0035728216171265,271620045.0374066233634949,6317470775.0118560791015625
