UE idx,lambdaBS,lambdaUE,numBlockers,rate_before_handoff,rate_after_handoff,rate_before_handoff_affected,rate_after_handoff_affected,rate_mmW
1,25,240,400,2.576712e+08,257182982.2677098810672760,232753414.1990881860256195,232117694.1431586146354675,219376767.0592007040977478
