UE idx,lambdaBS,lambdaUE,numBlockers,rate_before_handoff,rate_after_handoff,rate_before_handoff_affected,rate_after_handoff_affected,rate_mmW
1,25,220,400,2.340484e+08,233232159.6468886137008667,219879175.1338419318199158,218828214.5491043329238892,353063685.2839569449424744
