UE idx,lambdaBS,lambdaUE,numBlockers,rate_before_handoff,rate_after_handoff,rate_before_handoff_affected,rate_after_handoff_affected,rate_mmW
1,25,230,400,2.694711e+08,269159719.0092753171920776,245012446.4573561549186707,244276417.8031517565250397,470860831.2822811603546143
