UE idx,lambdaBS,lambdaUE,numBlockers,powFactor,rate_before_handoff,rate_after_handoff,rate_before_handoff_affected,rate_after_handoff_affected,rate_mmW
1,25,150,400,1,187591944.5388635098934174,291053785.8772004842758179,200544894.0647850632667542,258637935.6423096060752869,1481634465.8507750034332275
