UE idx,lambdaBS,lambdaUE,numBlockers,rate_before_handoff,rate_after_handoff,rate_before_handoff_affected,rate_after_handoff_affected,rate_mmW
1,25,220,400,2.970735e+08,296592739.0969610214233398,282561107.5439254045486450,281876774.8490402698516846,298539329.6496170759201050
