UE idx,lambdaBS,lambdaUE,numBlockers,rate_before_handoff,rate_after_handoff,rate_before_handoff_affected,rate_after_handoff_affected,rate_mmW
1,25,210,400,2.861674e+08,285705575.5799698233604431,286714582.3674768209457397,285910380.7450060844421387,677691642.1902140378952026
