UE idx,lambdaBS,lambdaUE,numBlockers,rate_before_handoff,rate_after_handoff,rate_before_handoff_affected,rate_after_handoff_affected,rate_mmW
1,25,230,400,2.295412e+08,229337459.6944877505302429,209807002.7161263227462769,209548732.4947313368320465,67002517.5590764060616493
