UE idx,lambdaBS,lambdaUE,numBlockers,rate_before_handoff,rate_after_handoff,rate_before_handoff_affected,rate_after_handoff_affected,rate_mmW
1,25,200,400,2.955310e+08,295102251.9848470687866211,268346293.8104660212993622,266829306.7970496416091919,2161709514.0010871887207031
