UE idx,lambdaBS,lambdaUE,numBlockers,rate_before_handoff,rate_after_handoff,rate_before_handoff_affected,rate_after_handoff_affected,rate_mmW
1,25,240,400,2.677046e+08,267134259.4816223382949829,272865513.5545902848243713,271798501.3242384791374207,486388203.1393166184425354
