UE idx,lambdaBS,lambdaUE,numBlockers,rate_before_handoff,rate_after_handoff,rate_before_handoff_affected,rate_after_handoff_affected,rate_mmW
1,25,250,400,1.976334e+08,197253892.8693019747734070,175885186.8508558869361877,175357050.9181976616382599,169117612.5482279062271118
