UE idx,lambdaBS,lambdaUE,numBlockers,rate_before_handoff,rate_after_handoff,rate_before_handoff_affected,rate_after_handoff_affected,rate_mmW
1,25,200,400,2.890174e+08,288421905.3378319740295410,285840920.8666715025901794,284749403.8074970841407776,1064682328.6815779209136963
