UE idx,lambdaBS,lambdaUE,numBlockers,powFactor,rate_before_handoff,rate_after_handoff,rate_before_handoff_affected,rate_after_handoff_affected,rate_mmW
1,25,150,400,1,180842875.8229558765888214,281309224.3708916902542114,149978547.8572269082069397,220744697.6871626675128937,517620036.9932057857513428
