UE idx,lambdaBS,lambdaUE,numBlockers,powFactor,rate_before_handoff,rate_after_handoff,rate_mmW
1,25,40,400,1000,323371164.8885990977287292,268764577.3754804134368896,9257817559.0676059722900391
