UE idx,lambdaBS,lambdaUE,numBlockers,rate_before_handoff,rate_after_handoff,rate_before_handoff_affected,rate_after_handoff_affected,rate_mmW
1,25,240,400,3.023278e+08,300018569.7868661880493164,269597890.0460792779922485,256534266.9422209858894348,3533812576.2247076034545898
