UE idx,lambdaBS,lambdaUE,numBlockers,powFactor,rate_before_handoff,rate_after_handoff,rate_mmW
1,25,10,400,1000,386148116.3777324557304382,306748310.8540760278701782,9039133634.1943130493164062
