lambdaBS,lambdaUE,numBlockers,deployRange,minRatereq,powerFac,lower_bound_thresh,mmW_rate_1,mmW_rate_2,users_not_bb,mmW_rate_1_small,mmW_rate_2_small,users_not_bb_small
25,250,400,100.000000,100000000.000000,10.000000,0.100000,605102529.2008771896362305,770342265.7043913602828979,7.8947368421052628,272158618.7766469717025757,264722957.8433749973773956,0.6578947368421053
