UE idx,lambdaBS,lambdaUE,numBlockers,rate_before_handoff,rate_after_handoff,rate_before_handoff_affected,rate_after_handoff_affected,rate_mmW
1,25,200,400,2.345943e+08,234364145.8910690844058990,214096883.5386855900287628,213782496.0316534042358398,138972324.9745040833950043
