UE idx,lambdaBS,lambdaUE,numBlockers,rate_before_handoff,rate_after_handoff,rate_before_handoff_affected,rate_after_handoff_affected,rate_mmW
1,25,250,400,2.413463e+08,240916418.6209485530853271,238842781.9018021523952484,238146774.7219829559326172,451803397.9483230113983154
