UE idx,lambdaBS,lambdaUE,numBlockers,rate_before_handoff,rate_after_handoff,rate_before_handoff_affected,rate_after_handoff_affected,rate_mmW
1,25,250,400,2.402217e+08,240011582.9156952798366547,228418697.5923248231410980,228088836.8478542566299438,270128012.2886547446250916
