UE idx,lambdaBS,lambdaUE,numBlockers,powFactor,rate_before_handoff,rate_after_handoff,rate_mmW
1,25,10,400,1000,392042759.0632744431495667,328343379.8586785793304443,11563497707.2296028137207031
