lambdaBS,lambdaUE,numBlockers,deployRange,minRatereq,powerFac,lower_bound_thresh,lb_rate_before_handoff,scs_1,scs_2,mmW_rate_1,mmW_rate_2,users_not_bb
25,1000,400,80.000000,400000000.000000,1.000000,0.100000,0.5462040241954551,35921380.1993602514266968,64078619.8006397485733032,727229538.7348737716674805,790206236.2894461154937744,3.2863849765258215
