lambdaBS,lambdaUE,numBlockers,deployRange,minRatereq,powerFac,lower_bound_thresh,lb_rate_before_handoff,scs_1,scs_2,mmW_rate_1,mmW_rate_2,users_not_bb
25,1000,400,80.000000,400000000.000000,1.000000,0.100000,0.4760597458155965,26479816.2255092561244965,73520183.7744907438755035,355270856.1082646846771240,392496413.9807658791542053,6.7765567765567765
