UE idx,lambdaBS,lambdaUE,numBlockers,rate_before_handoff,rate_after_handoff,rate_before_handoff_affected,rate_after_handoff_affected,rate_mmW
1,25,230,400,2.573431e+08,256976938.9200923740863800,252238248.5953554213047028,251484429.2729598283767700,1386589611.8736371994018555
