UE idx,lambdaBS,lambdaUE,numBlockers,rate_before_handoff,rate_after_handoff,rate_before_handoff_affected,rate_after_handoff_affected,rate_mmW
1,25,240,400,2.659876e+08,266675534.1621174514293671,264933904.8150954842567444,262728047.9268849492073059,2599666364.8343086242675781
