UE idx,lambdaBS,lambdaUE,numBlockers,rate_before_handoff,rate_after_handoff,rate_before_handoff_affected,rate_after_handoff_affected,rate_mmW
1,25,220,400,2.646209e+08,264391018.5371071696281433,275127439.1298618912696838,273227818.7028689384460449,649337272.9276243448257446
