UE idx,lambdaBS,lambdaUE,numBlockers,rate_before_handoff,rate_after_handoff,rate_before_handoff_affected,rate_after_handoff_affected,rate_mmW
1,25,230,400,2.779328e+08,277248492.1417288184165955,263216217.5533133447170258,262068502.4541540145874023,495834405.8768259882926941
