lambdaBS,lambdaUE,numBlockers,deployRange,minRatereq,powerFac,lower_bound_thresh,mmW_rate_1,mmW_rate_2,users_not_bb,mmW_rate_1_small,mmW_rate_2_small,users_not_bb_small
25,250,400,100.000000,50000000.000000,10.000000,0.100000,601954913.7883582115173340,722319402.5291541814804077,7.5862068965517242,304745201.2289926409721375,358806586.9226449131965637,0.6896551724137931
