UE idx,lambdaBS,lambdaUE,numBlockers,rate_before_handoff,rate_after_handoff,rate_before_handoff_affected,rate_after_handoff_affected,rate_mmW
1,25,250,400,2.644391e+08,263845280.2693839967250824,240332112.9259139895439148,239130286.7789040207862854,1850052965.0387203693389893
