lambdaBS,lambdaUE,numBlockers,deployRange,minRatereq,powerFac,lower_bound_thresh,lb_rate_before_handoff,scs_1,scs_2,mmW_rate_1,mmW_rate_2,users_not_bb
25,1000,400,40.000000,400000000.000000,10.000000,0.100000,0.5213155419041362,32862158.9293877482414246,67137841.0706122517585754,1083420574.3361053466796875,1299306475.6013929843902588,6.7615658362989324
