UE idx,lambdaBS,lambdaUE,numBlockers,rate_before_handoff,rate_after_handoff,rate_before_handoff_affected,rate_after_handoff_affected,rate_mmW
1,25,230,400,2.259962e+08,225595382.6366889476776123,205556634.7285956144332886,204889902.4419049918651581,1761656125.9575927257537842
