UE idx,lambdaBS,lambdaUE,numBlockers,rate_before_handoff,rate_after_handoff,rate_before_handoff_affected,rate_after_handoff_affected,rate_mmW
1,25,210,400,2.871615e+08,287216033.3497256636619568,256484867.3653210103511810,256205379.7137747406959534,596668252.9303761720657349
