UE idx,lambdaBS,lambdaUE,numBlockers,rate_before_handoff,rate_after_handoff,rate_before_handoff_affected,rate_after_handoff_affected,rate_mmW
1,25,240,400,2.561926e+08,255640395.7499831914901733,231120967.0023421645164490,230378063.0588986873626709,354447685.8201833963394165
