UE idx,lambdaBS,lambdaUE,numBlockers,rate_before_handoff,rate_after_handoff,rate_before_handoff_affected,rate_after_handoff_affected,rate_mmW
1,25,200,400,2.868965e+08,286238960.0011099576950073,274573760.9711439609527588,273185102.0719074606895447,1979674656.5109689235687256
