UE idx,lambdaBS,lambdaUE,numBlockers,rate_before_handoff,rate_after_handoff,rate_before_handoff_affected,rate_after_handoff_affected,rate_mmW
1,25,240,400,2.764362e+08,275502877.0501556992530823,261828974.5740988850593567,260655100.3000753223896027,739278126.6230912208557129
