UE idx,lambdaBS,lambdaUE,numBlockers,rate_before_handoff,rate_after_handoff,rate_before_handoff_affected,rate_after_handoff_affected,rate_mmW
1,25,250,400,2.499522e+08,249759320.5435637533664703,223345746.8050111532211304,221043804.1878408193588257,1438878762.6381669044494629
