UE idx,lambdaBS,lambdaUE,numBlockers,rate_before_handoff,rate_after_handoff,rate_before_handoff_affected,rate_after_handoff_affected,rate_mmW
1,25,200,400,2.663782e+08,265854303.2593972384929657,236009930.3066815435886383,235150742.6998752355575562,1448994656.1967399120330811
