UE idx,lambdaBS,lambdaUE,numBlockers,rate_before_handoff,rate_after_handoff,rate_before_handoff_affected,rate_after_handoff_affected,rate_mmW
1,25,220,400,2.924210e+08,291613930.7609769701957703,297541626.2501744031906128,296017869.5941752195358276,1640441002.4001789093017578
