UE idx,lambdaBS,lambdaUE,numBlockers,powFactor,rate_before_handoff,rate_after_handoff,rate_mmW
1,25,30,400,1000,356578475.6907197237014771,288727019.6048094034194946,8649888507.2984867095947266
