UE idx,lambdaBS,lambdaUE,numBlockers,rate_before_handoff,rate_after_handoff,rate_before_handoff_affected,rate_after_handoff_affected,rate_mmW
1,25,250,400,2.672324e+08,266004618.9263843894004822,259907660.2866322100162506,257264617.2725225687026978,2048550638.5229616165161133
