UE idx,lambdaBS,lambdaUE,numBlockers,rate_before_handoff,rate_after_handoff,rate_before_handoff_affected,rate_after_handoff_affected,rate_mmW
1,25,240,400,2.658443e+08,265477431.9854199588298798,265938969.4085241556167603,264599097.7159921228885651,1804682942.5273461341857910
