lambdaBS,lambdaUE,numBlockers,deployRange,minRatereq,powerFac,lower_bound_thresh,lb_rate_before_handoff,scs_1,scs_2,mmW_rate_1,mmW_rate_2,users_not_bb
25,1000,400,100.000000,400000000.000000,10.000000,0.100000,0.5592252726516519,37413415.1090093553066254,62586584.8909906446933746,3161547526.5954332351684570,2060465979.0084171295166016,6.9808027923211169
