UE idx,lambdaBS,lambdaUE,numBlockers,rate_before_handoff,rate_after_handoff,rate_before_handoff_affected,rate_after_handoff_affected,rate_mmW
1,25,250,400,2.827882e+08,282530381.8939955830574036,254726080.8484332859516144,253548983.7358449995517731,2085814485.0829811096191406
