UE idx,lambdaBS,lambdaUE,numBlockers,rate_before_handoff,rate_after_handoff,rate_before_handoff_affected,rate_after_handoff_affected,rate_mmW
1,25,250,400,2.875702e+08,287049931.9436644315719604,253921096.8698487281799316,251757673.8662532866001129,3028278903.2129182815551758
