UE idx,lambdaBS,lambdaUE,numBlockers,rate_before_handoff,rate_after_handoff,rate_before_handoff_affected,rate_after_handoff_affected,rate_mmW
1,25,200,400,3.034375e+08,301908579.4394584298133850,276334926.7182063460350037,271120672.7065230607986450,3213462959.6882576942443848
