UE idx,lambdaBS,lambdaUE,numBlockers,rate_before_handoff,rate_after_handoff,rate_before_handoff_affected,rate_after_handoff_affected,rate_mmW
1,25,240,400,2.171253e+08,217133546.9718630015850067,201017594.0481064021587372,200675640.2876286804676056,1001722584.5078123807907104
