UE idx,lambdaBS,lambdaUE,numBlockers,powFactor,rate_before_handoff,rate_after_handoff,rate_mmW
1,25,50,400,60,207214279.8370429575443268,232887465.4559624493122101,17210631.9161775186657906
