UE idx,lambdaBS,lambdaUE,numBlockers,rate_before_handoff,rate_after_handoff,rate_before_handoff_affected,rate_after_handoff_affected,rate_mmW
1,25,200,400,2.520318e+08,251290499.7710654437541962,249164644.0089213848114014,248242670.4160304367542267,346634576.1966969966888428
