UE idx,lambdaBS,lambdaUE,numBlockers,rate_before_handoff,rate_after_handoff,rate_before_handoff_affected,rate_after_handoff_affected,rate_mmW
1,25,200,400,2.942256e+08,292588885.2941116690635681,279780974.3925573825836182,274316783.2699480056762695,2941205240.7057490348815918
