UE idx,lambdaBS,lambdaUE,numBlockers,rate_before_handoff,rate_after_handoff,rate_before_handoff_affected,rate_after_handoff_affected,rate_mmW
1,25,210,400,2.814526e+08,281209056.9759050011634827,301062254.5649791359901428,300594064.3183429837226868,363493687.8031430244445801
