UE idx,lambdaBS,lambdaUE,numBlockers,powFactor,rate_before_handoff,rate_after_handoff,rate_mmW
1,25,50,400,4,30779296.1482517309486866,30393106.7838924489915371,204958148.6187169551849365
