UE idx,lambdaBS,lambdaUE,numBlockers,rate_before_handoff,rate_after_handoff,rate_before_handoff_affected,rate_after_handoff_affected,rate_mmW
1,25,150,400,2.831172e+08,283464238.0313308238983154,277198278.9691144227981567,276656557.8509359359741211,2010610127.0688486099243164
