UE idx,lambdaBS,lambdaUE,numBlockers,rate_before_handoff,rate_after_handoff,rate_before_handoff_affected,rate_after_handoff_affected,rate_mmW
1,25,250,400,2.674718e+08,266963407.0687711834907532,267526964.6315867304801941,266178460.2834975421428680,2084840067.0775055885314941
