UE idx,lambdaBS,lambdaUE,numBlockers,rate_before_handoff,rate_after_handoff,rate_before_handoff_affected,rate_after_handoff_affected,rate_mmW
1,25,230,400,2.801759e+08,280474610.2498646378517151,269140225.3225279450416565,268455285.2140775918960571,1926962698.7219598293304443
