UE idx,lambdaBS,lambdaUE,numBlockers,rate_before_handoff,rate_after_handoff,rate_before_handoff_affected,rate_after_handoff_affected,rate_mmW
1,25,200,400,2.999469e+08,299112700.1389381885528564,280547435.3936741352081299,279383787.3972226977348328,484191947.2294732332229614
