lambdaBS,lambdaUE,numBlockers,deployRange,minRatereq,powerFac,lower_bound_thresh,lb_rate_before_handoff,scs_1,scs_2,mmW_rate_1,mmW_rate_2,users_not_bb
25,1000,400,100.000000,400000000.000000,1.000000,0.100000,0.6469928426637014,45903574.6734024509787560,54096425.3265975490212440,1278793060.9999015331268311,1444114530.3054926395416260,7.2041166380789026
