UE idx,lambdaBS,lambdaUE,numBlockers,rate_before_handoff,rate_after_handoff,rate_before_handoff_affected,rate_after_handoff_affected,rate_mmW
1,25,230,400,2.556790e+08,257868680.1798216998577118,266508380.3651681840419769,265525110.6844114065170288,3471304991.6436166763305664
