lambdaBS,lambdaUE,numBlockers,deployRange,minRatereq,powerFac,lower_bound_thresh,lb_rate_before_handoff,scs_1,scs_2,mmW_rate_1,mmW_rate_2,users_not_bb
25,1000,400,60.000000,400000000.000000,1.000000,0.100000,0.6267387367223345,44155358.6059798151254654,55844641.3940201848745346,742331123.2246718406677246,956594315.1272207498550415,5.6896551724137927
