UE idx,lambdaBS,lambdaUE,numBlockers,rate_before_handoff,rate_after_handoff,rate_before_handoff_affected,rate_after_handoff_affected,rate_mmW
1,25,230,400,2.303327e+08,229532527.5762211084365845,224601454.1446279585361481,222874563.1263666749000549,2048337379.7425477504730225
