lambdaBS,lambdaUE,numBlockers,deployRange,minRatereq,powerFac,lower_bound_thresh,lb_rate_before_handoff,scs_1,scs_2,mmW_rate_1,mmW_rate_2,users_not_bb
25,1000,400,100.000000,400000000.000000,10.000000,0.100000,0.2357866425510473,-48439282.3160988986492157,148439282.3160988986492157,-4420279218.5614871978759766,-5768360793.9472141265869141,21.6606498194945836
