UE idx,lambdaBS,lambdaUE,numBlockers,rate_before_handoff,rate_after_handoff,rate_before_handoff_affected,rate_after_handoff_affected,rate_mmW
1,25,250,400,2.710817e+08,269670342.3603531718254089,255806355.4196292459964752,250513536.6118431687355042,2975432235.3416299819946289
