UE idx,lambdaBS,lambdaUE,numBlockers,rate_before_handoff,rate_after_handoff,rate_before_handoff_affected,rate_after_handoff_affected,rate_mmW
1,25,240,400,2.132311e+08,212782869.4114813506603241,194841374.9202864170074463,194152311.3521394729614258,453265146.5434038639068604
