UE idx,lambdaBS,lambdaUE,numBlockers,rate_before_handoff,rate_after_handoff,rate_before_handoff_affected,rate_after_handoff_affected,rate_mmW
1,25,200,400,2.622408e+08,262043444.0339747369289398,250058476.7944253981113434,249745718.2511914372444153,70540237.7806467711925507
