UE idx,lambdaBS,lambdaUE,numBlockers,rate_before_handoff,rate_after_handoff,rate_before_handoff_affected,rate_after_handoff_affected,rate_mmW
1,25,240,400,2.568586e+08,256373291.6327865719795227,274181004.8613933920860291,273056634.6185142397880554,653166170.2972720861434937
