UE idx,lambdaBS,lambdaUE,numBlockers,rate_before_handoff,rate_after_handoff,rate_before_handoff_affected,rate_after_handoff_affected,rate_mmW
1,25,200,400,2.863921e+08,282762520.0919072031974792,253884493.1571775376796722,247612114.8562579452991486,3654083121.8763208389282227
