UE idx,lambdaBS,lambdaUE,numBlockers,rate_before_handoff,rate_after_handoff,rate_before_handoff_affected,rate_after_handoff_affected,rate_mmW
1,25,200,400,3.027688e+08,302397602.5144125819206238,260267981.7224800288677216,259022813.3082431852817535,1636824561.2741284370422363
