UE idx,lambdaBS,lambdaUE,numBlockers,powFactor,rate_before_handoff,rate_after_handoff,rate_mmW
1,25,50,400,1000,300517743.3648604750633240,256738189.5175731480121613,5783545824.0754089355468750
