UE idx,lambdaBS,lambdaUE,numBlockers,rate_before_handoff,rate_after_handoff,rate_before_handoff_affected,rate_after_handoff_affected,rate_mmW
1,25,150,400,2.663864e+08,266251074.8536454439163208,253150136.6331807374954224,252582809.4174345433712006,247285355.0821912288665771
