UE idx,lambdaBS,lambdaUE,numBlockers,powFactor,rate_before_handoff,rate_after_handoff,rate_before_handoff_affected,rate_after_handoff_affected,rate_mmW
1,25,150,400,10000,159810826.4643851816654205,237211683.7855420112609863,274516495.0352889895439148,57910044.9827805161476135,4134665240.3535571098327637
