UE idx,lambdaBS,lambdaUE,numBlockers,powFactor,rate_before_handoff,rate_after_handoff,rate_mmW
1,25,50,400,1000,305491317.3146611452102661,256892564.3791327774524689,7990279800.0027456283569336
