UE idx,lambdaBS,lambdaUE,numBlockers,powFactor,rate_before_handoff,rate_after_handoff,rate_mmW
1,25,30,400,1000,308641184.0768550038337708,266443795.3827885091304779,7529947285.5341167449951172
