UE idx,lambdaBS,lambdaUE,numBlockers,rate_before_handoff,rate_after_handoff,rate_before_handoff_affected,rate_after_handoff_affected,rate_mmW
1,25,200,400,2.906178e+08,289979590.1818740367889404,281288643.1471359133720398,280453523.6967555880546570,624275516.3185126781463623
