UE idx,lambdaBS,lambdaUE,numBlockers,powFactor,rate_before_handoff,rate_after_handoff,rate_mmW
1,25,40,400,1000,320805686.6482398509979248,238993222.0482390820980072,7444582771.0526180267333984
