lambdaBS,lambdaUE,numBlockers,deployRange,minRatereq,powerFac,lower_bound_thresh,mmW_rate_1,mmW_rate_2,users_not_bb,mmW_rate_1_small,mmW_rate_2_small,users_not_bb_small
25,250,400,100.000000,100000000.000000,10.000000,0.100000,726202756.1707574129104614,646774993.3286764621734619,5.5900621118012426,553534163.7464847564697266,437991193.2261180281639099,0.6211180124223602
