lambdaBS,lambdaUE,numBlockers,deployRange,minRatereq,powerFac,lower_bound_thresh,lb_rate_before_handoff,scs_1,scs_2,mmW_rate_1,mmW_rate_2,users_not_bb
25,1000,400,20.000000,400000000.000000,1.000000,0.100000,0.5461741818987126,35917879.0210725963115692,64082120.9789274036884308,2379732825.3115420341491699,1489214333.2819602489471436,4.3177892918825558
