lambdaBS,lambdaUE,numBlockers,deployRange,minRatereq,powerFac,lower_bound_thresh,mmW_rate_1,mmW_rate_2,users_not_bb,mmW_rate_1_small,mmW_rate_2_small,users_not_bb_small
25,250,400,100.000000,400000000.000000,10.000000,0.100000,5545386967.4838619232177734,4915742303.3445720672607422,8.2802547770700645,0.0000000000000000,0.0000000000000000,21.6560509554140133
