UE idx,lambdaBS,lambdaUE,numBlockers,rate_before_handoff,rate_after_handoff,rate_before_handoff_affected,rate_after_handoff_affected,rate_mmW
1,25,230,400,2.457239e+08,245474912.4544402658939362,208174246.3195285499095917,207766996.7800302207469940,259121714.6388663053512573
