UE idx,lambdaBS,lambdaUE,numBlockers,rate_before_handoff,rate_after_handoff,rate_before_handoff_affected,rate_after_handoff_affected,rate_mmW
1,25,200,400,2.946519e+08,294378727.8971455693244934,274616420.7647831439971924,274208269.0588185787200928,651848805.5169248580932617
