UE idx,lambdaBS,lambdaUE,numBlockers,powFactor,rate_before_handoff,rate_after_handoff,rate_mmW
1,25,50,400,1000,299313981.6917463541030884,243788985.2389132082462311,6170222292.3728151321411133
