UE idx,lambdaBS,lambdaUE,numBlockers,powFactor,rate_before_handoff,rate_after_handoff,rate_mmW
1,25,20,400,1000,365043356.4822674989700317,291680916.4507155418395996,7569239571.1262311935424805
