UE idx,lambdaBS,lambdaUE,numBlockers,rate_before_handoff,rate_after_handoff,rate_before_handoff_affected,rate_after_handoff_affected,rate_mmW
1,25,220,400,2.616651e+08,261539587.8875707089900970,228407033.6329648196697235,226628344.4278604090213776,2496436172.6488952636718750
