UE idx,lambdaBS,lambdaUE,numBlockers,powFactor,rate_before_handoff,rate_after_handoff,rate_before_handoff_affected,rate_after_handoff_affected,rate_mmW
1,25,150,400,1000,184226486.0223717987537384,260293330.0003417730331421,231401731.1607880890369415,116419080.6293737888336182,3543604810.9341754913330078
