UE idx,lambdaBS,lambdaUE,numBlockers,rate_before_handoff,rate_after_handoff,rate_before_handoff_affected,rate_after_handoff_affected,rate_mmW
1,25,210,400,2.391489e+08,238424494.0242935419082642,229869393.6036320328712463,229009256.6390389204025269,267793739.2008574604988098
