UE idx,lambdaBS,lambdaUE,numBlockers,rate_before_handoff,rate_after_handoff,rate_before_handoff_affected,rate_after_handoff_affected,rate_mmW
1,25,200,400,2.313041e+08,230655753.9830349385738373,215045363.9179694056510925,214293080.7263660728931427,268146367.6737696230411530
