UE idx,lambdaBS,lambdaUE,numBlockers,powFactor,rate_before_handoff,rate_after_handoff,rate_mmW
1,25,40,400,1000,306980757.5489429831504822,257983401.7512897253036499,8830475163.7035827636718750
