lambdaBS,lambdaUE,numBlockers,deployRange,minRatereq,powerFac,lower_bound_thresh,lb_rate_before_handoff,scs_1,scs_2,mmW_rate_1,mmW_rate_2,users_not_bb
25,1000,400,20.000000,400000000.000000,10.000000,0.100000,0.4559809352299541,23242404.8993424028158188,76757595.1006575971841812,1072478672.5613844394683838,1081828993.5507006645202637,8.3061889250814325
