UE idx,lambdaBS,lambdaUE,numBlockers,rate_before_handoff,rate_after_handoff,rate_before_handoff_affected,rate_after_handoff_affected,rate_mmW
1,25,210,400,2.892119e+08,288874014.6479263305664062,272299275.0752434134483337,271725945.6891770362854004,367325523.2860049009323120
