lambdaBS,lambdaUE,numBlockers,deployRange,minRatereq,powerFac,lower_bound_thresh,lb_rate_before_handoff,scs_1,scs_2,mmW_rate_1,mmW_rate_2,users_not_bb
25,1000,400,80.000000,400000000.000000,1.000000,0.100000,0.7299184346202670,52049436.8412432074546814,47950563.1587567925453186,1210968935.2700531482696533,1102179806.0499584674835205,4.1958041958041958
