UE idx,lambdaBS,lambdaUE,numBlockers,rate_before_handoff,rate_after_handoff,rate_before_handoff_affected,rate_after_handoff_affected,rate_mmW
1,25,230,400,2.942283e+08,293748903.5705227851867676,294854160.1666862368583679,293998449.6061099767684937,478093351.7524935603141785
