UE idx,lambdaBS,lambdaUE,numBlockers,rate_before_handoff,rate_after_handoff,rate_before_handoff_affected,rate_after_handoff_affected,rate_mmW
1,25,250,400,2.554935e+08,254850289.4486192464828491,248540250.7352189421653748,247436568.8260683417320251,1164650260.1999111175537109
