UE idx,lambdaBS,lambdaUE,numBlockers,rate_before_handoff,rate_after_handoff,rate_before_handoff_affected,rate_after_handoff_affected,rate_mmW
1,25,220,400,2.716740e+08,271510101.6878016591072083,236878324.2490404844284058,236660290.9655010700225830,238503217.4564011096954346
