UE idx,lambdaBS,lambdaUE,numBlockers,rate_before_handoff,rate_after_handoff,rate_before_handoff_affected,rate_after_handoff_affected,rate_mmW
1,25,240,400,2.633497e+08,262986656.7386591434478760,258152549.9313381314277649,257142914.4628627002239227,3581018180.5629458427429199
