UE idx,lambdaBS,lambdaUE,numBlockers,powFactor,rate_before_handoff,rate_after_handoff,rate_mmW
1,25,20,400,1000,373085559.2261944413185120,314485784.0090412497520447,9091929547.1319561004638672
