UE idx,lambdaBS,lambdaUE,numBlockers,rate_before_handoff,rate_after_handoff,rate_before_handoff_affected,rate_after_handoff_affected,rate_mmW
1,25,210,400,2.748814e+08,276195749.1531149148941040,252867409.6294865608215332,253868156.4641778469085693,913838289.9152823686599731
