UE idx,lambdaBS,lambdaUE,numBlockers,rate_before_handoff,rate_after_handoff,rate_before_handoff_affected,rate_after_handoff_affected,rate_mmW
1,25,220,400,2.796839e+08,279458178.3476964831352234,260653191.1603095233440399,260310599.7022194862365723,582429128.5706968307495117
