UE idx,lambdaBS,lambdaUE,numBlockers,rate_before_handoff,rate_after_handoff,rate_before_handoff_affected,rate_after_handoff_affected,rate_mmW
1,25,250,400,2.696177e+08,269957893.3722448945045471,251526059.8729955852031708,250861717.4465493559837341,2356725020.3515186309814453
