UE idx,lambdaBS,lambdaUE,numBlockers,rate_before_handoff,rate_after_handoff,rate_before_handoff_affected,rate_after_handoff_affected,rate_mmW
1,25,200,400,2.755666e+08,274127281.3424890041351318,242549041.5885406434535980,239745415.2751816809177399,1649031738.0020480155944824
