lambdaBS,lambdaUE,numBlockers,deployRange,minRatereq,powerFac,lower_bound_thresh,mmW_rate_1,mmW_rate_2,users_not_bb,mmW_rate_1_small,mmW_rate_2_small,users_not_bb_small
25,250,400,100.000000,100000000.000000,10.000000,0.100000,1048029954.0150603055953979,756440111.9289675951004028,7.2463768115942031,0.0000000000000000,0.0000000000000000,0.0000000000000000
