UE idx,lambdaBS,lambdaUE,numBlockers,rate_before_handoff,rate_after_handoff,rate_before_handoff_affected,rate_after_handoff_affected,rate_mmW
1,25,210,400,2.721670e+08,272486857.1659195423126221,267828666.0767182707786560,266532815.6830308735370636,2743250297.8976483345031738
