UE idx,lambdaBS,lambdaUE,numBlockers,powFactor,rate_before_handoff,rate_after_handoff,rate_mmW
1,25,30,400,1000,325432437.6468344926834106,250161378.7928132414817810,9809176483.8962421417236328
