UE idx,lambdaBS,lambdaUE,numBlockers,rate_before_handoff,rate_after_handoff,rate_before_handoff_affected,rate_after_handoff_affected,rate_mmW
1,25,220,400,3.005138e+08,300684842.4243122935295105,315651297.0297918319702148,313682721.8375619053840637,2374491130.5945363044738770
