lambdaBS,lambdaUE,numBlockers,deployRange,minRatereq,powerFac,lower_bound_thresh,mmW_rate_1,mmW_rate_2,users_not_bb,mmW_rate_1_small,mmW_rate_2_small,users_not_bb_small
25,250,400,100.000000,400000000.000000,10.000000,0.100000,3821010589.4667782783508301,2447385806.5080089569091797,5.9880239520958085,0.0000000000000000,0.0000000000000000,8.9820359281437128
