UE idx,lambdaBS,lambdaUE,numBlockers,rate_before_handoff,rate_after_handoff,rate_before_handoff_affected,rate_after_handoff_affected,rate_mmW
1,25,240,400,2.674501e+08,266991595.5690521001815796,253107771.0781258642673492,252144084.4478242099285126,802839546.1860164403915405
