UE idx,lambdaBS,lambdaUE,numBlockers,rate_before_handoff,rate_after_handoff,rate_before_handoff_affected,rate_after_handoff_affected,rate_mmW
1,25,220,400,2.775363e+08,275406289.5506666302680969,237580925.6192286908626556,231160815.6296921670436859,3079739506.8359808921813965
