UE idx,lambdaBS,lambdaUE,numBlockers,rate_before_handoff,rate_after_handoff,rate_before_handoff_affected,rate_after_handoff_affected,rate_mmW
1,25,230,400,2.595583e+08,259245542.2439025640487671,241739322.4907864630222321,241236773.2148692011833191,186898109.6163763701915741
