lambdaBS,lambdaUE,numBlockers,deployRange,minRatereq,powerFac,lower_bound_thresh,mmW_rate_1,mmW_rate_2,users_not_bb,mmW_rate_1_small,mmW_rate_2_small,users_not_bb_small
25,250,400,100.000000,400000000.000000,10.000000,0.100000,733261442.7765796184539795,951892549.6233397722244263,7.8571428571428568,0.0000000000000000,0.0000000000000000,35.0000000000000000
