UE idx,lambdaBS,lambdaUE,numBlockers,rate_before_handoff,rate_after_handoff,rate_before_handoff_affected,rate_after_handoff_affected,rate_mmW
1,25,250,400,2.275844e+08,227315273.1969252824783325,213477392.6055758297443390,212896170.7939632833003998,564317651.3000650405883789
