lambdaBS,lambdaUE,numBlockers,deployRange,minRatereq,powerFac,lower_bound_thresh,lb_rate_before_handoff,scs_1,scs_2,mmW_rate_1,mmW_rate_2,users_not_bb
25,1000,400,40.000000,400000000.000000,1.000000,0.100000,0.8726036480498326,59890151.6419041827321053,40109848.3580958172678947,937779241.4544146060943604,928676317.6842422485351562,2.4432809773123911
