UE idx,lambdaBS,lambdaUE,numBlockers,rate_before_handoff,rate_after_handoff,rate_before_handoff_affected,rate_after_handoff_affected,rate_mmW
1,25,210,400,2.704429e+08,270014508.7748568058013916,247096101.8521774709224701,246485008.4141099452972412,266398615.1376648247241974
