UE idx,lambdaBS,lambdaUE,numBlockers,rate_before_handoff,rate_after_handoff,rate_before_handoff_affected,rate_after_handoff_affected,rate_mmW
1,25,230,400,2.474806e+08,247054513.3716448545455933,234987536.3604855537414551,234486232.4310627877712250,134712319.7603912949562073
