UE idx,lambdaBS,lambdaUE,numBlockers,rate_before_handoff,rate_after_handoff,rate_before_handoff_affected,rate_after_handoff_affected,rate_mmW
1,25,230,400,2.257624e+08,226329125.3444556593894958,208036506.6553598642349243,208457684.2192496359348297,1953502908.4286808967590332
