lambdaBS,lambdaUE,numBlockers,deployRange,minRatereq,powerFac,lower_bound_thresh,mmW_rate_1,mmW_rate_2,users_not_bb,mmW_rate_1_small,mmW_rate_2_small,users_not_bb_small
25,250,400,100.000000,400000000.000000,10.000000,0.100000,6010277216.4352569580078125,2964089776.5884075164794922,6.4102564102564106,0.0000000000000000,0.0000000000000000,6.4102564102564106
