UE idx,lambdaBS,lambdaUE,numBlockers,rate_before_handoff,rate_after_handoff,rate_before_handoff_affected,rate_after_handoff_affected,rate_mmW
1,25,230,400,2.622742e+08,261930792.6915245950222015,243867595.3189169466495514,242898215.1930899322032928,565774760.5910840034484863
