UE idx,lambdaBS,lambdaUE,numBlockers,rate_before_handoff,rate_after_handoff,rate_before_handoff_affected,rate_after_handoff_affected,rate_mmW
1,25,210,400,2.444169e+08,244145326.6593025922775269,232810221.1300240755081177,232405209.1265601813793182,230284540.0627400875091553
