UE idx,lambdaBS,lambdaUE,numBlockers,rate_before_handoff,rate_after_handoff,rate_before_handoff_affected,rate_after_handoff_affected,rate_mmW
1,25,220,400,2.407564e+08,240127649.7497508227825165,230259868.0575159192085266,229378265.4666578173637390,576032469.1898846626281738
