UE idx,lambdaBS,lambdaUE,numBlockers,rate_before_handoff,rate_after_handoff,rate_before_handoff_affected,rate_after_handoff_affected,rate_mmW
1,25,250,400,2.504474e+08,249828494.1205290555953979,235443597.2270258665084839,234526397.4095822870731354,287975791.6234663128852844
