lambdaBS,lambdaUE,numBlockers,deployRange,minRatereq,powerFac,lower_bound_thresh,lb_rate_before_handoff,scs_1,scs_2,mmW_rate_1,mmW_rate_2,users_not_bb
25,1000,400,80.000000,400000000.000000,1.000000,0.100000,0.7520456992826191,53460275.0426114946603775,46539724.9573885053396225,5605596500.7163906097412109,3813343703.1028566360473633,4.7528517110266160
