UE idx,lambdaBS,lambdaUE,numBlockers,powFactor,rate_before_handoff,rate_after_handoff,rate_before_handoff_affected,rate_after_handoff_affected,rate_mmW
1,25,150,400,1000,177907545.1685291230678558,265618887.4483978450298309,251374266.5830027461051941,128311178.3069704174995422,2954405866.5692896842956543
