UE idx,lambdaBS,lambdaUE,numBlockers,rate_before_handoff,rate_after_handoff,rate_before_handoff_affected,rate_after_handoff_affected,rate_mmW
1,25,230,400,2.549306e+08,254581961.5269792079925537,231832557.9187797307968140,231357294.2478528916835785,1142696129.2058029174804688
