UE idx,lambdaBS,lambdaUE,numBlockers,powFactor,rate_before_handoff,rate_after_handoff,rate_mmW
1,25,50,400,1000,307870928.6639683246612549,255048135.1881083846092224,3332604503.3429894447326660
