UE idx,lambdaBS,lambdaUE,numBlockers,rate_before_handoff,rate_after_handoff,rate_before_handoff_affected,rate_after_handoff_affected,rate_mmW
1,25,200,400,2.873474e+08,286879982.1401839256286621,278581145.9723473191261292,276801948.3238908648490906,1063198270.0069680213928223
