UE idx,lambdaBS,lambdaUE,numBlockers,powFactor,rate_before_handoff,rate_after_handoff,rate_mmW
1,25,50,400,1000,331106425.6930684447288513,286350448.2932085394859314,5489894954.9601421356201172
