UE idx,lambdaBS,lambdaUE,numBlockers,powFactor,rate_before_handoff,rate_after_handoff,rate_before_handoff_affected,rate_after_handoff_affected,rate_mmW
1,25,150,400,10,180842875.8229558765888214,283065904.5678856372833252,149978547.8572269082069397,208546014.0826689302921295,1262839376.5330326557159424
