UE idx,lambdaBS,lambdaUE,numBlockers,rate_before_handoff,rate_after_handoff,rate_before_handoff_affected,rate_after_handoff_affected,rate_mmW
1,25,230,400,2.708697e+08,270277791.7049979567527771,233787961.7903806865215302,232850113.1091487407684326,379303488.9024932980537415
