UE idx,lambdaBS,lambdaUE,numBlockers,rate_before_handoff,rate_after_handoff,rate_before_handoff_affected,rate_after_handoff_affected,rate_mmW
1,25,210,400,2.857149e+08,285298184.9181130528450012,261217493.0625188350677490,260642085.4493165314197540,490307077.1222821474075317
