lambdaBS,lambdaUE,numBlockers,deployRange,minRatereq,powerFac,lower_bound_thresh,lb_rate_before_handoff,scs_1,scs_2,mmW_rate_1,mmW_rate_2,users_not_bb
25,1000,400,20.000000,400000000.000000,100.000000,0.100000,0.6625538408234160,47174104.4373053312301636,52825895.5626946687698364,3008747354.6924886703491211,2197962182.3991198539733887,5.3191489361702127
