lambdaBS,lambdaUE,numBlockers,deployRange,minRatereq,powerFac,lower_bound_thresh,lb_rate_before_handoff,scs_1,scs_2,mmW_rate_1,mmW_rate_2,users_not_bb
25,1000,400,40.000000,400000000.000000,1.000000,0.100000,0.6917252105040294,49401873.0725499242544174,50598126.9274500757455826,560134798.1165586709976196,470241886.4047363996505737,3.1666666666666665
