UE idx,lambdaBS,lambdaUE,numBlockers,rate_before_handoff,rate_after_handoff,rate_before_handoff_affected,rate_after_handoff_affected,rate_mmW
1,25,250,400,2.073381e+08,206674055.9002098143100739,199696292.8238351345062256,198881951.7147484123706818,419329734.9582244157791138
