UE idx,lambdaBS,lambdaUE,numBlockers,rate_before_handoff,rate_after_handoff,rate_before_handoff_affected,rate_after_handoff_affected,rate_mmW
1,25,230,400,2.417963e+08,241454721.2583065032958984,215883719.7649568617343903,215386951.0026741623878479,451541749.1602141261100769
