UE idx,lambdaBS,lambdaUE,numBlockers,rate_before_handoff,rate_after_handoff,rate_before_handoff_affected,rate_after_handoff_affected,rate_mmW
1,25,230,400,2.469170e+08,246397994.9668238162994385,220690633.5823455154895782,219962361.4182440042495728,613714604.4429600238800049
