UE idx,lambdaBS,lambdaUE,numBlockers,powFactor,rate_before_handoff,rate_after_handoff,rate_mmW
1,25,40,400,1000,332276370.4426613450050354,243891704.6806711852550507,6725486981.4254608154296875
