UE idx,lambdaBS,lambdaUE,numBlockers,rate_before_handoff,rate_after_handoff,rate_before_handoff_affected,rate_after_handoff_affected,rate_mmW
1,25,220,400,2.658440e+08,265411997.9229348599910736,248991948.5059824287891388,248312826.3360581994056702,611701464.1213616132736206
