UE idx,lambdaBS,lambdaUE,numBlockers,rate_before_handoff,rate_after_handoff,rate_before_handoff_affected,rate_after_handoff_affected,rate_mmW
1,25,230,400,2.604475e+08,258508264.1848271489143372,251664803.9677322208881378,245970683.3538026213645935,2637226091.1833949089050293
