UE idx,lambdaBS,lambdaUE,numBlockers,rate_before_handoff,rate_after_handoff,rate_before_handoff_affected,rate_after_handoff_affected,rate_mmW
1,25,220,400,2.336978e+08,232988706.4022816419601440,216111863.0170104503631592,215131825.8461386561393738,253941197.1643316149711609
