UE idx,lambdaBS,lambdaUE,numBlockers,rate_before_handoff,rate_after_handoff,rate_before_handoff_affected,rate_after_handoff_affected,rate_mmW
1,25,250,400,2.595515e+08,258357207.4130846261978149,234260866.4323690235614777,231951962.6651277840137482,2030553773.6873035430908203
