UE idx,lambdaBS,lambdaUE,numBlockers,rate_before_handoff,rate_after_handoff,rate_before_handoff_affected,rate_after_handoff_affected,rate_mmW
1,25,240,400,2.500043e+08,249244802.5438998043537140,226735175.7735506296157837,225739805.0083177387714386,1108193645.2127335071563721
