UE idx,lambdaBS,lambdaUE,numBlockers,rate_before_handoff,rate_after_handoff,rate_before_handoff_affected,rate_after_handoff_affected,rate_mmW
1,25,220,400,2.473523e+08,246748326.8087342977523804,236482539.1212700009346008,235656643.0373934209346771,642500055.6390223503112793
