UE idx,lambdaBS,lambdaUE,numBlockers,rate_before_handoff,rate_after_handoff,rate_before_handoff_affected,rate_after_handoff_affected,rate_mmW
1,25,230,400,2.299677e+08,229471556.5586319565773010,211428931.0035990774631500,210799509.4867353737354279,262453903.8412675559520721
