UE idx,lambdaBS,lambdaUE,numBlockers,powFactor,rate_before_handoff,rate_after_handoff,rate_before_handoff_affected,rate_after_handoff_affected,rate_mmW
1,25,150,400,100,191706375.2181179821491241,189714729.5160234868526459,195019665.7372450530529022,181810089.3234594762325287,1547298962.6597886085510254
