UE idx,lambdaBS,lambdaUE,numBlockers,rate_before_handoff,rate_after_handoff,rate_before_handoff_affected,rate_after_handoff_affected,rate_mmW
1,25,250,400,2.265357e+08,224500110.8790973126888275,224789375.2592493593692780,219584118.2570489645004272,2054867146.6382572650909424
