UE idx,lambdaBS,lambdaUE,numBlockers,rate_before_handoff,rate_after_handoff,rate_before_handoff_affected,rate_after_handoff_affected,rate_mmW
1,25,220,400,2.560418e+08,254100925.1174702346324921,227592504.0944864451885223,223502044.2861632108688354,2754920500.9929237365722656
