UE idx,lambdaBS,lambdaUE,numBlockers,powFactor,rate_before_handoff,rate_after_handoff,rate_mmW
1,25,50,400,1000000000,326240090.0035728216171265,261833920.3477182388305664,7470240414.1924791336059570
