UE idx,lambdaBS,lambdaUE,numBlockers,powFactor,rate_before_handoff,rate_after_handoff,rate_mmW
1,25,40,400,1000,315522494.1778947710990906,280437324.1637828350067139,3260402357.6163206100463867
