UE idx,lambdaBS,lambdaUE,numBlockers,rate_before_handoff,rate_after_handoff,rate_before_handoff_affected,rate_after_handoff_affected,rate_mmW
1,25,210,400,2.494544e+08,248742467.9876165688037872,244205745.8117522895336151,242626934.8095234930515289,1716124202.5985627174377441
