UE idx,lambdaBS,lambdaUE,numBlockers,rate_before_handoff,rate_after_handoff,rate_before_handoff_affected,rate_after_handoff_affected,rate_mmW
1,25,250,400,2.292824e+08,228758115.3542283177375793,222795358.4156480729579926,221915525.5533820986747742,910820806.4707596302032471
