UE idx,lambdaBS,lambdaUE,numBlockers,rate_before_handoff,rate_after_handoff,rate_before_handoff_affected,rate_after_handoff_affected,rate_mmW
1,25,220,400,2.857095e+08,285010606.1562913656234741,252045828.0450957119464874,249266962.3330175578594208,3978233836.3971333503723145
