UE idx,lambdaBS,lambdaUE,numBlockers,rate_before_handoff,rate_after_handoff,rate_before_handoff_affected,rate_after_handoff_affected,rate_mmW
1,25,230,400,2.232806e+08,222846618.5388090908527374,210148272.2156864404678345,209457883.1419860720634460,925592241.1001315116882324
