lambdaBS,lambdaUE,numBlockers,deployRange,minRatereq,powerFac,lower_bound_thresh,lb_rate_before_handoff,scs_1,scs_2,mmW_rate_1,mmW_rate_2,users_not_bb
25,1000,400,40.000000,400000000.000000,100.000000,0.100000,0.7783839079545696,55035041.6519109532237053,44964958.3480890467762947,2426827357.7111344337463379,4007794384.3130912780761719,3.5598705501618122
