lambdaBS,lambdaUE,numBlockers,deployRange,minRatereq,powerFac,lower_bound_thresh,lb_rate_before_handoff,scs_1,scs_2,mmW_rate_1,mmW_rate_2,users_not_bb
25,1000,400,100.000000,400000000.000000,1.000000,0.100000,0.5575975873086537,37230718.3592133671045303,62769281.6407866328954697,921978829.2549586296081543,675170876.7030166387557983,6.5180102915951972
