lambdaBS,lambdaUE,numBlockers,deployRange,minRatereq,powerFac,lower_bound_thresh,lb_rate_before_handoff,scs_1,scs_2,mmW_rate_1,mmW_rate_2,users_not_bb
25,1000,400,60.000000,400000000.000000,10.000000,0.100000,0.5597458872038905,37471626.3216578885912895,62528373.6783421114087105,2139416740.3622074127197266,1603950543.7141666412353516,6.8447412353923207
