UE idx,lambdaBS,lambdaUE,numBlockers,powFactor,rate_before_handoff,rate_after_handoff,rate_before_handoff_affected,rate_after_handoff_affected,rate_mmW
1,25,150,400,1,173112304.0596161782741547,264376335.4102233946323395,123072025.8986549824476242,139949799.6940506696701050,1177572461.5229759216308594
