UE idx,lambdaBS,lambdaUE,numBlockers,rate_before_handoff,rate_after_handoff,rate_before_handoff_affected,rate_after_handoff_affected,rate_mmW
1,25,210,400,2.911036e+08,290593648.4002851247787476,268543344.4418935179710388,267821879.5999572575092316,373973211.6567313075065613
