UE idx,lambdaBS,lambdaUE,numBlockers,powFactor,rate_before_handoff,rate_after_handoff,rate_mmW
1,25,40,400,1000,322154489.6790309548377991,269274693.8478173613548279,5044320195.3056011199951172
