UE idx,lambdaBS,lambdaUE,numBlockers,powFactor,rate_before_handoff,rate_after_handoff,rate_mmW
1,1,2,400,2,25094429.6571830250322819,4370655.5870343195274472,2474577941.3244385719299316
