lambdaBS,lambdaUE,numBlockers,deployRange,minRatereq,powerFac,lower_bound_thresh,lb_rate_before_handoff,scs_1,scs_2,mmW_rate_1,mmW_rate_2,users_not_bb
25,1000,400,40.000000,400000000.000000,1.000000,0.100000,0.7699569180477082,54542911.1946347579360008,45457088.8053652420639992,2483907317.9974956512451172,4823097446.1265935897827148,2.5817555938037864
