UE idx,lambdaBS,lambdaUE,numBlockers,rate_before_handoff,rate_after_handoff,rate_before_handoff_affected,rate_after_handoff_affected,rate_mmW
1,25,200,400,2.914919e+08,290837519.1030349135398865,265349681.5886115729808807,264068465.6206072866916656,2477467389.6626625061035156
