UE idx,lambdaBS,lambdaUE,numBlockers,rate_before_handoff,rate_after_handoff,rate_before_handoff_affected,rate_after_handoff_affected,rate_mmW
1,25,240,400,2.842974e+08,282287031.9758606553077698,249277316.8018957674503326,245310314.8737169206142426,2014293055.8857994079589844
