UE idx,lambdaBS,lambdaUE,numBlockers,rate_before_handoff,rate_after_handoff,rate_before_handoff_affected,rate_after_handoff_affected,rate_mmW
1,25,250,400,2.180807e+08,217664938.4891428649425507,192097026.9450345337390900,191510793.3789864778518677,364381149.1012833118438721
