UE idx,lambdaBS,lambdaUE,numBlockers,rate_before_handoff,rate_after_handoff,rate_before_handoff_affected,rate_after_handoff_affected,rate_mmW
1,25,230,400,2.283182e+08,228920748.0928253233432770,204380113.2130417227745056,204891373.1639139950275421,1304950615.9782454967498779
