UE idx,lambdaBS,lambdaUE,numBlockers,rate_before_handoff,rate_after_handoff,rate_before_handoff_affected,rate_after_handoff_affected,rate_mmW
1,25,230,400,2.647936e+08,264541714.4530155360698700,250149978.5844846069812775,249578193.6949760019779205,1348681416.0637340545654297
