lambdaBS,lambdaUE,numBlockers,deployRange,minRatereq,powerFac,lower_bound_thresh,lb_rate_before_handoff,scs_1,scs_2,mmW_rate_1,mmW_rate_2,users_not_bb
25,1000,400,40.000000,400000000.000000,10.000000,0.100000,0.6715313774107973,47880320.7454751878976822,52119679.2545248121023178,1685527688.6839454174041748,1297085066.1294174194335938,4.7385620915032680
