lambdaBS,lambdaUE,numBlockers,deployRange,minRatereq,powerFac,lower_bound_thresh,lb_rate_before_handoff,scs_1,scs_2,mmW_rate_1,mmW_rate_2,users_not_bb
25,1000,400,100.000000,400000000.000000,100.000000,0.100000,0.8140683140131619,57006065.2189514935016632,42993934.7810485064983368,5064308675.1731147766113281,2345666400.7552952766418457,3.8720538720538720
