UE idx,lambdaBS,lambdaUE,numBlockers,powFactor,rate_before_handoff,rate_after_handoff,rate_mmW
1,25,50,400,30,32014053.6942657306790352,30462841.9902973957359791,357270502.8342463970184326
