UE idx,lambdaBS,lambdaUE,numBlockers,rate_before_handoff,rate_after_handoff,rate_before_handoff_affected,rate_after_handoff_affected,rate_mmW
1,25,220,400,2.585420e+08,258013233.5497740507125854,230872154.0688455998897552,230191759.0690438449382782,336987678.2786453962326050
