UE idx,lambdaBS,lambdaUE,numBlockers,powFactor,rate_before_handoff,rate_after_handoff,rate_mmW
1,25,30,400,1000,338723423.0481936335563660,277889926.1117989420890808,7946369806.7781791687011719
