UE idx,lambdaBS,lambdaUE,numBlockers,rate_before_handoff,rate_after_handoff,rate_before_handoff_affected,rate_after_handoff_affected,rate_mmW
1,25,220,400,2.143936e+08,213805187.5314607322216034,193346660.4648368060588837,192367157.1067916452884674,430338296.9013574719429016
