UE idx,lambdaBS,lambdaUE,numBlockers,rate_before_handoff,rate_after_handoff,rate_before_handoff_affected,rate_after_handoff_affected,rate_mmW
1,25,210,400,2.276667e+08,227147028.6594626009464264,215899039.7465621531009674,215243925.7832876741886139,194635953.9192005395889282
