lambdaBS,lambdaUE,numBlockers,deployRange,minRatereq,powerFac,lower_bound_thresh,mmW_rate_1,mmW_rate_2,users_not_bb,mmW_rate_1_small,mmW_rate_2_small,users_not_bb_small
25,250,400,100.000000,400000000.000000,10.000000,0.100000,4797424923.3849372863769531,5250325304.3930854797363281,8.8050314465408803,0.0000000000000000,0.0000000000000000,32.7044025157232738
