UE idx,lambdaBS,lambdaUE,numBlockers,rate_before_handoff,rate_after_handoff,rate_before_handoff_affected,rate_after_handoff_affected,rate_mmW
1,25,220,400,2.993048e+08,298565751.9882920384407043,273570479.0654485225677490,271670917.3661467432975769,1801676570.4838471412658691
