lambdaBS,lambdaUE,numBlockers,deployRange,minRatereq,powerFac,lower_bound_thresh,lb_rate_before_handoff,scs_1,scs_2,mmW_rate_1,mmW_rate_2,users_not_bb
25,1000,400,20.000000,400000000.000000,1.000000,0.100000,0.5281381072649887,33729455.3857310339808464,66270544.6142689660191536,1627319365.4426507949829102,2900399268.0107297897338867,6.8345323741007196
