UE idx,lambdaBS,lambdaUE,numBlockers,powFactor,rate_before_handoff,rate_after_handoff,rate_mmW
1,25,40,400,1000,317798031.5726074576377869,257667383.0893058478832245,6535931998.3902978897094727
