UE idx,lambdaBS,lambdaUE,numBlockers,rate_before_handoff,rate_after_handoff,rate_before_handoff_affected,rate_after_handoff_affected,rate_mmW
1,25,220,400,2.979946e+08,297291714.5459165573120117,296163578.7812680006027222,295020922.1499021053314209,805397358.3555630445480347
