UE idx,lambdaBS,lambdaUE,numBlockers,powFactor,rate_before_handoff,rate_after_handoff,rate_mmW
1,25,50,400,70,27115213.6867145970463753,24914641.0291883237659931,3107729670.4219403266906738
