UE idx,lambdaBS,lambdaUE,numBlockers,powFactor,rate_before_handoff,rate_after_handoff,rate_mmW
1,25,20,400,1000,378009554.5549349188804626,332342045.9425591826438904,7561053920.5526895523071289
