UE idx,lambdaBS,lambdaUE,numBlockers,rate_before_handoff,rate_after_handoff,rate_before_handoff_affected,rate_after_handoff_affected,rate_mmW
1,25,240,400,2.309716e+08,230996700.4010286033153534,204155549.8640485703945160,204010084.3781936466693878,677528905.5458670854568481
