UE idx,lambdaBS,lambdaUE,numBlockers,rate_before_handoff,rate_after_handoff,rate_before_handoff_affected,rate_after_handoff_affected,rate_mmW
1,25,210,400,2.659433e+08,264893703.8302130401134491,247395954.4853740632534027,245173401.0029605329036713,1771006373.1270005702972412
