UE idx,lambdaBS,lambdaUE,numBlockers,rate_before_handoff,rate_after_handoff,rate_before_handoff_affected,rate_after_handoff_affected,rate_mmW
1,25,250,400,2.652886e+08,264749201.7378134727478027,246006239.2334350645542145,245336075.5969706773757935,242627491.3993137478828430
