UE idx,lambdaBS,lambdaUE,numBlockers,rate_before_handoff,rate_after_handoff,rate_before_handoff_affected,rate_after_handoff_affected,rate_mmW
1,25,220,400,2.641768e+08,263831565.3638182580471039,253629817.6368656754493713,252078212.0255156457424164,2089935720.5442814826965332
