UE idx,lambdaBS,lambdaUE,numBlockers,rate_before_handoff,rate_after_handoff,rate_before_handoff_affected,rate_after_handoff_affected,rate_mmW
1,25,230,400,3.076850e+08,307349123.2247455716133118,289912403.2134652733802795,288965586.3143278360366821,1154821328.2683336734771729
