UE idx,lambdaBS,lambdaUE,numBlockers,rate_before_handoff,rate_after_handoff,rate_before_handoff_affected,rate_after_handoff_affected,rate_mmW
1,25,240,400,2.529193e+08,252509370.7536503672599792,248515668.6245003640651703,247570529.7940549850463867,627184693.1444981098175049
