lambdaBS,lambdaUE,numBlockers,deployRange,minRatereq,powerFac,lower_bound_thresh,lb_rate_before_handoff,scs_1,scs_2,mmW_rate_1,mmW_rate_2,users_not_bb
25,1000,400,40.000000,400000000.000000,100.000000,0.100000,0.6891227888852236,49210792.9609778150916100,50789207.0390221849083900,1464158932.0607278347015381,3893083589.3881311416625977,4.1946308724832218
