UE idx,lambdaBS,lambdaUE,numBlockers,rate_before_handoff,rate_after_handoff,rate_before_handoff_affected,rate_after_handoff_affected,rate_mmW
1,25,230,400,2.657011e+08,265313714.1694206297397614,234645636.3880398273468018,234185342.6868342161178589,162229811.7708621025085449
