UE idx,lambdaBS,lambdaUE,numBlockers,powFactor,rate_before_handoff,rate_after_handoff,rate_before_handoff_affected,rate_after_handoff_affected,rate_mmW
1,25,150,400,10,166362319.9603283703327179,256809110.8919149339199066,111700387.1933945268392563,151265667.5407520532608032,1215718639.9617216587066650
