UE idx,lambdaBS,lambdaUE,numBlockers,rate_before_handoff,rate_after_handoff,rate_before_handoff_affected,rate_after_handoff_affected,rate_mmW
1,25,240,400,2.540766e+08,251581910.1091327965259552,262432123.2112661898136139,256809518.7744509875774384,2581242304.8495659828186035
