UE idx,lambdaBS,lambdaUE,numBlockers,powFactor,rate_before_handoff,rate_after_handoff,rate_mmW
1,25,50,400,1000,298984475.4546183943748474,252085103.9861761927604675,7777734505.2504634857177734
