UE idx,lambdaBS,lambdaUE,numBlockers,powFactor,rate_before_handoff,rate_after_handoff,rate_before_handoff_affected,rate_after_handoff_affected,rate_mmW
1,25,150,400,10000,158848262.0207229554653168,263163622.1962879598140717,229948476.2481637299060822,66664282.8494823947548866,2820094663.0382928848266602
