UE idx,lambdaBS,lambdaUE,numBlockers,rate_before_handoff,rate_after_handoff,rate_before_handoff_affected,rate_after_handoff_affected,rate_mmW
1,25,230,400,2.780409e+08,277584653.9787003993988037,274633506.4404507875442505,273965213.1097760200500488,301221388.4902449250221252
