UE idx,lambdaBS,lambdaUE,numBlockers,rate_before_handoff,rate_after_handoff,rate_before_handoff_affected,rate_after_handoff_affected,rate_mmW
1,25,210,400,2.499876e+08,249261652.6444322168827057,241630434.6661682724952698,240581118.8894183933734894,687235197.1110057830810547
