lambdaBS,lambdaUE,numBlockers,deployRange,minRatereq,powerFac,lower_bound_thresh,lb_rate_before_handoff,scs_1,scs_2,mmW_rate_1,mmW_rate_2,users_not_bb
25,1000,400,20.000000,400000000.000000,100.000000,0.100000,0.5639763568339680,37940660.8523771166801453,62059339.1476228833198547,2445801602.1505799293518066,2947945136.9945387840270996,4.5886075949367084
