UE idx,lambdaBS,lambdaUE,numBlockers,rate_before_handoff,rate_after_handoff,rate_before_handoff_affected,rate_after_handoff_affected,rate_mmW
1,25,210,400,2.956409e+08,295453086.3317418098449707,284773849.6481329202651978,284185585.1273835301399231,969163536.8994268178939819
