UE idx,lambdaBS,lambdaUE,numBlockers,rate_before_handoff,rate_after_handoff,rate_before_handoff_affected,rate_after_handoff_affected,rate_mmW
1,25,240,400,2.698806e+08,269377761.4614821076393127,240936412.2882756590843201,240119974.7509600222110748,267730233.2111283838748932
