lambdaBS,lambdaUE,numBlockers,deployRange,minRatereq,powerFac,lower_bound_thresh,lb_rate_before_handoff,scs_1,scs_2,mmW_rate_1,mmW_rate_2,users_not_bb
25,1000,400,100.000000,400000000.000000,1.000000,0.100000,0.5350604024188875,34586824.5121992081403732,65413175.4878007918596268,261209584.0398199856281281,774694018.5913105010986328,4.5060658578856154
