UE idx,lambdaBS,lambdaUE,numBlockers,rate_before_handoff,rate_after_handoff,rate_before_handoff_affected,rate_after_handoff_affected,rate_mmW
1,25,250,400,2.846714e+08,284053480.4302960038185120,273512247.1318536400794983,269454093.7519084811210632,2943284612.5023822784423828
