UE idx,lambdaBS,lambdaUE,numBlockers,rate_before_handoff,rate_after_handoff,rate_before_handoff_affected,rate_after_handoff_affected,rate_mmW
1,25,220,400,2.836930e+08,283390705.1002799272537231,268196874.9452769756317139,267690355.4155540764331818,385030196.4636997580528259
