UE idx,lambdaBS,lambdaUE,numBlockers,rate_before_handoff,rate_after_handoff,rate_before_handoff_affected,rate_after_handoff_affected,rate_mmW
1,25,230,400,2.817909e+08,281441358.2372963428497314,268513108.4548618197441101,268033237.5353341400623322,269255111.9894948005676270
