UE idx,lambdaBS,lambdaUE,numBlockers,rate_before_handoff,rate_after_handoff,rate_before_handoff_affected,rate_after_handoff_affected,rate_mmW
1,25,230,400,2.345589e+08,234090809.6014010310173035,242154906.8516313731670380,241148330.7014314830303192,1023805830.7315430641174316
