lambdaBS,lambdaUE,numBlockers,deployRange,minRatereq,powerFac,lower_bound_thresh,lb_rate_before_handoff,scs_1,scs_2,mmW_rate_1,mmW_rate_2,users_not_bb
25,1000,400,60.000000,400000000.000000,100.000000,0.100000,0.6433582146870372,45597958.9581741616129875,54402041.0418258383870125,2118869719.3252158164978027,2219083158.5462789535522461,5.6896551724137927
