UE idx,lambdaBS,lambdaUE,numBlockers,powFactor,rate_before_handoff,rate_after_handoff,rate_mmW
1,25,40,400,1000,318924407.0009928941726685,291245550.7208310365676880,5541159059.5133476257324219
