lambdaBS,lambdaUE,numBlockers,deployRange,minRatereq,powerFac,lower_bound_thresh,lb_rate_before_handoff,scs_1,scs_2,mmW_rate_1,mmW_rate_2,users_not_bb
25,1000,400,100.000000,400000000.000000,100.000000,0.100000,0.6278422485064523,44253512.5929163917899132,55746487.4070836082100868,1816971310.8158302307128906,3136551894.3308973312377930,4.8473967684021542
