UE idx,lambdaBS,lambdaUE,numBlockers,powFactor,rate_before_handoff,rate_after_handoff,rate_mmW
1,25,40,400,1000,341494999.8678846955299377,295616657.2352108955383301,7600173786.8382339477539062
