UE idx,lambdaBS,lambdaUE,numBlockers,rate_before_handoff,rate_after_handoff,rate_before_handoff_affected,rate_after_handoff_affected,rate_mmW
1,25,230,400,2.703485e+08,269117193.5729069709777832,251169030.0466561019420624,248659781.0700146555900574,2153532117.1890902519226074
