UE idx,lambdaBS,lambdaUE,numBlockers,rate_before_handoff,rate_after_handoff,rate_before_handoff_affected,rate_after_handoff_affected,rate_mmW
1,25,220,400,2.763343e+08,275581716.4427523612976074,250162225.2392112612724304,248854157.2535423934459686,958258512.2860965728759766
