UE idx,lambdaBS,lambdaUE,numBlockers,rate_before_handoff,rate_after_handoff,rate_before_handoff_affected,rate_after_handoff_affected,rate_mmW
1,25,200,400,2.759156e+08,275271674.0987474322319031,264139102.3518269360065460,263361029.6802692711353302,131717371.7067075669765472
