lambdaBS,lambdaUE,numBlockers,deployRange,minRatereq,powerFac,lower_bound_thresh,lb_rate_before_handoff,scs_1,scs_2,mmW_rate_1,mmW_rate_2,users_not_bb
25,1000,400,80.000000,400000000.000000,10.000000,0.100000,0.1383103318299133,-153054125.0023255944252014,253054125.0023255944252014,-9422180115.4813404083251953,-13016195587.7049980163574219,41.0839160839160868
