UE idx,lambdaBS,lambdaUE,numBlockers,powFactor,rate_before_handoff,rate_after_handoff,rate_before_handoff_affected,rate_after_handoff_affected,rate_mmW
1,25,150,400,10,196703218.8107431530952454,287300997.0761343836784363,165364941.9022751450538635,171631155.5348051190376282,818860741.3262090682983398
