UE idx,lambdaBS,lambdaUE,numBlockers,powFactor,rate_before_handoff,rate_after_handoff,rate_mmW
1,25,50,400,1000,274579156.7588570117950439,226543733.0669345259666443,7536155653.9562397003173828
