UE idx,lambdaBS,lambdaUE,numBlockers,rate_before_handoff,rate_after_handoff,rate_before_handoff_affected,rate_after_handoff_affected,rate_mmW
1,25,250,400,2.707022e+08,270325104.0934212207794189,274162441.0176015496253967,273380841.4630738496780396,494556952.3297867178916931
