UE idx,lambdaBS,lambdaUE,numBlockers,powFactor,rate_before_handoff,rate_after_handoff,rate_mmW
1,25,30,400,1000,357767113.3944433927536011,293668163.0843207836151123,8378667801.2335720062255859
