UE idx,lambdaBS,lambdaUE,numBlockers,rate_before_handoff,rate_after_handoff,rate_before_handoff_affected,rate_after_handoff_affected,rate_mmW
1,25,210,400,2.868306e+08,286336908.6337872743606567,285348730.3009164333343506,284440163.7060772180557251,598042405.6293791532516479
