UE idx,lambdaBS,lambdaUE,numBlockers,powFactor,rate_before_handoff,rate_after_handoff,rate_before_handoff_affected,rate_after_handoff_affected,rate_mmW
1,25,150,400,1,184458118.3440815508365631,278803440.3846005201339722,99593058.3031749874353409,134518460.7010588943958282,7628847.1836661901324987
