UE idx,lambdaBS,lambdaUE,numBlockers,rate_before_handoff,rate_after_handoff,rate_before_handoff_affected,rate_after_handoff_affected,rate_mmW
1,25,220,400,2.214888e+08,220742308.4392606914043427,195508283.0484540760517120,194645474.0585909187793732,582027345.3431135416030884
