UE idx,lambdaBS,lambdaUE,numBlockers,rate_before_handoff,rate_after_handoff,rate_before_handoff_affected,rate_after_handoff_affected,rate_mmW
1,25,200,400,2.479531e+08,247627060.2264871299266815,199620027.3108900785446167,199152400.3785525262355804,269689362.6961099505424500
