UE idx,lambdaBS,lambdaUE,numBlockers,powFactor,rate_before_handoff,rate_after_handoff,rate_mmW
1,25,50,400,80,223978748.2972042262554169,251043700.6808934807777405,2971401.1326216394081712
