UE idx,lambdaBS,lambdaUE,numBlockers,rate_before_handoff,rate_after_handoff,rate_before_handoff_affected,rate_after_handoff_affected,rate_mmW
1,25,250,400,2.712381e+08,271762824.7884398698806763,252241159.7901861369609833,252634405.0021674633026123,738155339.4638723134994507
