UE idx,lambdaBS,lambdaUE,numBlockers,rate_before_handoff,rate_after_handoff,rate_before_handoff_affected,rate_after_handoff_affected,rate_mmW
1,25,210,400,2.875091e+08,287239278.8830348849296570,256771320.1595092713832855,256370097.7946626245975494,272568912.8759474158287048
