UE idx,lambdaBS,lambdaUE,numBlockers,rate_before_handoff,rate_after_handoff,rate_before_handoff_affected,rate_after_handoff_affected,rate_mmW
1,25,240,400,2.633009e+08,262918434.2327452301979065,253649445.0512308478355408,253071231.5640985071659088,261905137.2739547193050385
