UE idx,lambdaBS,lambdaUE,numBlockers,rate_before_handoff,rate_after_handoff,rate_before_handoff_affected,rate_after_handoff_affected,rate_mmW
1,25,200,400,3.031341e+08,302812410.3383279442787170,298060270.1847751736640930,297706767.0991163849830627,149411466.6798125207424164
