UE idx,lambdaBS,lambdaUE,numBlockers,rate_before_handoff,rate_after_handoff,rate_before_handoff_affected,rate_after_handoff_affected,rate_mmW
1,25,240,400,2.596491e+08,259099496.8235018551349640,249635115.8908526301383972,248603642.6013229191303253,448781328.6506763696670532
