lambdaBS,lambdaUE,numBlockers,deployRange,minRatereq,powerFac,lower_bound_thresh,lb_rate_before_handoff,scs_1,scs_2,mmW_rate_1,mmW_rate_2,users_not_bb
25,1000,400,40.000000,400000000.000000,1.000000,0.100000,0.8384830922592266,58257953.7701884210109711,41742046.2298115789890289,1445602109.2566943168640137,3839618212.4328851699829102,3.0050083472454090
