UE idx,lambdaBS,lambdaUE,numBlockers,rate_before_handoff,rate_after_handoff,rate_before_handoff_affected,rate_after_handoff_affected,rate_mmW
1,25,200,400,2.554436e+08,255769059.6797263622283936,224715197.5942524373531342,224945373.2891234755516052,1190597046.2590794563293457
