UE idx,lambdaBS,lambdaUE,numBlockers,rate_before_handoff,rate_after_handoff,rate_before_handoff_affected,rate_after_handoff_affected,rate_mmW
1,25,230,400,2.489751e+08,248408192.4770122766494751,242253452.3911966979503632,241406817.1659969687461853,342975914.5829443931579590
