UE idx,lambdaBS,lambdaUE,numBlockers,rate_before_handoff,rate_after_handoff,rate_before_handoff_affected,rate_after_handoff_affected,rate_mmW
1,25,210,400,2.235967e+08,222935895.0257419049739838,205104471.4127035439014435,204242145.3962964415550232,1161606068.8141119480133057
