lambdaBS,lambdaUE,numBlockers,deployRange,minRatereq,powerFac,lower_bound_thresh,mmW_rate_1,mmW_rate_2,users_not_bb,mmW_rate_1_small,mmW_rate_2_small,users_not_bb_small
25,250,400,100.000000,100000000.000000,10.000000,0.100000,821537318.1289885044097900,494382581.2254241704940796,8.7837837837837842,205918621.5812998116016388,152980602.0204105377197266,2.0270270270270272
