UE idx,lambdaBS,lambdaUE,numBlockers,rate_before_handoff,rate_after_handoff,rate_before_handoff_affected,rate_after_handoff_affected,rate_mmW
1,25,240,400,2.617388e+08,261086516.1958411633968353,244649420.2398554086685181,243594267.7633105814456940,629385081.8329857587814331
