UE idx,lambdaBS,lambdaUE,numBlockers,rate_before_handoff,rate_after_handoff,rate_before_handoff_affected,rate_after_handoff_affected,rate_mmW
1,25,230,400,2.480087e+08,247513533.2491941154003143,213883579.9416141211986542,213079857.3915652632713318,471234155.5792959928512573
