UE idx,lambdaBS,lambdaUE,numBlockers,rate_before_handoff,rate_after_handoff,rate_before_handoff_affected,rate_after_handoff_affected,rate_mmW
1,25,150,400,2.462101e+08,246102278.0926288664340973,223968800.5192814469337463,223247937.0858350694179535,390200145.2418435811996460
