lambdaBS,lambdaUE,numBlockers,deployRange,minRatereq,powerFac,lower_bound_thresh,lb_rate_before_handoff,scs_1,scs_2,mmW_rate_1,mmW_rate_2,users_not_bb
25,1000,400,80.000000,400000000.000000,1.000000,0.100000,0.7123286928739563,50865379.4938552156090736,49134620.5061447843909264,2277117975.5607690811157227,840877343.8183685541152954,3.9861351819757367
