UE idx,lambdaBS,lambdaUE,numBlockers,rate_before_handoff,rate_after_handoff,rate_before_handoff_affected,rate_after_handoff_affected,rate_mmW
1,25,150,400,2.770113e+08,276840850.3199334740638733,276070281.0822496414184570,274863301.7020974159240723,875874918.2355204820632935
