UE idx,lambdaBS,lambdaUE,numBlockers,rate_before_handoff,rate_after_handoff,rate_before_handoff_affected,rate_after_handoff_affected,rate_mmW
1,25,220,400,2.797789e+08,279986285.0745195746421814,245197654.9444077014923096,243485544.7451108098030090,2447173171.3875122070312500
