UE idx,lambdaBS,lambdaUE,numBlockers,rate_before_handoff,rate_after_handoff,rate_before_handoff_affected,rate_after_handoff_affected,rate_mmW
1,25,220,400,2.412697e+08,240888575.6360037922859192,228130580.7600948512554169,227299445.6630140841007233,1069101273.5539488792419434
