UE idx,lambdaBS,lambdaUE,numBlockers,powFactor,rate_before_handoff,rate_after_handoff,rate_mmW
1,25,40,400,1000,348018759.6077298521995544,273837589.3445706367492676,9282762097.8005409240722656
