UE idx,lambdaBS,lambdaUE,numBlockers,rate_before_handoff,rate_after_handoff,rate_before_handoff_affected,rate_after_handoff_affected,rate_mmW
1,25,200,400,2.510402e+08,250149356.4604814648628235,240880546.0874790251255035,239868142.0556471943855286,275782592.0040564537048340
