UE idx,lambdaBS,lambdaUE,numBlockers,powFactor,rate_before_handoff,rate_after_handoff,rate_mmW
1,25,10,400,1000,382977635.0836362838745117,328495590.4691358208656311,8727358993.6813068389892578
