UE idx,lambdaBS,lambdaUE,numBlockers,rate_before_handoff,rate_after_handoff,rate_before_handoff_affected,rate_after_handoff_affected,rate_mmW
1,25,240,400,2.272543e+08,226543987.8117268979549408,214478818.5413732826709747,213686324.2109305858612061,374650461.9240844845771790
