UE idx,lambdaBS,lambdaUE,numBlockers,rate_before_handoff,rate_after_handoff,rate_before_handoff_affected,rate_after_handoff_affected,rate_mmW
1,25,240,400,2.653278e+08,265298835.9976162612438202,237306704.1933515965938568,237012820.4439619481563568,1177442221.1686398983001709
