UE idx,lambdaBS,lambdaUE,numBlockers,rate_before_handoff,rate_after_handoff,rate_before_handoff_affected,rate_after_handoff_affected,rate_mmW
1,25,210,400,2.669377e+08,266367021.5350532233715057,248628949.8409577906131744,247891630.4198764264583588,935787305.4983479976654053
