UE idx,lambdaBS,lambdaUE,numBlockers,rate_before_handoff,rate_after_handoff,rate_before_handoff_affected,rate_after_handoff_affected,rate_mmW
1,25,230,400,2.821695e+08,281788112.7909586429595947,289612077.8772007226943970,287643673.2398428320884705,1178916125.5106227397918701
