UE idx,lambdaBS,lambdaUE,numBlockers,powFactor,rate_before_handoff,rate_after_handoff,rate_before_handoff_affected,rate_after_handoff_affected,rate_mmW
1,25,150,400,10,188802982.5562593638896942,300025065.4172216057777405,141281521.7194783687591553,218226491.2620835900306702,617575064.3187354803085327
