UE idx,lambdaBS,lambdaUE,numBlockers,rate_before_handoff,rate_after_handoff,rate_before_handoff_affected,rate_after_handoff_affected,rate_mmW
1,25,240,400,2.803997e+08,279889921.6970422267913818,276442994.2835172414779663,275541795.7010617256164551,607245782.4990315437316895
