lambdaBS,lambdaUE,numBlockers,deployRange,minRatereq,powerFac,lower_bound_thresh,lb_rate_before_handoff,scs_1,scs_2,mmW_rate_1,mmW_rate_2,users_not_bb
25,1000,400,40.000000,400000000.000000,100.000000,0.100000,0.6432949939139276,45592612.5166101157665253,54407387.4833898842334747,1314935060.4258923530578613,1066851882.9912472963333130,6.1082024432809776
