UE idx,lambdaBS,lambdaUE,numBlockers,powFactor,rate_before_handoff,rate_after_handoff,rate_mmW
1,25,50,400,1000,322521639.3901188373565674,257526929.1719397902488708,7403778736.2971515655517578
