UE idx,lambdaBS,lambdaUE,numBlockers,rate_before_handoff,rate_after_handoff,rate_before_handoff_affected,rate_after_handoff_affected,rate_mmW
1,25,230,400,2.277127e+08,226957875.5639748573303223,213292933.9144594073295593,212398422.4046358168125153,340607188.9434999227523804
