UE idx,lambdaBS,lambdaUE,numBlockers,rate_before_handoff,rate_after_handoff,rate_before_handoff_affected,rate_after_handoff_affected,rate_mmW
1,25,220,400,2.485179e+08,248216142.1078371405601501,230150642.3559201955795288,229664395.7602253258228302,318159261.9968538284301758
