lambdaBS,lambdaUE,numBlockers,deployRange,minRatereq,powerFac,lower_bound_thresh,lb_rate_before_handoff,scs_1,scs_2,mmW_rate_1,mmW_rate_2,users_not_bb
25,1000,400,20.000000,400000000.000000,100.000000,0.100000,0.5577527988900529,37248185.8098225742578506,62751814.1901774257421494,1567272677.7160689830780029,1438280276.5534040927886963,4.8275862068965516
