UE idx,lambdaBS,lambdaUE,numBlockers,rate_before_handoff,rate_after_handoff,rate_before_handoff_affected,rate_after_handoff_affected,rate_mmW
1,25,250,400,2.661640e+08,265341826.1968065202236176,254651004.0355538129806519,251159719.7883899807929993,2553027912.9135251045227051
