UE idx,lambdaBS,lambdaUE,numBlockers,rate_before_handoff,rate_after_handoff,rate_before_handoff_affected,rate_after_handoff_affected,rate_mmW
1,25,240,400,2.572691e+08,257333141.4724636673927307,260496794.6838039755821228,258961987.5811728835105896,2054701540.8702816963195801
