lambdaBS,lambdaUE,numBlockers,deployRange,minRatereq,powerFac,lower_bound_thresh,mmW_rate_1,mmW_rate_2,users_not_bb,mmW_rate_1_small,mmW_rate_2_small,users_not_bb_small
25,250,400,100.000000,400000000.000000,10.000000,0.100000,5312624006.6871538162231445,4120096768.0130476951599121,7.9470198675496686,0.0000000000000000,0.0000000000000000,6.6225165562913908
