UE idx,lambdaBS,lambdaUE,numBlockers,rate_before_handoff,rate_after_handoff,rate_before_handoff_affected,rate_after_handoff_affected,rate_mmW
1,25,220,400,2.732560e+08,272306777.8806752562522888,237887333.9756624996662140,235852569.4950896203517914,1813911190.1117181777954102
