UE idx,lambdaBS,lambdaUE,numBlockers,rate_before_handoff,rate_after_handoff,rate_before_handoff_affected,rate_after_handoff_affected,rate_mmW
1,25,230,400,2.771888e+08,276874445.1403493285179138,251778867.2830984890460968,251210666.7545949518680573,531932276.9819278717041016
