UE idx,lambdaBS,lambdaUE,numBlockers,rate_before_handoff,rate_after_handoff,rate_before_handoff_affected,rate_after_handoff_affected,rate_mmW
1,25,220,400,2.460663e+08,246792669.3935760259628296,227252494.7645239830017090,227443115.5397546589374542,1913833167.2018194198608398
