UE idx,lambdaBS,lambdaUE,numBlockers,powFactor,rate_before_handoff,rate_after_handoff,rate_mmW
1,25,50,400,80,29364367.2793776504695415,26474547.1994407474994659,62166802.4475370645523071
