UE idx,lambdaBS,lambdaUE,numBlockers,powFactor,rate_before_handoff,rate_after_handoff,rate_mmW
1,25,100,400,100,42006015.8214827850461006,25722219.3478450253605843,1346069503.9672343730926514
