UE idx,lambdaBS,lambdaUE,numBlockers,rate_before_handoff,rate_after_handoff,rate_before_handoff_affected,rate_after_handoff_affected,rate_mmW
1,25,210,400,2.712224e+08,270640892.4002739787101746,248799071.9301145970821381,247728636.6836486458778381,493577027.1995074152946472
