UE idx,lambdaBS,lambdaUE,numBlockers,powFactor,rate_before_handoff,rate_after_handoff,rate_mmW
1,25,10,400,1000,381198425.5537447333335876,293364095.7383915781974792,5513219913.7708377838134766
