UE idx,lambdaBS,lambdaUE,numBlockers,rate_before_handoff,rate_after_handoff,rate_before_handoff_affected,rate_after_handoff_affected,rate_mmW
1,25,250,400,2.877062e+08,287084171.1578705906867981,287642426.7994650006294250,286800138.4155438542366028,348739248.5125468373298645
