UE idx,lambdaBS,lambdaUE,numBlockers,rate_before_handoff,rate_after_handoff,rate_before_handoff_affected,rate_after_handoff_affected,rate_mmW
1,25,150,400,2.550244e+08,254679156.0848112106323242,216539388.3990838527679443,210149844.5350762307643890,1008781401.5177962779998779
