UE idx,lambdaBS,lambdaUE,numBlockers,powFactor,rate_before_handoff,rate_after_handoff,rate_mmW
1,25,50,400,10,326240090.0035728216171265,322626106.3191442489624023,5073433434.9112691879272461
