UE idx,lambdaBS,lambdaUE,numBlockers,rate_before_handoff,rate_after_handoff,rate_before_handoff_affected,rate_after_handoff_affected,rate_mmW
1,25,240,400,2.753451e+08,274555909.1771225929260254,260495384.9859293103218079,259278560.3632774651050568,318366534.8288637399673462
