lambdaBS,lambdaUE,numBlockers,deployRange,minRatereq,powerFac,lower_bound_thresh,lb_rate_before_handoff,scs_1,scs_2,mmW_rate_1,mmW_rate_2,users_not_bb
25,1000,400,60.000000,400000000.000000,100.000000,0.100000,0.5654542030266623,38102856.4070118293166161,61897143.5929881706833839,2017945990.3163366317749023,2280088398.0532507896423340,5.0966608084358525
