lambdaBS,lambdaUE,numBlockers,deployRange,minRatereq,powerFac,lower_bound_thresh,mmW_rate_1,mmW_rate_2,users_not_bb,mmW_rate_1_small,mmW_rate_2_small,users_not_bb_small
25,250,400,100.000000,400000000.000000,10.000000,0.100000,4287483613.6429433822631836,4426505068.7192039489746094,7.6923076923076925,2391143799.8860082626342773,1095293968.3064031600952148,4.8951048951048950
