lambdaBS,lambdaUE,numBlockers,deployRange,minRatereq,powerFac,lower_bound_thresh,lb_rate_before_handoff,scs_1,scs_2,mmW_rate_1,mmW_rate_2,users_not_bb
25,1000,400,100.000000,400000000.000000,1.000000,0.100000,0.2356103151371406,-48550372.1669728457927704,148550372.1669728457927704,-3398018817.2991032600402832,-4640966431.8093423843383789,21.6606498194945836
