lambdaBS,lambdaUE,numBlockers,deployRange,minRatereq,powerFac,lower_bound_thresh,lb_rate_before_handoff,scs_1,scs_2,mmW_rate_1,mmW_rate_2,users_not_bb
25,1000,400,100.000000,400000000.000000,1.000000,0.100000,0.6241408946821752,43922918.2093208432197571,56077081.7906791567802429,1006397437.5828974246978760,1574733997.9923903942108154,5.3540587219343694
