UE idx,lambdaBS,lambdaUE,numBlockers,powFactor,rate_before_handoff,rate_after_handoff,rate_mmW
1,25,50,400,7,30182623.0519818998873234,29607844.9037242271006107,78363570.3789816796779633
