UE idx,lambdaBS,lambdaUE,numBlockers,powFactor,rate_before_handoff,rate_after_handoff,rate_mmW
1,25,40,400,1000,326495774.0177300572395325,250977105.6605823934078217,8422597652.4927034378051758
