UE idx,lambdaBS,lambdaUE,numBlockers,rate_before_handoff,rate_after_handoff,rate_before_handoff_affected,rate_after_handoff_affected,rate_mmW
1,25,200,400,2.520318e+08,251290499.7710644304752350,249164644.0089210569858551,248242670.4160300195217133,346634576.1966972351074219
