UE idx,lambdaBS,lambdaUE,numBlockers,powFactor,rate_before_handoff,rate_after_handoff,rate_before_handoff_affected,rate_after_handoff_affected,rate_mmW
1,25,150,400,1,177923768.4193986058235168,282559853.2153577208518982,148531038.3684113025665283,199857114.2412712275981903,948032577.0572553873062134
