UE idx,lambdaBS,lambdaUE,numBlockers,powFactor,rate_before_handoff,rate_after_handoff,rate_mmW
1,25,20,400,1000,365164781.8763531446456909,320217639.0303611159324646,7889713489.5576124191284180
