UE idx,lambdaBS,lambdaUE,numBlockers,powFactor,rate_before_handoff,rate_after_handoff,rate_before_handoff_affected,rate_after_handoff_affected,rate_mmW
1,25,150,400,1,190548896.8420118391513824,281954705.3186082243919373,129850351.4409271925687790,171813508.6059453785419464,39757787.0533801838755608
