UE idx,lambdaBS,lambdaUE,numBlockers,powFactor,rate_before_handoff,rate_after_handoff,rate_mmW
1,25,20,400,1000,361962174.7517082691192627,261051634.5057997405529022,11788564981.0036945343017578
