UE idx,lambdaBS,lambdaUE,numBlockers,powFactor,rate_before_handoff,rate_after_handoff,rate_mmW
1,25,40,400,1000,328596009.0582817196846008,273526563.8246964216232300,10251663102.3339710235595703
