lambdaBS,lambdaUE,numBlockers,deployRange,minRatereq,powerFac,lower_bound_thresh,lb_rate_before_handoff,scs_1,scs_2,mmW_rate_1,mmW_rate_2,users_not_bb
25,1000,400,100.000000,400000000.000000,1.000000,0.100000,0.6408197262451587,45382455.3668467551469803,54617544.6331532448530197,1439210627.0102283954620361,1351224273.7747075557708740,5.3833605220228389
