UE idx,lambdaBS,lambdaUE,numBlockers,powFactor,rate_before_handoff,rate_after_handoff,rate_mmW
1,25,50,400,10000,326240090.0035728216171265,274003144.5659555792808533,7536287017.1834344863891602
