lambdaBS,lambdaUE,numBlockers,deployRange,minRatereq,powerFac,lower_bound_thresh,mmW_rate_1,mmW_rate_2,users_not_bb,mmW_rate_1_small,mmW_rate_2_small,users_not_bb_small
25,250,400,100.000000,400000000.000000,10.000000,0.100000,4065728094.3600950241088867,5007654609.3532733917236328,7.2368421052631575,0.0000000000000000,0.0000000000000000,19.0789473684210513
