UE idx,lambdaBS,lambdaUE,numBlockers,rate_before_handoff,rate_after_handoff,rate_before_handoff_affected,rate_after_handoff_affected,rate_mmW
1,25,250,400,2.597831e+08,259410369.4578342437744141,267826068.1920821368694305,267085383.9184057116508484,972242916.2895278930664062
