UE idx,lambdaBS,lambdaUE,numBlockers,rate_before_handoff,rate_after_handoff,rate_before_handoff_affected,rate_after_handoff_affected,rate_mmW
1,25,200,400,2.962895e+08,295932873.8865188956260681,291501293.5170413255691528,290901771.8789435625076294,1456518617.9027960300445557
