UE idx,lambdaBS,lambdaUE,numBlockers,rate_before_handoff,rate_after_handoff,rate_before_handoff_affected,rate_after_handoff_affected,rate_mmW
1,25,220,400,2.462649e+08,247511805.1243098080158234,239692173.9567854702472687,239678065.8936883807182312,3132639323.4615263938903809
