lambdaBS,lambdaUE,numBlockers,deployRange,minRatereq,powerFac,lower_bound_thresh,lb_rate_before_handoff,scs_1,scs_2,mmW_rate_1,mmW_rate_2,users_not_bb
25,1000,400,100.000000,400000000.000000,100.000000,0.100000,0.5339781378543799,34454245.3729729652404785,65545754.6270270347595215,1160830230.8736813068389893,1845383183.6451988220214844,4.1594454072790299
