UE idx,lambdaBS,lambdaUE,numBlockers,powFactor,rate_before_handoff,rate_after_handoff,rate_mmW
1,25,40,400,1000,341381884.6611899137496948,271153765.0297756791114807,6383809662.2882347106933594
