lambdaBS,lambdaUE,numBlockers,deployRange,minRatereq,powerFac,lower_bound_thresh,lb_rate_before_handoff,scs_1,scs_2,mmW_rate_1,mmW_rate_2,users_not_bb
25,1000,400,20.000000,400000000.000000,1.000000,0.100000,0.6872589008121309,49073049.5325114727020264,50926950.4674885272979736,1037492265.2966921329498291,3440947472.0263309478759766,5.2730696798493408
