UE idx,lambdaBS,lambdaUE,numBlockers,rate_before_handoff,rate_after_handoff,rate_before_handoff_affected,rate_after_handoff_affected,rate_mmW
1,25,230,400,2.773807e+08,277038716.7750113606452942,264790546.2673048675060272,263527849.2088869810104370,1290463121.4446914196014404
