lambdaBS,lambdaUE,numBlockers,deployRange,minRatereq,powerFac,lower_bound_thresh,lb_rate_before_handoff,scs_1,scs_2,mmW_rate_1,mmW_rate_2,users_not_bb
25,1000,400,100.000000,400000000.000000,100.000000,0.100000,0.5326682556891772,34293062.0960014313459396,65706937.9039985686540604,2021870617.6383481025695801,2088815553.1724975109100342,4.4891640866873068
