UE idx,lambdaBS,lambdaUE,numBlockers,rate_before_handoff,rate_after_handoff,rate_before_handoff_affected,rate_after_handoff_affected,rate_mmW
1,25,150,400,2.738641e+08,273797734.9879812002182007,270285897.8290546536445618,269669384.4285448193550110,498063113.0879895091056824
