UE idx,lambdaBS,lambdaUE,numBlockers,rate_before_handoff,rate_after_handoff,rate_before_handoff_affected,rate_after_handoff_affected,rate_mmW
1,25,210,400,2.850129e+08,284625192.8202958703041077,280808768.3035215139389038,279883136.5393118858337402,269394012.7734337449073792
