lambdaBS,lambdaUE,numBlockers,deployRange,minRatereq,powerFac,lower_bound_thresh,mmW_rate_1,mmW_rate_2,users_not_bb,mmW_rate_1_small,mmW_rate_2_small,users_not_bb_small
25,250,400,100.000000,100000000.000000,10.000000,0.100000,567596571.4822664260864258,560618804.3640005588531494,7.9470198675496686,235180940.2433647513389587,308973872.1797682642936707,1.3245033112582782
