UE idx,lambdaBS,lambdaUE,numBlockers,rate_before_handoff,rate_after_handoff,rate_before_handoff_affected,rate_after_handoff_affected,rate_mmW
1,25,250,400,2.504023e+08,250266752.5385418236255646,233137876.9490883648395538,232649779.3260174393653870,954113310.1531434059143066
