UE idx,lambdaBS,lambdaUE,numBlockers,rate_before_handoff,rate_after_handoff,rate_before_handoff_affected,rate_after_handoff_affected,rate_mmW
1,25,210,400,2.449794e+08,244320150.2592301666736603,241816906.1867730617523193,240125297.1883807182312012,1768405330.6433954238891602
