UE idx,lambdaBS,lambdaUE,numBlockers,powFactor,rate_before_handoff,rate_after_handoff,rate_mmW
1,25,40,400,1000,340101333.5655516982078552,279871129.7640026807785034,7543796902.4343748092651367
