lambdaBS,lambdaUE,numBlockers,deployRange,minRatereq,powerFac,lower_bound_thresh,lb_rate_before_handoff,scs_1,scs_2,mmW_rate_1,mmW_rate_2,users_not_bb
25,1000,400,40.000000,400000000.000000,100.000000,0.100000,0.6049327760607298,42142331.5365436300635338,57857668.4634563699364662,2152458965.6207442283630371,3490679343.3674330711364746,3.0508474576271185
