UE idx,lambdaBS,lambdaUE,numBlockers,rate_before_handoff,rate_after_handoff,rate_before_handoff_affected,rate_after_handoff_affected,rate_mmW
1,25,240,400,2.575355e+08,257241369.5515029728412628,230973979.3463664948940277,230431311.6788595914840698,640550588.8277689218521118
