lambdaBS,lambdaUE,numBlockers,deployRange,minRatereq,powerFac,lower_bound_thresh,lb_rate_before_handoff,scs_1,scs_2,mmW_rate_1,mmW_rate_2,users_not_bb
25,1000,400,20.000000,400000000.000000,100.000000,0.100000,0.5943530649107492,41112442.9799049496650696,58887557.0200950503349304,1454764160.4659709930419922,1288506972.7456161975860596,4.7872340425531918
