UE idx,lambdaBS,lambdaUE,numBlockers,rate_before_handoff,rate_after_handoff,rate_before_handoff_affected,rate_after_handoff_affected,rate_mmW
1,25,210,400,2.444360e+08,243893217.4962020516395569,239224997.4453168809413910,238254394.6111710667610168,267289113.9204278290271759
