UE idx,lambdaBS,lambdaUE,numBlockers,rate_before_handoff,rate_after_handoff,rate_before_handoff_affected,rate_after_handoff_affected,rate_mmW
1,25,210,400,2.524266e+08,252117688.7755002975463867,245096540.4587243497371674,244026521.1956110596656799,983009228.7486219406127930
