UE idx,lambdaBS,lambdaUE,numBlockers,rate_before_handoff,rate_after_handoff,rate_before_handoff_affected,rate_after_handoff_affected,rate_mmW
1,25,250,400,2.787202e+08,277735741.0985231399536133,243857622.0805674791336060,241059716.1257434189319611,2497795085.3776369094848633
