lambdaBS,lambdaUE,numBlockers,deployRange,minRatereq,powerFac,lower_bound_thresh,lb_rate_before_handoff,scs_1,scs_2,mmW_rate_1,mmW_rate_2,users_not_bb
25,1000,400,80.000000,400000000.000000,1.000000,0.100000,0.5884067537196995,40517338.0850196406245232,59482661.9149803593754768,2662797223.4103407859802246,1404634280.0294954776763916,5.9440559440559442
