UE idx,lambdaBS,lambdaUE,numBlockers,rate_before_handoff,rate_after_handoff,rate_before_handoff_affected,rate_after_handoff_affected,rate_mmW
1,25,210,400,2.647806e+08,264325097.2679525911808014,254627146.7635695636272430,253940343.0705710053443909,308309510.9942989945411682
