UE idx,lambdaBS,lambdaUE,numBlockers,rate_before_handoff,rate_after_handoff,rate_before_handoff_affected,rate_after_handoff_affected,rate_mmW
1,25,210,400,3.096174e+08,308933260.7056565284729004,262081172.7929584383964539,260135727.6240655481815338,1895795683.9515492916107178
