UE idx,lambdaBS,lambdaUE,numBlockers,rate_before_handoff,rate_after_handoff,rate_before_handoff_affected,rate_after_handoff_affected,rate_mmW
1,25,200,400,1.973670e+08,195599107.4585449993610382,195416402.7531006336212158,192618785.1723683774471283,2164881981.0157351493835449
