lambdaBS,lambdaUE,numBlockers,deployRange,minRatereq,powerFac,lower_bound_thresh,lb_rate_before_handoff,scs_1,scs_2,mmW_rate_1,mmW_rate_2,users_not_bb
25,1000,400,20.000000,400000000.000000,1.000000,0.100000,0.5364052387530511,34750823.6844174265861511,65249176.3155825734138489,321389326.1587032675743103,586136422.6708699464797974,6.1797752808988768
