UE idx,lambdaBS,lambdaUE,numBlockers,rate_before_handoff,rate_after_handoff,rate_before_handoff_affected,rate_after_handoff_affected,rate_mmW
1,25,220,400,2.571789e+08,256781364.6012415885925293,241640483.9809281826019287,241167209.0344320237636566,553643485.8199923038482666
