UE idx,lambdaBS,lambdaUE,numBlockers,rate_before_handoff,rate_after_handoff,rate_before_handoff_affected,rate_after_handoff_affected,rate_mmW
1,25,240,400,2.329456e+08,232038778.2526618242263794,218728700.1763586699962616,217600601.4484733045101166,616382839.3584438562393188
