UE idx,lambdaBS,lambdaUE,numBlockers,rate_before_handoff,rate_after_handoff,rate_before_handoff_affected,rate_after_handoff_affected,rate_mmW
1,25,200,400,2.651381e+08,264725758.7210549116134644,260837925.7582497298717499,259983777.2334184050559998,1003804711.9766920804977417
