UE idx,lambdaBS,lambdaUE,numBlockers,rate_before_handoff,rate_after_handoff,rate_before_handoff_affected,rate_after_handoff_affected,rate_mmW
1,25,200,400,2.683667e+08,267666196.2062998116016388,249285392.4289923608303070,248442836.9863941371440887,586726993.1874521970748901
