UE idx,lambdaBS,lambdaUE,numBlockers,rate_before_handoff,rate_after_handoff,rate_before_handoff_affected,rate_after_handoff_affected,rate_mmW
1,25,220,400,2.339137e+08,233737591.3716407716274261,217398379.1702344417572021,216692903.7620035111904144,1667111206.1716773509979248
