UE idx,lambdaBS,lambdaUE,numBlockers,powFactor,rate_before_handoff,rate_after_handoff,rate_mmW
1,25,40,400,1000,314608959.5727609992027283,254406049.1745416224002838,7398909527.5017166137695312
