UE idx,lambdaBS,lambdaUE,numBlockers,rate_before_handoff,rate_after_handoff,rate_before_handoff_affected,rate_after_handoff_affected,rate_mmW
1,25,220,400,2.758403e+08,275617555.4849423170089722,248766975.1148666441440582,248136712.9399287700653076,1081892510.7049255371093750
