UE idx,lambdaBS,lambdaUE,numBlockers,rate_before_handoff,rate_after_handoff,rate_before_handoff_affected,rate_after_handoff_affected,rate_mmW
1,25,210,400,2.619608e+08,259732559.0235221385955811,230347706.7704057693481445,225785898.9642650783061981,3000037527.4283475875854492
