UE idx,lambdaBS,lambdaUE,numBlockers,rate_before_handoff,rate_after_handoff,rate_before_handoff_affected,rate_after_handoff_affected,rate_mmW
1,25,230,400,2.515890e+08,251446010.2010453045368195,221809471.7258937358856201,221549769.6171430051326752,822428720.1289048194885254
