UE idx,lambdaBS,lambdaUE,numBlockers,powFactor,rate_before_handoff,rate_after_handoff,rate_mmW
1,25,50,400,70,240731202.2196751534938812,274558267.7312445640563965,37851482.4545367583632469
