lambdaBS,lambdaUE,numBlockers,deployRange,minRatereq,powerFac,lower_bound_thresh,mmW_rate_1,mmW_rate_2,users_not_bb,mmW_rate_1_small,mmW_rate_2_small,users_not_bb_small
25,250,400,100.000000,400000000.000000,10.000000,0.100000,5480086573.2402343750000000,5553819940.9324302673339844,9.0322580645161299,0.0000000000000000,0.0000000000000000,14.8387096774193541
