UE idx,lambdaBS,lambdaUE,numBlockers,rate_before_handoff,rate_after_handoff,rate_before_handoff_affected,rate_after_handoff_affected,rate_mmW
1,25,250,400,2.279756e+08,227434640.4061828851699829,213844842.4647808969020844,213148513.5994679927825928,278846592.4341517090797424
