UE idx,lambdaBS,lambdaUE,numBlockers,rate_before_handoff,rate_after_handoff,rate_before_handoff_affected,rate_after_handoff_affected,rate_mmW
1,25,220,400,1.871655e+08,187071826.3312977552413940,167369934.9253529608249664,167263715.1330823600292206,176961311.3647873997688293
