UE idx,lambdaBS,lambdaUE,numBlockers,rate_before_handoff,rate_after_handoff,rate_before_handoff_affected,rate_after_handoff_affected,rate_mmW
1,25,230,400,2.772245e+08,278322186.2113844752311707,274302800.3567023277282715,274241743.0857641100883484,1763701532.6613440513610840
