UE idx,lambdaBS,lambdaUE,numBlockers,rate_before_handoff,rate_after_handoff,rate_before_handoff_affected,rate_after_handoff_affected,rate_mmW
1,25,230,400,2.669741e+08,265388255.3395671844482422,248245087.4040803909301758,245649762.9817878305912018,2855842193.5920047760009766
