UE idx,lambdaBS,lambdaUE,numBlockers,powFactor,rate_before_handoff,rate_after_handoff,rate_before_handoff_affected,rate_after_handoff_affected,rate_mmW
1,25,150,400,10000,109999740.5400880426168442,289631661.2309717535972595,96437303.7797749787569046,95898230.2073886245489120,2704044480.0827350616455078
