lambdaBS,lambdaUE,numBlockers,deployRange,minRatereq,powerFac,lower_bound_thresh,mmW_rate_1,mmW_rate_2,users_not_bb,mmW_rate_1_small,mmW_rate_2_small,users_not_bb_small
25,250,400,100.000000,100000000.000000,10.000000,0.100000,498895964.3091280460357666,491426415.4219937920570374,7.4324324324324325,171356841.0092017352581024,184916812.2124115526676178,0.0000000000000000
