UE idx,lambdaBS,lambdaUE,numBlockers,rate_before_handoff,rate_after_handoff,rate_before_handoff_affected,rate_after_handoff_affected,rate_mmW
1,25,150,400,2.723571e+08,272438954.9435437917709351,252851244.6625049412250519,249762921.6790663301944733,2479992209.7360653877258301
