UE idx,lambdaBS,lambdaUE,numBlockers,rate_before_handoff,rate_after_handoff,rate_before_handoff_affected,rate_after_handoff_affected,rate_mmW
1,25,250,400,2.572657e+08,257000385.1395866870880127,241625748.3148916363716125,241142775.0315431952476501,509791686.1213191151618958
