UE idx,lambdaBS,lambdaUE,numBlockers,rate_before_handoff,rate_after_handoff,rate_before_handoff_affected,rate_after_handoff_affected,rate_mmW
1,25,250,400,2.560681e+08,255137855.1921664476394653,248117553.5443675220012665,246908765.9601525068283081,539087527.5063158273696899
