lambdaBS,lambdaUE,numBlockers,deployRange,minRatereq,powerFac,lower_bound_thresh,lb_rate_before_handoff,scs_1,scs_2,mmW_rate_1,mmW_rate_2,users_not_bb
25,1000,400,40.000000,400000000.000000,100.000000,0.100000,0.6746347290005255,48120073.7295978441834450,51879926.2704021558165550,2404214794.6965079307556152,2235371233.0619392395019531,4.3554006968641117
