UE idx,lambdaBS,lambdaUE,numBlockers,powFactor,rate_before_handoff,rate_after_handoff,rate_mmW
1,25,30,400,100,55766029.1791121438145638,30825178.2034108638763428,1345968415.0383408069610596
