UE idx,lambdaBS,lambdaUE,numBlockers,rate_before_handoff,rate_after_handoff,rate_before_handoff_affected,rate_after_handoff_affected,rate_mmW
1,25,250,400,2.770868e+08,276370070.0460923314094543,279362023.7096236944198608,278241184.7697778344154358,528286236.5484336614608765
