UE idx,lambdaBS,lambdaUE,numBlockers,rate_before_handoff,rate_after_handoff,rate_before_handoff_affected,rate_after_handoff_affected,rate_mmW
1,25,250,400,2.595760e+08,259223666.9856631755828857,276162932.1474083065986633,274886860.8178185224533081,1871823930.3692228794097900
