UE idx,lambdaBS,lambdaUE,numBlockers,powFactor,rate_before_handoff,rate_after_handoff,rate_before_handoff_affected,rate_after_handoff_affected,rate_mmW
1,25,150,400,1000,189573790.7999583482742310,295172246.3220055103302002,203415572.6051263213157654,105824519.6660933345556259,1160864144.9139130115509033
