lambdaBS,lambdaUE,numBlockers,deployRange,minRatereq,powerFac,lower_bound_thresh,mmW_rate_1,mmW_rate_2,users_not_bb,mmW_rate_1_small,mmW_rate_2_small,users_not_bb_small
25,250,400,100.000000,400000000.000000,10.000000,0.100000,4145361889.0067415237426758,4280543331.0175561904907227,4.7619047619047619,0.0000000000000000,0.0000000000000000,8.3333333333333339
