UE idx,lambdaBS,lambdaUE,numBlockers,rate_before_handoff,rate_after_handoff,rate_before_handoff_affected,rate_after_handoff_affected,rate_mmW
1,25,240,400,2.974379e+08,297381623.1527070999145508,277965633.9296955466270447,277392929.2246359586715698,1713464229.5311532020568848
