UE idx,lambdaBS,lambdaUE,numBlockers,powFactor,rate_before_handoff,rate_after_handoff,rate_mmW
1,25,70,400,100,48721421.4866582900285721,28307315.8657816089689732,1276769472.1208641529083252
