UE idx,lambdaBS,lambdaUE,numBlockers,rate_before_handoff,rate_after_handoff,rate_before_handoff_affected,rate_after_handoff_affected,rate_mmW
1,25,200,400,2.824020e+08,282253768.3439940810203552,291710927.4580653905868530,290054200.3453878760337830,2341689317.9091134071350098
