UE idx,lambdaBS,lambdaUE,numBlockers,rate_before_handoff,rate_after_handoff,rate_before_handoff_affected,rate_after_handoff_affected,rate_mmW
1,25,200,400,2.686932e+08,267940340.9547131061553955,232205384.9434909224510193,231092314.6474918425083160,592778833.6811009645462036
