UE idx,lambdaBS,lambdaUE,numBlockers,rate_before_handoff,rate_after_handoff,rate_before_handoff_affected,rate_after_handoff_affected,rate_mmW
1,25,240,400,2.559420e+08,255581553.9307990670204163,257933814.6093867123126984,256852725.7022593021392822,888050541.3260717391967773
