UE idx,lambdaBS,lambdaUE,numBlockers,powFactor,rate_before_handoff,rate_after_handoff,rate_mmW
1,25,1000,400,1000,50628308.1641580685973167,48142911.8006155267357826,7973100308.7119770050048828
