lambdaBS,lambdaUE,numBlockers,deployRange,minRatereq,powerFac,lower_bound_thresh,lb_rate_before_handoff,scs_1,scs_2,mmW_rate_1,mmW_rate_2,users_not_bb
25,1000,400,100.000000,400000000.000000,1.000000,0.100000,0.6280192487561603,44269224.1212030500173569,55730775.8787969499826431,641473919.9691773653030396,1740589718.8656802177429199,4.8473967684021542
