lambdaBS,lambdaUE,numBlockers,deployRange,minRatereq,powerFac,lower_bound_thresh,lb_rate_before_handoff,scs_1,scs_2,mmW_rate_1,mmW_rate_2,users_not_bb
25,1000,400,100.000000,400000000.000000,1.000000,0.100000,0.3147630503710249,-11194754.1452021598815918,111194754.1452021598815918,-395374288.4784582257270813,-236875301.9354342818260193,6.7453625632377738
