UE idx,lambdaBS,lambdaUE,numBlockers,rate_before_handoff,rate_after_handoff,rate_before_handoff_affected,rate_after_handoff_affected,rate_mmW
1,25,240,400,2.283583e+08,227933167.9655815958976746,218785694.8327494561672211,218108608.9209956526756287,1169658574.3181715011596680
