UE idx,lambdaBS,lambdaUE,numBlockers,rate_before_handoff,rate_after_handoff,rate_before_handoff_affected,rate_after_handoff_affected,rate_mmW
1,25,200,400,2.933678e+08,292882796.6839183568954468,275684900.6505591869354248,274986486.3437498807907104,202246153.9161602854728699
