UE idx,lambdaBS,lambdaUE,numBlockers,powFactor,rate_before_handoff,rate_after_handoff,rate_mmW
1,25,90,400,100,33119498.6712931245565414,25839698.8545022383332253,1607447258.9824690818786621
