UE idx,lambdaBS,lambdaUE,numBlockers,rate_before_handoff,rate_after_handoff,rate_before_handoff_affected,rate_after_handoff_affected,rate_mmW
1,25,250,400,2.025791e+08,201936572.0361603796482086,187802990.6093997061252594,187015601.6718429625034332,447137992.0869721174240112
