UE idx,lambdaBS,lambdaUE,numBlockers,powFactor,rate_before_handoff,rate_after_handoff,rate_mmW
1,25,40,400,1000,320870194.8519473075866699,263929061.4454720318317413,12420593892.2242164611816406
