lambdaBS,lambdaUE,numBlockers,deployRange,minRatereq,powerFac,lower_bound_thresh,lb_rate_before_handoff,scs_1,scs_2,mmW_rate_1,mmW_rate_2,users_not_bb
25,1000,400,100.000000,400000000.000000,1.000000,0.100000,0.4147005397672393,15601749.5910552889108658,84398250.4089447110891342,605872039.7397277355194092,297882680.0966007709503174,8.0724876441515647
