lambdaBS,lambdaUE,numBlockers,deployRange,minRatereq,powerFac,lower_bound_thresh,lb_rate_before_handoff,scs_1,scs_2,mmW_rate_1,mmW_rate_2,users_not_bb
25,1000,400,60.000000,400000000.000000,1.000000,0.100000,0.6483686455452109,46018364.3356648981571198,53981635.6643351018428802,885161693.8007606267929077,2134266973.4082064628601074,4.1946308724832218
