UE idx,lambdaBS,lambdaUE,numBlockers,rate_before_handoff,rate_after_handoff,rate_before_handoff_affected,rate_after_handoff_affected,rate_mmW
1,25,240,400,2.871451e+08,286718349.7968428730964661,264061444.1572825312614441,263352140.6682813465595245,328443740.7190291285514832
