UE idx,lambdaBS,lambdaUE,numBlockers,rate_before_handoff,rate_after_handoff,rate_before_handoff_affected,rate_after_handoff_affected,rate_mmW
1,25,250,400,2.192565e+08,218540828.1611967384815216,212967834.7878530323505402,212125572.8890262544155121,258635266.4916393458843231
