UE idx,lambdaBS,lambdaUE,numBlockers,rate_before_handoff,rate_after_handoff,rate_before_handoff_affected,rate_after_handoff_affected,rate_mmW
1,25,240,400,2.924678e+08,291852017.8267444968223572,282289192.0912693738937378,280821669.8170463442802429,2070072628.2727248668670654
