UE idx,lambdaBS,lambdaUE,numBlockers,rate_before_handoff,rate_after_handoff,rate_before_handoff_affected,rate_after_handoff_affected,rate_mmW
1,25,250,400,2.656721e+08,265113672.4211125373840332,279221533.4825100302696228,277860555.5292553901672363,1917808875.5976090431213379
