UE idx,lambdaBS,lambdaUE,numBlockers,rate_before_handoff,rate_after_handoff,rate_before_handoff_affected,rate_after_handoff_affected,rate_mmW
1,25,220,400,2.817944e+08,280982224.1091355085372925,269107477.1756389141082764,267904382.0922316908836365,490009406.9570663571357727
