UE idx,lambdaBS,lambdaUE,numBlockers,rate_before_handoff,rate_after_handoff,rate_before_handoff_affected,rate_after_handoff_affected,rate_mmW
1,25,240,400,3.031600e+08,302838733.9288395047187805,273033791.9657039046287537,272474462.6342892646789551,1131133230.5179386138916016
