UE idx,lambdaBS,lambdaUE,numBlockers,rate_before_handoff,rate_after_handoff,rate_before_handoff_affected,rate_after_handoff_affected,rate_mmW
1,25,250,400,2.879330e+08,288217714.0327359437942505,281605275.1042000055313110,281151437.7922815084457397,1895244864.0823526382446289
