UE idx,lambdaBS,lambdaUE,numBlockers,rate_before_handoff,rate_after_handoff,rate_before_handoff_affected,rate_after_handoff_affected,rate_mmW
1,25,250,400,2.479886e+08,247344419.0412216484546661,236773660.1330780982971191,235452513.8364423811435699,1149950934.0250658988952637
