UE idx,lambdaBS,lambdaUE,numBlockers,powFactor,rate_before_handoff,rate_after_handoff,rate_mmW
1,25,50,400,1000,300507844.1252177953720093,243000014.0713074207305908,8701906386.3028316497802734
