UE idx,lambdaBS,lambdaUE,numBlockers,rate_before_handoff,rate_after_handoff,rate_before_handoff_affected,rate_after_handoff_affected,rate_mmW
1,25,200,400,2.679561e+08,268204115.0966072976589203,269791173.1820203065872192,269360015.8471994996070862,1802992050.7762770652770996
