UE idx,lambdaBS,lambdaUE,numBlockers,rate_before_handoff,rate_after_handoff,rate_before_handoff_affected,rate_after_handoff_affected,rate_mmW
1,25,210,400,2.942738e+08,294056568.8563463091850281,253513616.0054546892642975,253100393.8449153900146484,129995683.2964029759168625
