UE idx,lambdaBS,lambdaUE,numBlockers,rate_before_handoff,rate_after_handoff,rate_before_handoff_affected,rate_after_handoff_affected,rate_mmW
1,25,250,400,2.896869e+08,289120722.0802021622657776,267483795.2860161364078522,266621933.4481795430183411,567816212.2096133232116699
