UE idx,lambdaBS,lambdaUE,numBlockers,powFactor,rate_before_handoff,rate_after_handoff,rate_before_handoff_affected,rate_after_handoff_affected,rate_mmW
1,25,150,400,1,205773375.5823577940464020,322991262.6744190454483032,173822831.8560783267021179,267195952.0792474150657654,142347454.0149682760238647
