lambdaBS,lambdaUE,numBlockers,deployRange,minRatereq,powerFac,lower_bound_thresh,mmW_rate_1,mmW_rate_2,users_not_bb,mmW_rate_1_small,mmW_rate_2_small,users_not_bb_small
25,250,400,100.000000,400000000.000000,10.000000,0.100000,2915729719.5279164314270020,4146878161.1724963188171387,7.9268292682926829,0.0000000000000000,0.0000000000000000,18.9024390243902438
