UE idx,lambdaBS,lambdaUE,numBlockers,rate_before_handoff,rate_after_handoff,rate_before_handoff_affected,rate_after_handoff_affected,rate_mmW
1,25,240,400,2.408287e+08,240014841.8450407981872559,236213832.7457021772861481,235119416.3929010331630707,417255000.5106641054153442
