UE idx,lambdaBS,lambdaUE,numBlockers,rate_before_handoff,rate_after_handoff,rate_before_handoff_affected,rate_after_handoff_affected,rate_mmW
1,25,200,400,3.138669e+08,313445548.1400381922721863,294363305.9726303219795227,293709364.7288430929183960,865805622.0872243642807007
