lambdaBS,lambdaUE,numBlockers,deployRange,minRatereq,powerFac,lower_bound_thresh,mmW_rate_1,mmW_rate_2,users_not_bb,mmW_rate_1_small,mmW_rate_2_small,users_not_bb_small
25,250,400,100.000000,400000000.000000,10.000000,0.100000,3810519914.5531506538391113,3697726628.1482038497924805,6.6176470588235290,1225416327.9989812374114990,560278095.8437825441360474,13.9705882352941178
