UE idx,lambdaBS,lambdaUE,numBlockers,rate_before_handoff,rate_after_handoff,rate_before_handoff_affected,rate_after_handoff_affected,rate_mmW
1,25,200,400,2.697248e+08,267908750.0259533226490021,248530530.1652871072292328,245537200.3999770581722260,2654041326.9211349487304688
