UE idx,lambdaBS,lambdaUE,numBlockers,rate_before_handoff,rate_after_handoff,rate_before_handoff_affected,rate_after_handoff_affected,rate_mmW
1,25,210,400,2.614055e+08,261064304.8791018426418304,239756589.7932207882404327,239166385.8610096573829651,425904394.9989635944366455
