lambdaBS,lambdaUE,numBlockers,deployRange,minRatereq,powerFac,lower_bound_thresh,lb_rate_before_handoff,scs_1,scs_2,mmW_rate_1,mmW_rate_2,users_not_bb
25,1000,400,20.000000,400000000.000000,100.000000,0.100000,0.6235224495110350,43867297.7573671489953995,56132702.2426328510046005,1750157271.1795008182525635,2088797428.8945765495300293,3.8461538461538463
