lambdaBS,lambdaUE,numBlockers,deployRange,minRatereq,powerFac,lower_bound_thresh,lb_rate_before_handoff,scs_1,scs_2,mmW_rate_1,mmW_rate_2,users_not_bb
25,1000,400,80.000000,400000000.000000,1.000000,0.100000,0.5955591567370940,41231698.6413987129926682,58768301.3586012870073318,290947614.5482416152954102,160297606.9675518870353699,6.5108514190317193
