UE idx,lambdaBS,lambdaUE,numBlockers,rate_before_handoff,rate_after_handoff,rate_before_handoff_affected,rate_after_handoff_affected,rate_mmW
1,25,230,400,2.904303e+08,289822344.0705541968345642,271048933.0632007122039795,270196329.1544988751411438,348845807.6536612510681152
