UE idx,lambdaBS,lambdaUE,numBlockers,rate_before_handoff,rate_after_handoff,rate_before_handoff_affected,rate_after_handoff_affected,rate_mmW
1,25,200,400,2.753614e+08,274903890.8851551413536072,248029765.4269471168518066,247532318.5887730419635773,307971864.4337448477745056
