UE idx,lambdaBS,lambdaUE,numBlockers,powFactor,rate_before_handoff,rate_after_handoff,rate_before_handoff_affected,rate_after_handoff_affected,rate_mmW
1,25,150,400,1,165232001.1233856081962585,252367209.3715723752975464,105411367.5513058453798294,152708407.9489837884902954,41868371.1269693970680237
