UE idx,lambdaBS,lambdaUE,numBlockers,rate_before_handoff,rate_after_handoff,rate_before_handoff_affected,rate_after_handoff_affected,rate_mmW
1,25,210,400,2.539183e+08,253517143.8074895739555359,229185536.9620837271213531,228218281.3059470653533936,669923325.4966048002243042
