UE idx,lambdaBS,lambdaUE,numBlockers,rate_before_handoff,rate_after_handoff,rate_before_handoff_affected,rate_after_handoff_affected,rate_mmW
1,25,230,400,2.503998e+08,249374070.3136605024337769,245477468.1600357890129089,243991031.7888326942920685,1353311216.1539928913116455
