lambdaBS,lambdaUE,numBlockers,deployRange,minRatereq,powerFac,lower_bound_thresh,lb_rate_before_handoff,scs_1,scs_2,mmW_rate_1,mmW_rate_2,users_not_bb
25,1000,400,20.000000,400000000.000000,100.000000,0.100000,0.6756066971372799,48194711.2894172891974449,51805288.7105827108025551,2998392140.2391080856323242,4028438895.6695199012756348,4.5217391304347823
