lambdaBS,lambdaUE,numBlockers,deployRange,minRatereq,powerFac,lower_bound_thresh,lb_rate_before_handoff,scs_1,scs_2,mmW_rate_1,mmW_rate_2,users_not_bb
25,1000,400,40.000000,400000000.000000,100.000000,0.100000,0.5649112989176641,38043370.5839166566729546,61956629.4160833433270454,2111976469.7142722606658936,1958206448.1295030117034912,6.3793103448275863
