UE idx,lambdaBS,lambdaUE,numBlockers,powFactor,rate_before_handoff,rate_after_handoff,rate_mmW
1,25,50,400,1000,284762433.9937514066696167,225066148.0592692792415619,7814773755.7883481979370117
