UE idx,lambdaBS,lambdaUE,numBlockers,rate_before_handoff,rate_after_handoff,rate_before_handoff_affected,rate_after_handoff_affected,rate_mmW
1,25,250,400,2.447512e+08,244588815.2104070484638214,241453027.1790131628513336,240507879.9052501320838928,1910584181.1843562126159668
