UE idx,lambdaBS,lambdaUE,numBlockers,rate_before_handoff,rate_after_handoff,rate_before_handoff_affected,rate_after_handoff_affected,rate_mmW
1,25,210,400,3.089669e+08,308526564.7754494547843933,294442641.9057138562202454,292625738.5598170161247253,1533550385.5888822078704834
