lambdaBS,lambdaUE,numBlockers,deployRange,minRatereq,powerFac,lower_bound_thresh,mmW_rate_1,mmW_rate_2,users_not_bb,mmW_rate_1_small,mmW_rate_2_small,users_not_bb_small
25,250,400,100.000000,100000000.000000,10.000000,0.100000,686495932.2307758331298828,689706412.1434054374694824,8.3832335329341312,158196330.6527586281299591,149856318.3603731691837311,0.5988023952095808
