UE idx,lambdaBS,lambdaUE,numBlockers,powFactor,rate_before_handoff,rate_after_handoff,rate_mmW
1,25,50,400,1000,288004668.9941387176513672,255684381.0728882849216461,6241861036.3266315460205078
