UE idx,lambdaBS,lambdaUE,numBlockers,rate_before_handoff,rate_after_handoff,rate_before_handoff_affected,rate_after_handoff_affected,rate_mmW
1,25,250,400,2.339449e+08,234167783.5415153801441193,232807207.5736249089241028,232848559.3556519150733948,760923449.8476108312606812
