UE idx,lambdaBS,lambdaUE,numBlockers,rate_before_handoff,rate_after_handoff,rate_before_handoff_affected,rate_after_handoff_affected,rate_mmW
1,25,240,400,2.449402e+08,244607046.4217821061611176,214335970.6794602870941162,213874204.0517687499523163,338941892.0547313690185547
