UE idx,lambdaBS,lambdaUE,numBlockers,powFactor,rate_before_handoff,rate_after_handoff,rate_mmW
1,25,30,400,1000,325330474.7554118633270264,249078952.5348957777023315,6094469001.1063985824584961
