UE idx,lambdaBS,lambdaUE,numBlockers,rate_before_handoff,rate_after_handoff,rate_before_handoff_affected,rate_after_handoff_affected,rate_mmW
1,25,240,400,2.903672e+08,289833761.2291897535324097,275257988.8906981945037842,274406605.7772544026374817,689950917.9435425996780396
