lambdaBS,lambdaUE,numBlockers,deployRange,minRatereq,powerFac,lower_bound_thresh,lb_rate_before_handoff,scs_1,scs_2,mmW_rate_1,mmW_rate_2,users_not_bb
25,1000,400,20.000000,400000000.000000,1.000000,0.100000,0.5470267763839634,36017757.2451532706618309,63982242.7548467293381691,1448139723.2723026275634766,2489462256.8434886932373047,4.2933810375670838
