lambdaBS,lambdaUE,numBlockers,deployRange,minRatereq,powerFac,lower_bound_thresh,mmW_rate_1,mmW_rate_2,users_not_bb,mmW_rate_1_small,mmW_rate_2_small,users_not_bb_small
25,250,400,100.000000,400000000.000000,10.000000,0.100000,4309820957.4538602828979492,3577076173.6251211166381836,5.9523809523809526,3862970174.8320112228393555,1549887122.4793269634246826,16.0714285714285730
