UE idx,lambdaBS,lambdaUE,numBlockers,rate_before_handoff,rate_after_handoff,rate_before_handoff_affected,rate_after_handoff_affected,rate_mmW
1,25,250,400,1.993511e+08,198995912.8462171852588654,191833460.8383598327636719,191410157.8307363688945770,1522078360.9441995620727539
