UE idx,lambdaBS,lambdaUE,numBlockers,powFactor,rate_before_handoff,rate_after_handoff,rate_before_handoff_affected,rate_after_handoff_affected,rate_mmW
1,25,150,400,10,194908571.7643642127513885,303570717.6705774068832397,161954459.8348410427570343,187861165.4471914470195770,1973949554.2234950065612793
