lambdaBS,lambdaUE,numBlockers,deployRange,minRatereq,powerFac,lower_bound_thresh,lb_rate_before_handoff,scs_1,scs_2,mmW_rate_1,mmW_rate_2,users_not_bb
25,1000,400,80.000000,400000000.000000,1.000000,0.100000,0.4443906844491000,21240473.2484691441059113,78759526.7515308558940887,651430052.3687990903854370,429071163.9457578063011169,7.8991596638655466
