UE idx,lambdaBS,lambdaUE,numBlockers,rate_before_handoff,rate_after_handoff,rate_before_handoff_affected,rate_after_handoff_affected,rate_mmW
1,25,200,400,2.811897e+08,280836929.7808181047439575,279129232.1689714193344116,278563468.9254565834999084,316171013.5301272869110107
