UE idx,lambdaBS,lambdaUE,numBlockers,rate_before_handoff,rate_after_handoff,rate_before_handoff_affected,rate_after_handoff_affected,rate_mmW
1,25,230,400,2.489918e+08,248608232.2090922892093658,216867368.5355174541473389,216309045.1850121617317200,278696408.3594711422920227
