UE idx,lambdaBS,lambdaUE,numBlockers,powFactor,rate_before_handoff,rate_after_handoff,rate_mmW
1,25,40,400,1000,355776829.4078366756439209,314198733.7278501391410828,5924044603.5285835266113281
