lambdaBS,lambdaUE,numBlockers,deployRange,minRatereq,powerFac,lower_bound_thresh,lb_rate_before_handoff,scs_1,scs_2,mmW_rate_1,mmW_rate_2,users_not_bb
25,1000,400,60.000000,400000000.000000,1.000000,0.100000,0.6289400265285342,44350814.8254067376255989,55649185.1745932623744011,2444882243.8655614852905273,2630402396.9867486953735352,4.5060658578856154
