UE idx,lambdaBS,lambdaUE,numBlockers,rate_before_handoff,rate_after_handoff,rate_before_handoff_affected,rate_after_handoff_affected,rate_mmW
1,25,250,400,2.884821e+08,287915593.4282338619232178,279360519.4032583236694336,278416060.9355619549751282,1235771635.3113801479339600
