UE idx,lambdaBS,lambdaUE,numBlockers,rate_before_handoff,rate_after_handoff,rate_before_handoff_affected,rate_after_handoff_affected,rate_mmW
1,25,200,400,2.582070e+08,257768507.7432097196578979,252032892.9455717206001282,250698259.5975380837917328,487808351.9210610389709473
