UE idx,lambdaBS,lambdaUE,numBlockers,rate_before_handoff,rate_after_handoff,rate_before_handoff_affected,rate_after_handoff_affected,rate_mmW
1,25,250,400,2.010590e+08,200533188.7495309412479401,179780475.5031153261661530,179012368.9649646580219269,856223472.0408158302307129
