UE idx,lambdaBS,lambdaUE,numBlockers,rate_before_handoff,rate_after_handoff,rate_before_handoff_affected,rate_after_handoff_affected,rate_mmW
1,25,210,400,2.685385e+08,267840685.0577636361122131,260362724.1353285610675812,259425330.2833902239799500,319845082.4000022411346436
