UE idx,lambdaBS,lambdaUE,numBlockers,rate_before_handoff,rate_after_handoff,rate_before_handoff_affected,rate_after_handoff_affected,rate_mmW
1,25,200,400,2.509779e+08,250421681.6117452383041382,267424692.9885179102420807,266608403.1136430799961090,290154631.4901093840599060
