UE idx,lambdaBS,lambdaUE,numBlockers,rate_before_handoff,rate_after_handoff,rate_before_handoff_affected,rate_after_handoff_affected,rate_mmW
1,25,240,400,2.547224e+08,254345836.5113386511802673,229095772.3173333704471588,228484341.8156428337097168,306856355.2517706155776978
