lambdaBS,lambdaUE,numBlockers,deployRange,minRatereq,powerFac,lower_bound_thresh,mmW_rate_1,mmW_rate_2,users_not_bb,mmW_rate_1_small,mmW_rate_2_small,users_not_bb_small
25,250,400,100.000000,400000000.000000,10.000000,0.100000,3169556853.4581203460693359,3530700689.6642217636108398,8.6419753086419746,0.0000000000000000,0.0000000000000000,32.0987654320987659
