lambdaBS,lambdaUE,numBlockers,deployRange,minRatereq,powerFac,lower_bound_thresh,lb_rate_before_handoff,scs_1,scs_2,mmW_rate_1,mmW_rate_2,users_not_bb
25,1000,400,60.000000,400000000.000000,10.000000,0.100000,0.6294782228216591,44398394.2079660445451736,55601605.7920339554548264,2479578192.5295081138610840,2369440424.1213088035583496,5.0724637681159424
