UE idx,lambdaBS,lambdaUE,numBlockers,rate_before_handoff,rate_after_handoff,rate_before_handoff_affected,rate_after_handoff_affected,rate_mmW
1,25,200,400,2.962104e+08,296397678.5711338520050049,255453452.2866370677947998,254629357.5736210644245148,2510872013.8316454887390137
