UE idx,lambdaBS,lambdaUE,numBlockers,rate_before_handoff,rate_after_handoff,rate_before_handoff_affected,rate_after_handoff_affected,rate_mmW
1,25,230,400,2.799195e+08,279593302.3553849458694458,277854126.9473136067390442,276721322.1120766997337341,1088320000.8767545223236084
