UE idx,lambdaBS,lambdaUE,numBlockers,rate_before_handoff,rate_after_handoff,rate_before_handoff_affected,rate_after_handoff_affected,rate_mmW
1,25,230,400,2.600340e+08,259631660.5644365549087524,237887359.1815013885498047,237237498.1145528256893158,214994544.3127384483814240
