UE idx,lambdaBS,lambdaUE,numBlockers,rate_before_handoff,rate_after_handoff,rate_before_handoff_affected,rate_after_handoff_affected,rate_mmW
1,25,200,400,2.421918e+08,241542129.8260783255100250,276222808.3088085651397705,275105126.9982189536094666,1416932654.1306662559509277
