UE idx,lambdaBS,lambdaUE,numBlockers,rate_before_handoff,rate_after_handoff,rate_before_handoff_affected,rate_after_handoff_affected,rate_mmW
1,25,230,400,2.759063e+08,275591653.7219891548156738,254291612.4092873036861420,253859636.8003294467926025,381944253.1578007340431213
