UE idx,lambdaBS,lambdaUE,numBlockers,rate_before_handoff,rate_after_handoff,rate_before_handoff_affected,rate_after_handoff_affected,rate_mmW
1,25,220,400,2.920497e+08,291658413.1788799166679382,286813437.5114951729774475,285675040.4476369023323059,1377055648.1174273490905762
