UE idx,lambdaBS,lambdaUE,numBlockers,rate_before_handoff,rate_after_handoff,rate_before_handoff_affected,rate_after_handoff_affected,rate_mmW
1,25,240,400,2.771490e+08,276946358.0362604856491089,247378454.8427456915378571,246885838.9184234142303467,200765755.3002563118934631
