lambdaBS,lambdaUE,numBlockers,deployRange,minRatereq,powerFac,lower_bound_thresh,mmW_rate_1,mmW_rate_2,users_not_bb,mmW_rate_1_small,mmW_rate_2_small,users_not_bb_small
25,250,400,100.000000,400000000.000000,10.000000,0.100000,3606859764.0920591354370117,4249696360.7245883941650391,8.8607594936708853,0.0000000000000000,0.0000000000000000,48.7341772151898738
