UE idx,lambdaBS,lambdaUE,numBlockers,rate_before_handoff,rate_after_handoff,rate_before_handoff_affected,rate_after_handoff_affected,rate_mmW
1,25,230,400,2.776649e+08,277197682.1882013678550720,253133948.7884028255939484,251102015.3798745572566986,2963981547.3901829719543457
