UE idx,lambdaBS,lambdaUE,numBlockers,rate_before_handoff,rate_after_handoff,rate_before_handoff_affected,rate_after_handoff_affected,rate_mmW
1,25,230,400,2.324369e+08,231990648.0926552116870880,217775762.7286882102489471,217326817.7963923215866089,699002298.3849742412567139
