lambdaBS,lambdaUE,numBlockers,deployRange,minRatereq,powerFac,lower_bound_thresh,mmW_rate_1,mmW_rate_2,users_not_bb,mmW_rate_1_small,mmW_rate_2_small,users_not_bb_small
25,250,400,100.000000,400000000.000000,10.000000,0.100000,7049151196.6702680587768555,4098406530.2472524642944336,5.4216867469879517,0.0000000000000000,0.0000000000000000,3.6144578313253013
