UE idx,lambdaBS,lambdaUE,numBlockers,rate_before_handoff,rate_after_handoff,rate_before_handoff_affected,rate_after_handoff_affected,rate_mmW
1,25,220,400,2.803866e+08,280050555.7473058104515076,254865950.7446469962596893,254320633.4919964373111725,794859829.7951147556304932
