UE idx,lambdaBS,lambdaUE,numBlockers,rate_before_handoff,rate_after_handoff,rate_before_handoff_affected,rate_after_handoff_affected,rate_mmW
1,25,240,400,2.800114e+08,278616550.7954535484313965,253229888.5737090706825256,249403069.9050512015819550,2444317319.4943161010742188
