UE idx,lambdaBS,lambdaUE,numBlockers,rate_before_handoff,rate_after_handoff,rate_before_handoff_affected,rate_after_handoff_affected,rate_mmW
1,25,240,400,2.875010e+08,288318028.5055941939353943,277748437.3111687302589417,276368951.7641239762306213,3969621937.1623449325561523
