UE idx,lambdaBS,lambdaUE,numBlockers,rate_before_handoff,rate_after_handoff,rate_before_handoff_affected,rate_after_handoff_affected,rate_mmW
1,25,150,400,2.662125e+08,265776395.1586786210536957,231848554.9405942857265472,225042441.3368434309959412,2858649492.4437117576599121
