lambdaBS,lambdaUE,numBlockers,deployRange,minRatereq,powerFac,lower_bound_thresh,lb_rate_before_handoff,scs_1,scs_2,mmW_rate_1,mmW_rate_2,users_not_bb
25,1000,400,100.000000,400000000.000000,10.000000,0.100000,0.6755360107608933,48189290.5152790024876595,51810709.4847209975123405,3170723400.6713571548461914,1054918913.1773555278778076,5.9931506849315070
