UE idx,lambdaBS,lambdaUE,numBlockers,rate_before_handoff,rate_after_handoff,rate_before_handoff_affected,rate_after_handoff_affected,rate_mmW
1,25,220,400,2.901265e+08,289549664.3778583407402039,272044889.2008119821548462,271033185.0666512846946716,2077556091.6642827987670898
