UE idx,lambdaBS,lambdaUE,numBlockers,rate_before_handoff,rate_after_handoff,rate_before_handoff_affected,rate_after_handoff_affected,rate_mmW
1,25,250,400,2.352963e+08,234425537.4595284461975098,209287576.3284655809402466,208256750.5568302869796753,403220266.8112118244171143
