UE idx,lambdaBS,lambdaUE,numBlockers,rate_before_handoff,rate_after_handoff,rate_before_handoff_affected,rate_after_handoff_affected,rate_mmW
1,25,220,400,2.601792e+08,259904391.7149906754493713,237289901.4607641398906708,236480160.4162096381187439,2085268666.5955250263214111
