UE idx,lambdaBS,lambdaUE,numBlockers,rate_before_handoff,rate_after_handoff,rate_before_handoff_affected,rate_after_handoff_affected,rate_mmW
1,25,210,400,2.697618e+08,269564471.6745370030403137,220981214.0459300279617310,220342279.9795313179492950,1044894374.7529375553131104
