lambdaBS,lambdaUE,numBlockers,deployRange,minRatereq,powerFac,lower_bound_thresh,lb_rate_before_handoff,scs_1,scs_2,mmW_rate_1,mmW_rate_2,users_not_bb
25,1000,400,100.000000,400000000.000000,10.000000,0.100000,0.5411054475414476,35317598.1520328968763351,64682401.8479671031236649,1710249503.7414546012878418,1124279654.4983735084533691,4.6471600688468158
