UE idx,lambdaBS,lambdaUE,numBlockers,powFactor,rate_before_handoff,rate_after_handoff,rate_mmW
1,25,50,400,1000,296017998.6698380112648010,234428962.4141557812690735,8098296257.4196271896362305
