UE idx,lambdaBS,lambdaUE,numBlockers,powFactor,rate_before_handoff,rate_after_handoff,rate_mmW
1,25,50,400,40,32042185.6718421913683414,30391564.0637527182698250,125444300.5592591762542725
