UE idx,lambdaBS,lambdaUE,numBlockers,rate_before_handoff,rate_after_handoff,rate_before_handoff_affected,rate_after_handoff_affected,rate_mmW
1,25,250,400,2.599397e+08,259470900.6845809817314148,249008817.8212969005107880,248255846.1033707261085510,653367208.2503334283828735
