UE idx,lambdaBS,lambdaUE,numBlockers,rate_before_handoff,rate_after_handoff,rate_before_handoff_affected,rate_after_handoff_affected,rate_mmW
1,25,200,400,2.747804e+08,274274163.2406082749366760,258778432.8428574204444885,258041328.2185013294219971,877823992.1833103895187378
