UE idx,lambdaBS,lambdaUE,numBlockers,rate_before_handoff,rate_after_handoff,rate_before_handoff_affected,rate_after_handoff_affected,rate_mmW
1,25,200,400,2.831505e+08,282907217.1528219580650330,264177707.5580287873744965,263571626.3291853368282318,2052819655.6530539989471436
