UE idx,lambdaBS,lambdaUE,numBlockers,rate_before_handoff,rate_after_handoff,rate_before_handoff_affected,rate_after_handoff_affected,rate_mmW
1,25,240,400,3.027253e+08,302230027.6625104546546936,304399074.8273138403892517,303747357.5158120989799500,289964740.2258515357971191
