UE idx,lambdaBS,lambdaUE,numBlockers,rate_before_handoff,rate_after_handoff,rate_before_handoff_affected,rate_after_handoff_affected,rate_mmW
1,25,240,400,1.803183e+08,179757471.0290402173995972,169330504.5558730065822601,168571963.7616392076015472,422156507.7704584002494812
