UE idx,lambdaBS,lambdaUE,numBlockers,rate_before_handoff,rate_after_handoff,rate_before_handoff_affected,rate_after_handoff_affected,rate_mmW
1,25,220,400,2.784265e+08,277840371.4129371047019958,261743782.3082304894924164,260884500.6149527132511139,501096979.5786304473876953
