UE idx,lambdaBS,lambdaUE,numBlockers,rate_before_handoff,rate_after_handoff,rate_before_handoff_affected,rate_after_handoff_affected,rate_mmW
1,25,200,400,2.934949e+08,293133309.5830977559089661,275466760.8643775582313538,274893724.6128602623939514,266651425.3074832558631897
