UE idx,lambdaBS,lambdaUE,numBlockers,powFactor,rate_before_handoff,rate_after_handoff,rate_mmW
1,25,30,400,1000,333812380.9346231222152710,291615413.1606109738349915,7094562843.5879325866699219
