UE idx,lambdaBS,lambdaUE,numBlockers,rate_before_handoff,rate_after_handoff,rate_before_handoff_affected,rate_after_handoff_affected,rate_mmW
1,25,230,400,2.497134e+08,249316278.8827202916145325,209810033.3416843414306641,209328377.9565536975860596,235993676.3734087049961090
