UE idx,lambdaBS,lambdaUE,numBlockers,rate_before_handoff,rate_after_handoff,rate_before_handoff_affected,rate_after_handoff_affected,rate_mmW
1,25,220,400,2.631887e+08,264548991.3604444265365601,257672824.8550116419792175,258008476.1183010935783386,2370633788.6305885314941406
