UE idx,lambdaBS,lambdaUE,numBlockers,rate_before_handoff,rate_after_handoff,rate_before_handoff_affected,rate_after_handoff_affected,rate_mmW
1,25,230,400,2.706561e+08,270185781.0004705190658569,254681523.6979177892208099,253883826.8692361414432526,757916834.6648802757263184
