UE idx,lambdaBS,lambdaUE,numBlockers,powFactor,rate_before_handoff,rate_after_handoff,rate_mmW
1,25,40,400,1000,324568154.1686486601829529,252462258.5936897397041321,7868178175.7852745056152344
