lambdaBS,lambdaUE,numBlockers,deployRange,minRatereq,powerFac,lower_bound_thresh,lb_rate_before_handoff,scs_1,scs_2,mmW_rate_1,mmW_rate_2,users_not_bb
25,1000,400,100.000000,400000000.000000,10.000000,0.100000,0.6250863069822763,44007732.0378857851028442,55992267.9621142148971558,1436598064.7220649719238281,2719694357.5574450492858887,4.8473967684021542
