UE idx,lambdaBS,lambdaUE,numBlockers,rate_before_handoff,rate_after_handoff,rate_before_handoff_affected,rate_after_handoff_affected,rate_mmW
1,25,240,400,2.530988e+08,252496981.9910413920879364,241436913.4282540977001190,240496926.9080545604228973,789948576.2868912220001221
