UE idx,lambdaBS,lambdaUE,numBlockers,rate_before_handoff,rate_after_handoff,rate_before_handoff_affected,rate_after_handoff_affected,rate_mmW
1,25,250,400,2.826638e+08,282003537.6852176189422607,259856020.9917050004005432,258537106.5442563593387604,1518515270.7452292442321777
