UE idx,lambdaBS,lambdaUE,numBlockers,rate_before_handoff,rate_after_handoff,rate_before_handoff_affected,rate_after_handoff_affected,rate_mmW
1,25,210,400,2.366422e+08,236052196.8653767108917236,235596990.7431212067604065,234800861.3533097207546234,329714574.4199246764183044
