UE idx,lambdaBS,lambdaUE,numBlockers,rate_before_handoff,rate_after_handoff,rate_before_handoff_affected,rate_after_handoff_affected,rate_mmW
1,25,200,400,2.898709e+08,289513827.9932113289833069,273506939.1303668618202209,272896050.4512730240821838,222207755.4601176381111145
