lambdaBS,lambdaUE,numBlockers,deployRange,minRatereq,powerFac,lower_bound_thresh,lb_rate_before_handoff,scs_1,scs_2,mmW_rate_1,mmW_rate_2,users_not_bb
25,1000,400,100.000000,400000000.000000,100.000000,0.100000,0.7371383936328963,52519092.3409825637936592,47480907.6590174362063408,2856938839.0389752388000488,1568115225.2339711189270020,4.7138047138047137
