UE idx,lambdaBS,lambdaUE,numBlockers,rate_before_handoff,rate_after_handoff,rate_before_handoff_affected,rate_after_handoff_affected,rate_mmW
1,25,210,400,2.970399e+08,295965116.0115315318107605,271950235.5874666571617126,268603021.9674388766288757,4679277261.5149097442626953
