UE idx,lambdaBS,lambdaUE,numBlockers,rate_before_handoff,rate_after_handoff,rate_before_handoff_affected,rate_after_handoff_affected,rate_mmW
1,25,250,400,2.299312e+08,228704885.0821205377578735,210767479.2499074637889862,208871660.5515178442001343,2447138091.9566192626953125
