UE idx,lambdaBS,lambdaUE,numBlockers,powFactor,rate_before_handoff,rate_after_handoff,rate_mmW
1,25,50,400,1,25006338.0459742695093155,24881895.2813288085162640,40242091.1168362274765968
