UE idx,lambdaBS,lambdaUE,numBlockers,powFactor,rate_before_handoff,rate_after_handoff,rate_before_handoff_affected,rate_after_handoff_affected,rate_mmW
1,25,150,400,10000,176761503.5032528340816498,272074890.8293057084083557,270630915.2190216183662415,42340601.4242695346474648,2831865838.8840837478637695
