lambdaBS,lambdaUE,numBlockers,deployRange,minRatereq,powerFac,lower_bound_thresh,mmW_rate_1,mmW_rate_2,users_not_bb,mmW_rate_1_small,mmW_rate_2_small,users_not_bb_small
25,250,400,100.000000,400000000.000000,10.000000,0.100000,6012106066.1703853607177734,5844203629.2149209976196289,7.7922077922077921,0.0000000000000000,0.0000000000000000,16.2337662337662323
