lambdaBS,lambdaUE,numBlockers,deployRange,minRatereq,powerFac,lower_bound_thresh,lb_rate_before_handoff,scs_1,scs_2,mmW_rate_1,mmW_rate_2,users_not_bb
25,1000,400,40.000000,400000000.000000,10.000000,0.100000,0.7139929447783686,50979907.7764495387673378,49020092.2235504612326622,1998109904.9562127590179443,2264676375.3184070587158203,4.9751243781094523
