lambdaBS,lambdaUE,numBlockers,deployRange,minRatereq,powerFac,lower_bound_thresh,lb_rate_before_handoff,scs_1,scs_2,mmW_rate_1,mmW_rate_2,users_not_bb
25,1000,400,100.000000,400000000.000000,1.000000,0.100000,0.5451778761479573,35800769.7463841065764427,64199230.2536158934235573,950138661.1493605375289917,452487914.5500149130821228,4.6471600688468158
