UE idx,lambdaBS,lambdaUE,numBlockers,rate_before_handoff,rate_after_handoff,rate_before_handoff_affected,rate_after_handoff_affected,rate_mmW
1,25,240,400,2.515984e+08,251085738.8763639628887177,243605271.1417501866817474,242756020.9533843696117401,302877825.2753208875656128
