lambdaBS,lambdaUE,numBlockers,deployRange,minRatereq,powerFac,lower_bound_thresh,lb_rate_before_handoff,scs_1,scs_2,mmW_rate_1,mmW_rate_2,users_not_bb
25,1000,400,40.000000,400000000.000000,10.000000,0.100000,0.6814270940039412,48637205.2007113620638847,51362794.7992886379361153,1972788502.3408477306365967,2043430557.4211640357971191,4.3554006968641117
