UE idx,lambdaBS,lambdaUE,numBlockers,rate_before_handoff,rate_after_handoff,rate_before_handoff_affected,rate_after_handoff_affected,rate_mmW
1,25,250,400,2.694422e+08,269236176.1644633412361145,259782773.3852326571941376,259454327.2867959141731262,237645357.5486525595188141
