UE idx,lambdaBS,lambdaUE,numBlockers,rate_before_handoff,rate_after_handoff,rate_before_handoff_affected,rate_after_handoff_affected,rate_mmW
1,25,200,400,2.827341e+08,282524983.6987131237983704,240098178.7751453220844269,239734949.0233159959316254,257054358.6172797083854675
