UE idx,lambdaBS,lambdaUE,numBlockers,rate_before_handoff,rate_after_handoff,rate_before_handoff_affected,rate_after_handoff_affected,rate_mmW
1,25,250,400,2.655306e+08,265183698.8985267579555511,258272757.1459161043167114,257578600.3802489042282104,1041140280.9131398200988770
