UE idx,lambdaBS,lambdaUE,numBlockers,rate_before_handoff,rate_after_handoff,rate_before_handoff_affected,rate_after_handoff_affected,rate_mmW
1,25,250,400,2.334629e+08,233203757.2992779612541199,210333094.0982673764228821,209825643.7825950384140015,645570331.1714968681335449
