UE idx,lambdaBS,lambdaUE,numBlockers,rate_before_handoff,rate_after_handoff,rate_before_handoff_affected,rate_after_handoff_affected,rate_mmW
1,25,220,400,2.704678e+08,269924417.7842600941658020,242548724.0278554260730743,241521897.1538362801074982,1033843159.6079976558685303
