UE idx,lambdaBS,lambdaUE,numBlockers,rate_before_handoff,rate_after_handoff,rate_before_handoff_affected,rate_after_handoff_affected,rate_mmW
1,25,200,400,3.023505e+08,302717206.2376818060874939,323130241.7063312530517578,322204318.9991039633750916,1095705422.3289902210235596
