UE idx,lambdaBS,lambdaUE,numBlockers,powFactor,rate_before_handoff,rate_after_handoff,rate_mmW
1,25,30,400,1000,360717865.0988777875900269,320115888.6206728219985962,9692539768.3293609619140625
