UE idx,lambdaBS,lambdaUE,numBlockers,rate_before_handoff,rate_after_handoff,rate_before_handoff_affected,rate_after_handoff_affected,rate_mmW
1,25,200,400,2.747309e+08,272857659.6585673689842224,236196710.5843912959098816,225979574.3321814239025116,2846696700.9790368080139160
