lambdaBS,lambdaUE,numBlockers,deployRange,minRatereq,powerFac,lower_bound_thresh,lb_rate_before_handoff,scs_1,scs_2,mmW_rate_1,mmW_rate_2,users_not_bb
25,1000,400,80.000000,400000000.000000,1.000000,0.100000,0.4652978320474940,24779361.5414320826530457,75220638.4585679173469543,695403060.1769995689392090,1821999393.0474267005920410,7.2147651006711406
