UE idx,lambdaBS,lambdaUE,numBlockers,powFactor,rate_before_handoff,rate_after_handoff,rate_before_handoff_affected,rate_after_handoff_affected,rate_mmW
1,25,150,400,100,187520296.4798992574214935,314615241.1935339570045471,161286253.5590898394584656,230788490.0004665553569794,1171250664.2447698116302490
