UE idx,lambdaBS,lambdaUE,numBlockers,rate_before_handoff,rate_after_handoff,rate_before_handoff_affected,rate_after_handoff_affected,rate_mmW
1,25,240,400,2.614555e+08,261028570.2131186723709106,256630233.1367453634738922,255660147.7208089828491211,1135480889.4697427749633789
