UE idx,lambdaBS,lambdaUE,numBlockers,rate_before_handoff,rate_after_handoff,rate_before_handoff_affected,rate_after_handoff_affected,rate_mmW
1,25,220,400,2.829748e+08,282811459.6260064840316772,241046296.0645916163921356,240658572.9222787022590637,735927222.2568508386611938
