UE idx,lambdaBS,lambdaUE,numBlockers,rate_before_handoff,rate_after_handoff,rate_before_handoff_affected,rate_after_handoff_affected,rate_mmW
1,25,240,400,2.714126e+08,271004927.7850632071495056,246230618.5769350528717041,244702878.2632383406162262,1889775217.3305094242095947
