UE idx,lambdaBS,lambdaUE,numBlockers,powFactor,rate_before_handoff,rate_after_handoff,rate_before_handoff_affected,rate_after_handoff_affected,rate_mmW
1,25,150,400,10000,166548266.2404690086841583,239336697.7739041447639465,276087773.7177625298500061,71191692.4753202050924301,3535537418.3782978057861328
