UE idx,lambdaBS,lambdaUE,numBlockers,rate_before_handoff,rate_after_handoff,rate_before_handoff_affected,rate_after_handoff_affected,rate_mmW
1,25,220,400,2.590118e+08,258822187.1426317989826202,242637466.7097259759902954,242241453.8635967373847961,432956388.8506277203559875
