UE idx,lambdaBS,lambdaUE,numBlockers,powFactor,rate_before_handoff,rate_after_handoff,rate_mmW
1,25,40,400,1000,304944597.1111981868743896,245415961.3060437440872192,7482662764.6131954193115234
