UE idx,lambdaBS,lambdaUE,numBlockers,rate_before_handoff,rate_after_handoff,rate_before_handoff_affected,rate_after_handoff_affected,rate_mmW
1,25,240,400,2.086067e+08,208287791.8270656168460846,181359566.1543719470500946,180822820.2579744160175323,579871946.1517500877380371
