UE idx,lambdaBS,lambdaUE,numBlockers,rate_before_handoff,rate_after_handoff,rate_before_handoff_affected,rate_after_handoff_affected,rate_mmW
1,25,230,400,2.664073e+08,265855211.6103649437427521,259842289.1450566053390503,259029806.4338006377220154,428377995.4544988274574280
