UE idx,lambdaBS,lambdaUE,numBlockers,rate_before_handoff,rate_after_handoff,rate_before_handoff_affected,rate_after_handoff_affected,rate_mmW
1,25,240,400,2.594637e+08,257316914.8714743852615356,246958075.7556001842021942,238515725.7714150547981262,2800951835.8006129264831543
