lambdaBS,lambdaUE,numBlockers,deployRange,minRatereq,powerFac,lower_bound_thresh,lb_rate_before_handoff,scs_1,scs_2,mmW_rate_1,mmW_rate_2,users_not_bb
25,1000,400,100.000000,400000000.000000,1.000000,0.100000,0.5676445157027074,38341692.6759659573435783,61658307.3240340426564217,2253045662.4014406204223633,2042683307.4357209205627441,5.0761421319796955
