UE idx,lambdaBS,lambdaUE,numBlockers,rate_before_handoff,rate_after_handoff,rate_before_handoff_affected,rate_after_handoff_affected,rate_mmW
1,25,250,400,2.731010e+08,272763642.6029842495918274,246766603.9769403338432312,246157575.4157962501049042,231767640.7182307839393616
