lambdaBS,lambdaUE,numBlockers,deployRange,minRatereq,powerFac,lower_bound_thresh,lb_rate_before_handoff,scs_1,scs_2,mmW_rate_1,mmW_rate_2,users_not_bb
25,1000,400,100.000000,400000000.000000,1.000000,0.100000,0.6824110934953436,48711267.5429582223296165,51288732.4570417776703835,2403297429.0405797958374023,317792199.3451018929481506,5.9931506849315070
