UE idx,lambdaBS,lambdaUE,numBlockers,rate_before_handoff,rate_after_handoff,rate_before_handoff_affected,rate_after_handoff_affected,rate_mmW
1,25,220,400,2.244547e+08,224228891.1515372693538666,181985803.2482142150402069,181570820.7474001348018646,252876620.1332671344280243
