UE idx,lambdaBS,lambdaUE,numBlockers,rate_before_handoff,rate_after_handoff,rate_before_handoff_affected,rate_after_handoff_affected,rate_mmW
1,25,210,400,2.376588e+08,237128412.3803192675113678,224761579.2568100988864899,224175214.2401329278945923,458509971.6629796624183655
