UE idx,lambdaBS,lambdaUE,numBlockers,rate_before_handoff,rate_after_handoff,rate_before_handoff_affected,rate_after_handoff_affected,rate_mmW
1,25,150,400,2.716675e+08,271514045.0398505330085754,262113564.6862228214740753,261224116.8382813334465027,881382459.0530502796173096
