UE idx,lambdaBS,lambdaUE,numBlockers,rate_before_handoff,rate_after_handoff,rate_before_handoff_affected,rate_after_handoff_affected,rate_mmW
1,25,210,400,2.682042e+08,268427482.4517193734645844,257394087.4924930632114410,256210777.8512853384017944,2389299537.4268498420715332
