UE idx,lambdaBS,lambdaUE,numBlockers,powFactor,rate_before_handoff,rate_after_handoff,rate_before_handoff_affected,rate_after_handoff_affected,rate_mmW
1,25,150,400,1,186201570.0632628202438354,265825119.3383678495883942,148092941.3184652328491211,164013520.9610851407051086,797424744.5578043460845947
