UE idx,lambdaBS,lambdaUE,numBlockers,rate_before_handoff,rate_after_handoff,rate_before_handoff_affected,rate_after_handoff_affected,rate_mmW
1,25,200,400,2.447670e+08,244057197.9268223345279694,216498858.2213484644889832,215600618.1599597036838531,461890633.5971213579177856
