UE idx,lambdaBS,lambdaUE,numBlockers,rate_before_handoff,rate_after_handoff,rate_before_handoff_affected,rate_after_handoff_affected,rate_mmW
1,25,200,400,3.032911e+08,303001771.9046539664268494,301751475.9094707965850830,301139054.6496298909187317,462835583.6288912892341614
