lambdaBS,lambdaUE,numBlockers,deployRange,minRatereq,powerFac,lower_bound_thresh,lb_rate_before_handoff,scs_1,scs_2,mmW_rate_1,mmW_rate_2,users_not_bb
25,1000,400,80.000000,400000000.000000,1.000000,0.100000,0.3521493175222766,610342.6629928350448608,99389657.3370071649551392,14125741.8889510966837406,15013562.2989227902144194,12.7845884413309978
