lambdaBS,lambdaUE,numBlockers,deployRange,minRatereq,powerFac,lower_bound_thresh,lb_rate_before_handoff,scs_1,scs_2,mmW_rate_1,mmW_rate_2,users_not_bb
25,1000,400,20.000000,400000000.000000,100.000000,0.100000,0.4138171065326399,15421572.8458790332078934,84578427.1541209667921066,1301471642.6927092075347900,1678035857.2646718025207520,7.7876106194690262
