UE idx,lambdaBS,lambdaUE,numBlockers,rate_before_handoff,rate_after_handoff,rate_before_handoff_affected,rate_after_handoff_affected,rate_mmW
1,25,200,400,2.720694e+08,271771356.7734975814819336,249039675.4073230624198914,248611528.1634665727615356,226984190.7097159922122955
