UE idx,lambdaBS,lambdaUE,numBlockers,rate_before_handoff,rate_after_handoff,rate_before_handoff_affected,rate_after_handoff_affected,rate_mmW
1,25,250,400,2.803675e+08,279980955.6067490577697754,262857224.8804556429386139,262008741.2691577672958374,1310076346.5834975242614746
