UE idx,lambdaBS,lambdaUE,numBlockers,rate_before_handoff,rate_after_handoff,rate_before_handoff_affected,rate_after_handoff_affected,rate_mmW
1,25,230,400,2.796820e+08,279150739.8098933696746826,243050281.4963980913162231,242188721.3252874612808228,1156042560.2529838085174561
