UE idx,lambdaBS,lambdaUE,numBlockers,rate_before_handoff,rate_after_handoff,rate_before_handoff_affected,rate_after_handoff_affected,rate_mmW
1,25,220,400,2.430191e+08,243502431.8730079531669617,224871834.3895700573921204,224069594.8413207530975342,3185766601.9741034507751465
