UE idx,lambdaBS,lambdaUE,numBlockers,rate_before_handoff,rate_after_handoff,rate_before_handoff_affected,rate_after_handoff_affected,rate_mmW
1,25,210,400,2.926311e+08,292310500.1751774549484253,285216024.2813147902488708,284772537.4379671216011047,193795110.2033153176307678
