UE idx,lambdaBS,lambdaUE,numBlockers,rate_before_handoff,rate_after_handoff,rate_before_handoff_affected,rate_after_handoff_affected,rate_mmW
1,25,220,400,2.775350e+08,277206841.8217992782592773,270634157.3823820948600769,270056617.7214676737785339,243218839.0762119293212891
