UE idx,lambdaBS,lambdaUE,numBlockers,rate_before_handoff,rate_after_handoff,rate_before_handoff_affected,rate_after_handoff_affected,rate_mmW
1,25,230,400,2.863349e+08,286003005.5047689080238342,272180227.3467975258827209,271449408.8689078092575073,872090315.9426100254058838
