UE idx,lambdaBS,lambdaUE,numBlockers,powFactor,rate_before_handoff,rate_after_handoff,rate_mmW
1,25,50,400,1000,318897712.4973888397216797,282233558.5200149416923523,8913135362.8426074981689453
