UE idx,lambdaBS,lambdaUE,numBlockers,rate_before_handoff,rate_after_handoff,rate_before_handoff_affected,rate_after_handoff_affected,rate_mmW
1,25,230,400,2.784464e+08,278378364.3369748592376709,266749275.4560151398181915,266524723.8443610370159149,404722813.4694300889968872
