UE idx,lambdaBS,lambdaUE,numBlockers,rate_before_handoff,rate_after_handoff,rate_before_handoff_affected,rate_after_handoff_affected,rate_mmW
1,25,220,400,2.793361e+08,279651119.4927377700805664,264113551.6437416672706604,263715938.3210153579711914,3597129433.5801548957824707
