UE idx,lambdaBS,lambdaUE,numBlockers,rate_before_handoff,rate_after_handoff,rate_before_handoff_affected,rate_after_handoff_affected,rate_mmW
1,25,240,400,2.564690e+08,256142691.1011310219764709,194582725.1885671317577362,193373689.2513712942600250,402666517.7273938059806824
