UE idx,lambdaBS,lambdaUE,numBlockers,rate_before_handoff,rate_after_handoff,rate_before_handoff_affected,rate_after_handoff_affected,rate_mmW
1,25,250,400,2.471333e+08,246786730.0998571515083313,221983433.1251540184020996,221494175.1813379526138306,409678158.6936442852020264
