UE idx,lambdaBS,lambdaUE,numBlockers,powFactor,rate_before_handoff,rate_after_handoff,rate_before_handoff_affected,rate_after_handoff_affected,rate_mmW
1,25,150,400,100,188832684.7971195578575134,275402266.5333039164543152,195599278.7013466060161591,135675208.1991508901119232,2643057327.9313807487487793
