UE idx,lambdaBS,lambdaUE,numBlockers,rate_before_handoff,rate_after_handoff,rate_before_handoff_affected,rate_after_handoff_affected,rate_mmW
1,25,220,400,2.440672e+08,243614990.8807125687599182,216496286.5406048297882080,215558225.9488546252250671,2447096750.3424925804138184
