UE idx,lambdaBS,lambdaUE,numBlockers,powFactor,rate_before_handoff,rate_after_handoff,rate_mmW
1,25,20,400,1000,359055293.9332875609397888,305286766.2073664069175720,5865272721.7198324203491211
