UE idx,lambdaBS,lambdaUE,numBlockers,rate_before_handoff,rate_after_handoff,rate_before_handoff_affected,rate_after_handoff_affected,rate_mmW
1,25,220,400,2.409454e+08,243131959.3776431977748871,232893334.4678828716278076,235249339.6488488912582397,1229785693.8910663127899170
