lambdaBS,lambdaUE,numBlockers,deployRange,minRatereq,powerFac,lower_bound_thresh,lb_rate_before_handoff,scs_1,scs_2,mmW_rate_1,mmW_rate_2,users_not_bb
25,1000,400,20.000000,400000000.000000,1.000000,0.100000,0.7922672697716316,55822988.8632296621799469,44177011.1367703378200531,1919917782.7043862342834473,1568918887.9217319488525391,3.6082474226804124
