UE idx,lambdaBS,lambdaUE,numBlockers,powFactor,rate_before_handoff,rate_after_handoff,rate_mmW
1,25,40,400,1000,317386846.7223477363586426,277547627.7618631124496460,7783638306.7305793762207031
