UE idx,lambdaBS,lambdaUE,numBlockers,rate_before_handoff,rate_after_handoff,rate_before_handoff_affected,rate_after_handoff_affected,rate_mmW
1,25,210,400,2.761375e+08,275529800.0991530418395996,250477708.9476291537284851,249597593.8500834405422211,775294928.6196733713150024
