UE idx,lambdaBS,lambdaUE,numBlockers,rate_before_handoff,rate_after_handoff,rate_before_handoff_affected,rate_after_handoff_affected,rate_mmW
1,25,200,400,2.746245e+08,274389545.3943351507186890,258007932.0242979228496552,257701497.2225146889686584,301414441.8099922537803650
