UE idx,lambdaBS,lambdaUE,numBlockers,rate_before_handoff,rate_after_handoff,rate_before_handoff_affected,rate_after_handoff_affected,rate_mmW
1,25,230,400,2.976107e+08,297341823.7662094235420227,271462040.8347224593162537,270568900.6111269593238831,993136544.5778672695159912
