UE idx,lambdaBS,lambdaUE,numBlockers,rate_before_handoff,rate_after_handoff,rate_before_handoff_affected,rate_after_handoff_affected,rate_mmW
1,25,210,400,2.862675e+08,285891507.2247596383094788,257121135.7286983430385590,256411222.2946745455265045,313249346.3458691239356995
