UE idx,lambdaBS,lambdaUE,numBlockers,powFactor,rate_before_handoff,rate_after_handoff,rate_mmW
1,25,50,400,1000,314378995.5273091197013855,264012701.4968948960304260,6424772985.0208711624145508
