lambdaBS,lambdaUE,numBlockers,deployRange,minRatereq,powerFac,lower_bound_thresh,mmW_rate_1,mmW_rate_2,users_not_bb,mmW_rate_1_small,mmW_rate_2_small,users_not_bb_small
25,250,400,100.000000,400000000.000000,10.000000,0.100000,4903891363.4497489929199219,7263441467.0052614212036133,9.1463414634146343,84501071.1629312783479691,78158490.6274161040782928,29.2682926829268304
