UE idx,lambdaBS,lambdaUE,numBlockers,rate_before_handoff,rate_after_handoff,rate_before_handoff_affected,rate_after_handoff_affected,rate_mmW
1,25,240,400,2.654770e+08,265178315.7371988892555237,246400937.4161602258682251,245735786.3162658512592316,1008244337.3325182199478149
