lambdaBS,lambdaUE,numBlockers,deployRange,minRatereq,powerFac,lower_bound_thresh,mmW_rate_1,mmW_rate_2,users_not_bb,mmW_rate_1_small,mmW_rate_2_small,users_not_bb_small
25,250,400,100.000000,400000000.000000,10.000000,0.100000,474635793.4097064733505249,510345247.2546318769454956,8.8607594936708853,0.0000000000000000,0.0000000000000000,31.6455696202531662
