UE idx,lambdaBS,lambdaUE,numBlockers,rate_before_handoff,rate_after_handoff,rate_before_handoff_affected,rate_after_handoff_affected,rate_mmW
1,25,210,400,2.135016e+08,212936855.2799183428287506,194426497.6594814658164978,193793235.8912161588668823,280630146.2155641913414001
