UE idx,lambdaBS,lambdaUE,numBlockers,powFactor,rate_before_handoff,rate_after_handoff,rate_mmW
1,25,40,400,1000,299805274.8606207370758057,248683366.3931960165500641,6209790803.8713665008544922
