UE idx,lambdaBS,lambdaUE,numBlockers,rate_before_handoff,rate_after_handoff,rate_before_handoff_affected,rate_after_handoff_affected,rate_mmW
1,25,200,400,2.578447e+08,257573472.8388286828994751,236523459.7954826354980469,236159745.3637592494487762,535085863.7221747636795044
