UE idx,lambdaBS,lambdaUE,numBlockers,rate_before_handoff,rate_after_handoff,rate_before_handoff_affected,rate_after_handoff_affected,rate_mmW
1,25,240,400,2.414295e+08,241250207.4876737296581268,235317047.7984856069087982,234761110.8973414301872253,658431969.5574809312820435
