UE idx,lambdaBS,lambdaUE,numBlockers,rate_before_handoff,rate_after_handoff,rate_before_handoff_affected,rate_after_handoff_affected,rate_mmW
1,25,240,400,1.925695e+08,192790990.5089415013790131,183197279.3404574990272522,183283609.9473084211349487,2912257295.9325284957885742
