UE idx,lambdaBS,lambdaUE,numBlockers,powFactor,rate_before_handoff,rate_after_handoff,rate_mmW
1,25,50,400,20,29512866.8398329205811024,28419167.4568006619811058,2651725535.2651038169860840
