UE idx,lambdaBS,lambdaUE,numBlockers,rate_before_handoff,rate_after_handoff,rate_before_handoff_affected,rate_after_handoff_affected,rate_mmW
1,25,210,400,2.742552e+08,273744096.1073774695396423,245759540.7306276261806488,244933181.3405739068984985,726451574.6212570667266846
