UE idx,lambdaBS,lambdaUE,numBlockers,rate_before_handoff,rate_after_handoff,rate_before_handoff_affected,rate_after_handoff_affected,rate_mmW
1,25,200,400,2.791882e+08,278728468.3463779687881470,258633212.4280658662319183,257843527.7708315253257751,921174529.4297178983688354
