UE idx,lambdaBS,lambdaUE,numBlockers,rate_before_handoff,rate_after_handoff,rate_before_handoff_affected,rate_after_handoff_affected,rate_mmW
1,25,250,400,2.316290e+08,231204228.3443042933940887,213181736.9727080464363098,212607272.5687248706817627,206838740.5774233937263489
