UE idx,lambdaBS,lambdaUE,numBlockers,powFactor,rate_before_handoff,rate_after_handoff,rate_mmW
1,25,50,400,50,237959198.4610925316810608,272568567.3673399686813354,27513631.1223533824086189
