UE idx,lambdaBS,lambdaUE,numBlockers,powFactor,rate_before_handoff,rate_after_handoff,rate_mmW
1,25,20,400,1000,365482741.4480095505714417,275659662.8666536808013916,8304672384.3578615188598633
