UE idx,lambdaBS,lambdaUE,numBlockers,powFactor,rate_before_handoff,rate_after_handoff,rate_before_handoff_affected,rate_after_handoff_affected,rate_mmW
1,25,150,400,1000,172219002.4312689602375031,224082543.5607418119907379,226666363.0217877924442291,53117774.1446462199091911,4163373874.4259862899780273
