UE idx,lambdaBS,lambdaUE,numBlockers,rate_before_handoff,rate_after_handoff,rate_before_handoff_affected,rate_after_handoff_affected,rate_mmW
1,25,230,400,2.780092e+08,277647278.3469735383987427,275633683.8520352840423584,274951947.1955829858779907,584111021.8431427478790283
