UE idx,lambdaBS,lambdaUE,numBlockers,rate_before_handoff,rate_after_handoff,rate_before_handoff_affected,rate_after_handoff_affected,rate_mmW
1,25,240,400,2.636744e+08,263361698.8541321158409119,232699845.8628334701061249,231998683.8277161121368408,1442564746.1426618099212646
