UE idx,lambdaBS,lambdaUE,numBlockers,rate_before_handoff,rate_after_handoff,rate_before_handoff_affected,rate_after_handoff_affected,rate_mmW
1,25,210,400,2.561527e+08,255649575.8660098910331726,236049147.9927461743354797,235206222.1882536411285400,715030424.2719545364379883
