UE idx,lambdaBS,lambdaUE,numBlockers,rate_before_handoff,rate_after_handoff,rate_before_handoff_affected,rate_after_handoff_affected,rate_mmW
1,25,210,400,2.936037e+08,293462848.4034904837608337,286715241.2112223505973816,286416504.5490952134132385,124486312.8111553341150284
