lambdaBS,lambdaUE,numBlockers,deployRange,minRatereq,powerFac,lower_bound_thresh,lb_rate_before_handoff,scs_1,scs_2,mmW_rate_1,mmW_rate_2,users_not_bb
25,1000,400,20.000000,400000000.000000,100.000000,0.100000,0.7437633740047338,52942022.6603182554244995,47057977.3396817445755005,1545614049.3292119503021240,1997487604.0084309577941895,3.4090909090909092
