UE idx,lambdaBS,lambdaUE,numBlockers,powFactor,rate_before_handoff,rate_after_handoff,rate_mmW
1,25,50,400,1,326240090.0035728216171265,272296921.3619278073310852,5267096669.7665472030639648
