UE idx,lambdaBS,lambdaUE,numBlockers,powFactor,rate_before_handoff,rate_after_handoff,rate_mmW
1,25,20,400,1000,365392039.5145819187164307,317363962.8332188129425049,7833996216.1402931213378906
