UE idx,lambdaBS,lambdaUE,numBlockers,rate_before_handoff,rate_after_handoff,rate_before_handoff_affected,rate_after_handoff_affected,rate_mmW
1,25,150,400,2.513374e+08,251217333.0988727211952209,216966140.8242307007312775,215864350.1079673767089844,554366391.8043143749237061
