UE idx,lambdaBS,lambdaUE,numBlockers,powFactor,rate_before_handoff,rate_after_handoff,rate_mmW
1,25,50,400,1,326240090.0035728216171265,325531180.4322112798690796,2785088571.9989013671875000
