UE idx,lambdaBS,lambdaUE,numBlockers,rate_before_handoff,rate_after_handoff,rate_before_handoff_affected,rate_after_handoff_affected,rate_mmW
1,25,210,400,2.375999e+08,237033845.6865757107734680,214270118.8178712427616119,213562311.7075240015983582,394967147.2657407522201538
