UE idx,lambdaBS,lambdaUE,numBlockers,rate_before_handoff,rate_after_handoff,rate_before_handoff_affected,rate_after_handoff_affected,rate_mmW
1,25,230,400,2.815916e+08,281180618.3216816186904907,244796886.6147790551185608,243366912.2453544437885284,2475800247.2779378890991211
