UE idx,lambdaBS,lambdaUE,numBlockers,rate_before_handoff,rate_after_handoff,rate_before_handoff_affected,rate_after_handoff_affected,rate_mmW
1,25,200,400,3.018140e+08,301471758.1985902190208435,287127777.7468560934066772,286554102.5391157269477844,680695059.1260097026824951
