lambdaBS,lambdaUE,numBlockers,deployRange,minRatereq,powerFac,lower_bound_thresh,lb_rate_before_handoff,scs_1,scs_2,mmW_rate_1,mmW_rate_2,users_not_bb
25,1000,400,20.000000,400000000.000000,1.000000,0.100000,0.6050317175399299,42151793.0625015124678612,57848206.9374984875321388,2622347295.6250562667846680,636012063.9596785306930542,4.9742710120068612
