UE idx,lambdaBS,lambdaUE,numBlockers,rate_before_handoff,rate_after_handoff,rate_before_handoff_affected,rate_after_handoff_affected,rate_mmW
1,25,210,400,2.274749e+08,225603983.5142819583415985,205015509.1022553443908691,201755944.3367055356502533,3741955289.5495438575744629
