UE idx,lambdaBS,lambdaUE,numBlockers,powFactor,rate_before_handoff,rate_after_handoff,rate_before_handoff_affected,rate_after_handoff_affected,rate_mmW
1,25,150,400,1,181901503.7368983328342438,274144846.9987823963165283,162307226.1606982946395874,230371071.0677813589572906,43331424.0268085822463036
