lambdaBS,lambdaUE,numBlockers,deployRange,minRatereq,powerFac,lower_bound_thresh,mmW_rate_1,mmW_rate_2,users_not_bb,mmW_rate_1_small,mmW_rate_2_small,users_not_bb_small
25,250,400,100.000000,400000000.000000,10.000000,0.100000,677247161.2711440324783325,763918207.4873839616775513,6.6666666666666670,0.0000000000000000,0.0000000000000000,0.0000000000000000
