UE idx,lambdaBS,lambdaUE,numBlockers,rate_before_handoff,rate_after_handoff,rate_before_handoff_affected,rate_after_handoff_affected,rate_mmW
1,25,240,400,2.735818e+08,273233838.2618318796157837,255000650.7603723704814911,254435987.3891914188861847,306049043.5026018619537354
