lambdaBS,lambdaUE,numBlockers,deployRange,minRatereq,powerFac,lower_bound_thresh,mmW_rate_1,mmW_rate_2,users_not_bb,mmW_rate_1_small,mmW_rate_2_small,users_not_bb_small
25,250,400,100.000000,100000000.000000,10.000000,0.100000,615286745.3750652074813843,662824324.9689534902572632,9.1549295774647881,405464429.6733626723289490,284135330.8571584224700928,1.4084507042253520
