UE idx,lambdaBS,lambdaUE,numBlockers,powFactor,rate_before_handoff,rate_after_handoff,rate_mmW
1,25,20,400,1000,369843215.9812577366828918,320895286.4875167608261108,9064452759.9755401611328125
