lambdaBS,lambdaUE,numBlockers,deployRange,minRatereq,powerFac,lower_bound_thresh,lb_rate_before_handoff,scs_1,scs_2,mmW_rate_1,mmW_rate_2,users_not_bb
25,1000,400,20.000000,400000000.000000,1.000000,0.100000,0.8850305624727938,60453343.1001419052481651,39546656.8998580947518349,1648234092.4718675613403320,1106696969.7297439575195312,2.5380710659898478
