UE idx,lambdaBS,lambdaUE,numBlockers,rate_before_handoff,rate_after_handoff,rate_before_handoff_affected,rate_after_handoff_affected,rate_mmW
1,25,150,400,2.562140e+08,256008721.4373022317886353,255759612.4036400020122528,253588299.0850506722927094,1371076939.3174226284027100
