lambdaBS,lambdaUE,numBlockers,deployRange,minRatereq,powerFac,lower_bound_thresh,mmW_rate_1,mmW_rate_2,users_not_bb,mmW_rate_1_small,mmW_rate_2_small,users_not_bb_small
25,250,400,100.000000,50000000.000000,10.000000,0.100000,688763346.2508369684219360,636353363.4721719026565552,4.9645390070921982,0.0000000000000000,0.0000000000000000,0.7092198581560284
