lambdaBS,lambdaUE,numBlockers,deployRange,minRatereq,powerFac,lower_bound_thresh,lb_rate_before_handoff,scs_1,scs_2,mmW_rate_1,mmW_rate_2,users_not_bb
25,1000,400,40.000000,400000000.000000,1.000000,0.100000,0.5028797745876817,30400859.6712862551212311,69599140.3287137448787689,882643106.9922682046890259,1141671950.8286256790161133,7.3333333333333330
