UE idx,lambdaBS,lambdaUE,numBlockers,rate_before_handoff,rate_after_handoff,rate_before_handoff_affected,rate_after_handoff_affected,rate_mmW
1,25,200,400,2.577699e+08,256514733.0214338302612305,238778039.5032255947589874,237213901.7923776209354401,531641443.4628009796142578
