UE idx,lambdaBS,lambdaUE,numBlockers,powFactor,rate_before_handoff,rate_after_handoff,rate_mmW
1,25,40,400,1000,325440244.4380592107772827,254940712.1311360597610474,12178545954.0830421447753906
