UE idx,lambdaBS,lambdaUE,numBlockers,rate_before_handoff,rate_after_handoff,rate_before_handoff_affected,rate_after_handoff_affected,rate_mmW
1,25,220,400,2.547659e+08,254524498.0869927704334259,234319060.8534134626388550,233991947.7764728963375092,129378480.9855580925941467
