UE idx,lambdaBS,lambdaUE,numBlockers,rate_before_handoff,rate_after_handoff,rate_before_handoff_affected,rate_after_handoff_affected,rate_mmW
1,25,210,400,2.939320e+08,293405125.5986374020576477,293147689.5399522185325623,291509206.3844466805458069,1584309015.7367312908172607
