UE idx,lambdaBS,lambdaUE,numBlockers,rate_before_handoff,rate_after_handoff,rate_before_handoff_affected,rate_after_handoff_affected,rate_mmW
1,25,250,400,2.284329e+08,228483212.9491971135139465,212620573.6929248273372650,212599603.2997376620769501,1086844201.5318646430969238
