UE idx,lambdaBS,lambdaUE,numBlockers,powFactor,rate_before_handoff,rate_after_handoff,rate_mmW
1,25,20,400,1000,368273241.9600405693054199,315932544.3242062330245972,8137390210.1148786544799805
