UE idx,lambdaBS,lambdaUE,numBlockers,rate_before_handoff,rate_after_handoff,rate_before_handoff_affected,rate_after_handoff_affected,rate_mmW
1,25,210,400,2.596871e+08,258935175.1840659379959106,240662682.2636771798133850,239692661.1226346790790558,539984488.5494537353515625
