lambdaBS,lambdaUE,numBlockers,deployRange,minRatereq,powerFac,lower_bound_thresh,lb_rate_before_handoff,scs_1,scs_2,mmW_rate_1,mmW_rate_2,users_not_bb
25,1000,400,100.000000,400000000.000000,1.000000,0.100000,0.8790752195771212,60185432.1216826736927032,39814567.8783173263072968,1904386892.6207227706909180,2406795933.4314074516296387,3.6101083032490973
