UE idx,lambdaBS,lambdaUE,numBlockers,rate_before_handoff,rate_after_handoff,rate_before_handoff_affected,rate_after_handoff_affected,rate_mmW
1,25,200,400,2.589960e+08,258426031.6980476081371307,241835309.8393092453479767,241034077.7762540876865387,603541970.7555512189865112
