UE idx,lambdaBS,lambdaUE,numBlockers,rate_before_handoff,rate_after_handoff,rate_before_handoff_affected,rate_after_handoff_affected,rate_mmW
1,25,230,400,2.976285e+08,297362718.8713989257812500,280265185.5013231039047241,279831674.3777503371238708,388007124.2906219363212585
