UE idx,lambdaBS,lambdaUE,numBlockers,rate_before_handoff,rate_after_handoff,rate_before_handoff_affected,rate_after_handoff_affected,rate_mmW
1,25,150,400,2.681091e+08,267976800.9594083130359650,260836108.7196315228939056,260040762.1236257255077362,688231029.0858895778656006
