UE idx,lambdaBS,lambdaUE,numBlockers,rate_before_handoff,rate_after_handoff,rate_before_handoff_affected,rate_after_handoff_affected,rate_mmW
1,25,240,400,2.868178e+08,286715478.5417287349700928,274233880.5078516006469727,273481405.2792172431945801,1074853133.6474728584289551
