UE idx,lambdaBS,lambdaUE,numBlockers,rate_before_handoff,rate_after_handoff,rate_before_handoff_affected,rate_after_handoff_affected,rate_mmW
1,25,150,400,2.760040e+08,275796693.3749933838844299,256985611.9777410030364990,255228097.9154394268989563,1679081860.1916663646697998
