UE idx,lambdaBS,lambdaUE,numBlockers,powFactor,rate_before_handoff,rate_after_handoff,rate_mmW
1,25,50,400,6,28292728.8542360998690128,27913534.3923721909523010,559158879.9479752779006958
