lambdaBS,lambdaUE,numBlockers,deployRange,minRatereq,powerFac,lower_bound_thresh,mmW_rate_1,mmW_rate_2,users_not_bb,mmW_rate_1_small,mmW_rate_2_small,users_not_bb_small
25,250,400,100.000000,400000000.000000,10.000000,0.100000,4611832141.3776893615722656,3645152730.9517397880554199,4.9645390070921982,0.0000000000000000,0.0000000000000000,10.6382978723404253
