UE idx,lambdaBS,lambdaUE,numBlockers,powFactor,rate_before_handoff,rate_after_handoff,rate_mmW
1,25,50,400,1000,295162020.9035547971725464,256862280.4913033843040466,5263946797.5143766403198242
