UE idx,lambdaBS,lambdaUE,numBlockers,rate_before_handoff,rate_after_handoff,rate_before_handoff_affected,rate_after_handoff_affected,rate_mmW
1,25,210,400,2.556204e+08,255126432.0829559862613678,241300989.1726997196674347,240550537.7329961061477661,451765285.5819528102874756
