UE idx,lambdaBS,lambdaUE,numBlockers,powFactor,rate_before_handoff,rate_after_handoff,rate_mmW
1,25,50,400,100000,326240090.0035728216171265,263992382.8143627345561981,7556711304.9850664138793945
