UE idx,lambdaBS,lambdaUE,numBlockers,rate_before_handoff,rate_after_handoff,rate_before_handoff_affected,rate_after_handoff_affected,rate_mmW
1,25,220,400,2.637338e+08,263223091.7221596837043762,261688886.0782631635665894,260548619.4785270988941193,876595980.0152586698532104
