UE idx,lambdaBS,lambdaUE,numBlockers,rate_before_handoff,rate_after_handoff,rate_before_handoff_affected,rate_after_handoff_affected,rate_mmW
1,25,240,400,2.871451e+08,286718349.7968428730964661,264061444.1572826802730560,263352140.6682814955711365,328443740.7190292477607727
