UE idx,lambdaBS,lambdaUE,numBlockers,rate_before_handoff,rate_after_handoff,rate_before_handoff_affected,rate_after_handoff_affected,rate_mmW
1,25,200,400,2.805094e+08,280409349.0188150405883789,255076342.4304253160953522,254250046.9020867645740509,1481165765.5546329021453857
