UE idx,lambdaBS,lambdaUE,numBlockers,rate_before_handoff,rate_after_handoff,rate_before_handoff_affected,rate_after_handoff_affected,rate_mmW
1,25,250,400,2.619230e+08,261632532.7056854069232941,264758157.7732975780963898,264241966.7002838850021362,481637160.9615824222564697
