UE idx,lambdaBS,lambdaUE,numBlockers,powFactor,rate_before_handoff,rate_after_handoff,rate_mmW
1,25,30,400,1000,351087115.8358752727508545,270609238.1866425275802612,9681371790.8132209777832031
