UE idx,lambdaBS,lambdaUE,numBlockers,rate_before_handoff,rate_after_handoff,rate_before_handoff_affected,rate_after_handoff_affected,rate_mmW
1,25,240,400,2.649858e+08,264662905.5517238974571228,256371435.7145467400550842,255796612.7710633873939514,988454170.3081384897232056
