UE idx,lambdaBS,lambdaUE,numBlockers,rate_before_handoff,rate_after_handoff,rate_before_handoff_affected,rate_after_handoff_affected,rate_mmW
1,25,210,400,2.818149e+08,281271114.4008598923683167,282892958.0093997120857239,282185912.3641742467880249,547536620.0260517597198486
