lambdaBS,lambdaUE,numBlockers,deployRange,minRatereq,powerFac,lower_bound_thresh,mmW_rate_1,mmW_rate_2,users_not_bb,mmW_rate_1_small,mmW_rate_2_small,users_not_bb_small
25,250,400,100.000000,100000000.000000,10.000000,0.100000,800569824.2764279842376709,694999470.0281069278717041,7.8947368421052628,0.0000000000000000,0.0000000000000000,18.4210526315789487
