UE idx,lambdaBS,lambdaUE,numBlockers,powFactor,rate_before_handoff,rate_after_handoff,rate_mmW
1,25,50,400,8,30490805.1831272318959236,29780980.4644922614097595,1422772369.7428801059722900
