lambdaBS,lambdaUE,numBlockers,deployRange,minRatereq,powerFac,lower_bound_thresh,lb_rate_before_handoff,scs_1,scs_2,mmW_rate_1,mmW_rate_2,users_not_bb
25,1000,400,20.000000,400000000.000000,100.000000,0.100000,0.5334264299635632,34386453.2501871883869171,65613546.7498128116130829,2511327740.9270191192626953,3515901144.6656198501586914,4.2933810375670838
