UE idx,lambdaBS,lambdaUE,numBlockers,rate_before_handoff,rate_after_handoff,rate_before_handoff_affected,rate_after_handoff_affected,rate_mmW
1,25,210,400,3.108563e+08,310343505.7897609472274780,297074560.1247808933258057,296330520.4349436163902283,623517862.9275290966033936
