UE idx,lambdaBS,lambdaUE,numBlockers,rate_before_handoff,rate_after_handoff,rate_before_handoff_affected,rate_after_handoff_affected,rate_mmW
1,25,230,400,2.706514e+08,267214781.7275078594684601,253015207.6464779675006866,247538741.8785804510116577,3773697385.9978413581848145
