UE idx,lambdaBS,lambdaUE,numBlockers,rate_before_handoff,rate_after_handoff,rate_before_handoff_affected,rate_after_handoff_affected,rate_mmW
1,25,220,400,2.255083e+08,224767959.6022170782089233,232659904.3576161265373230,231763623.2051296234130859,326149059.3330442309379578
