UE idx,lambdaBS,lambdaUE,numBlockers,rate_before_handoff,rate_after_handoff,rate_before_handoff_affected,rate_after_handoff_affected,rate_mmW
1,25,230,400,2.765048e+08,276878078.2415882349014282,274053933.4646381735801697,272273527.2123014926910400,3640713624.2976279258728027
