UE idx,lambdaBS,lambdaUE,numBlockers,rate_before_handoff,rate_after_handoff,rate_before_handoff_affected,rate_after_handoff_affected,rate_mmW
1,25,240,400,2.498234e+08,249080900.5715671479701996,235741313.5267310142517090,234661129.6300060153007507,1343454905.5167942047119141
