UE idx,lambdaBS,lambdaUE,numBlockers,powFactor,rate_before_handoff,rate_after_handoff,rate_before_handoff_affected,rate_after_handoff_affected,rate_mmW
1,25,150,400,10000,178534082.1395657956600189,289719022.5856503844261169,245075229.8234318196773529,66476054.5772344246506691,2010496612.0528547763824463
