UE idx,lambdaBS,lambdaUE,numBlockers,rate_before_handoff,rate_after_handoff,rate_before_handoff_affected,rate_after_handoff_affected,rate_mmW
1,25,250,400,2.584618e+08,257611746.1436065733432770,252012960.3071615397930145,250808045.9690339267253876,991730831.2580037117004395
