UE idx,lambdaBS,lambdaUE,numBlockers,rate_before_handoff,rate_after_handoff,rate_before_handoff_affected,rate_after_handoff_affected,rate_mmW
1,25,200,400,2.932231e+08,292695565.3997781872749329,279478858.1747016310691833,278230844.8214146494865417,979995603.8766069412231445
