UE idx,lambdaBS,lambdaUE,numBlockers,rate_before_handoff,rate_after_handoff,rate_before_handoff_affected,rate_after_handoff_affected,rate_mmW
1,25,200,400,2.618481e+08,261433235.5719219744205475,227204366.3261711597442627,225344841.3036118447780609,1740082647.7547872066497803
