UE idx,lambdaBS,lambdaUE,numBlockers,rate_before_handoff,rate_after_handoff,rate_before_handoff_affected,rate_after_handoff_affected,rate_mmW
1,25,200,400,2.972094e+08,297105697.6822894215583801,249551992.4217208623886108,249124447.5600503385066986,188943190.0968752503395081
