lambdaBS,lambdaUE,numBlockers,deployRange,minRatereq,powerFac,lower_bound_thresh,lb_rate_before_handoff,scs_1,scs_2,mmW_rate_1,mmW_rate_2,users_not_bb
25,1000,400,60.000000,400000000.000000,100.000000,0.100000,0.3717434419332970,5849045.1963907182216644,94150954.8036092817783356,440350332.6253110766410828,398946016.9848431348800659,10.6164383561643838
