UE idx,lambdaBS,lambdaUE,numBlockers,powFactor,rate_before_handoff,rate_after_handoff,rate_before_handoff_affected,rate_after_handoff_affected,rate_mmW
1,25,150,400,10,186201570.0632628202438354,275078117.7897666096687317,148092941.3184652328491211,146169924.1458392739295959,1645729413.3993222713470459
