UE idx,lambdaBS,lambdaUE,numBlockers,rate_before_handoff,rate_after_handoff,rate_before_handoff_affected,rate_after_handoff_affected,rate_mmW
1,25,240,400,2.689523e+08,268382938.3862160146236420,257124383.4787022471427917,256343715.0975375473499298,559152368.8624789714813232
