UE idx,lambdaBS,lambdaUE,numBlockers,rate_before_handoff,rate_after_handoff,rate_before_handoff_affected,rate_after_handoff_affected,rate_mmW
1,25,200,400,3.097833e+08,309277767.2605210542678833,290667840.9813453555107117,289622448.4090257287025452,1115974275.8177869319915771
