UE idx,lambdaBS,lambdaUE,numBlockers,rate_before_handoff,rate_after_handoff,rate_before_handoff_affected,rate_after_handoff_affected,rate_mmW
1,25,240,400,2.466589e+08,246242729.4870632588863373,233010412.3027726113796234,232269978.1086615622043610,2437375451.5884971618652344
