UE idx,lambdaBS,lambdaUE,numBlockers,powFactor,rate_before_handoff,rate_after_handoff,rate_mmW
1,25,50,400,1000,312598421.8039453625679016,289582792.1074059605598450,8890979797.6231193542480469
