UE idx,lambdaBS,lambdaUE,numBlockers,rate_before_handoff,rate_after_handoff,rate_before_handoff_affected,rate_after_handoff_affected,rate_mmW
1,25,200,400,2.813039e+08,280537148.3939238190650940,284353625.8027780652046204,283182157.7436210513114929,373526033.0867639183998108
