UE idx,lambdaBS,lambdaUE,numBlockers,rate_before_handoff,rate_after_handoff,rate_before_handoff_affected,rate_after_handoff_affected,rate_mmW
1,25,220,400,2.357486e+08,235081453.6490840911865234,225608742.0611976385116577,224659966.9992027878761292,859266069.0017389059066772
