UE idx,lambdaBS,lambdaUE,numBlockers,powFactor,rate_before_handoff,rate_after_handoff,rate_before_handoff_affected,rate_after_handoff_affected,rate_mmW
1,25,150,400,100,187338666.4631178081035614,290865217.0587196350097656,150696889.1902119517326355,139887204.6649528443813324,428859939.2520864605903625
