UE idx,lambdaBS,lambdaUE,numBlockers,rate_before_handoff,rate_after_handoff,rate_before_handoff_affected,rate_after_handoff_affected,rate_mmW
1,25,200,400,2.863921e+08,282762520.0919069051742554,253884493.1571769118309021,247612114.8562572896480560,3654083121.8763227462768555
