lambdaBS,lambdaUE,numBlockers,deployRange,minRatereq,powerFac,lower_bound_thresh,lb_rate_before_handoff,scs_1,scs_2,mmW_rate_1,mmW_rate_2,users_not_bb
25,1000,400,60.000000,400000000.000000,1.000000,0.100000,0.7249081037085165,51718018.0205663740634918,48281981.9794336259365082,1561153481.8621532917022705,1525221128.3073177337646484,2.8919330289193304
