UE idx,lambdaBS,lambdaUE,numBlockers,rate_before_handoff,rate_after_handoff,rate_before_handoff_affected,rate_after_handoff_affected,rate_mmW
1,25,240,400,2.740520e+08,273637147.4868595004081726,274833988.5856832861900330,274210393.6969486474990845,398883001.9227043390274048
