UE idx,lambdaBS,lambdaUE,numBlockers,rate_before_handoff,rate_after_handoff,rate_before_handoff_affected,rate_after_handoff_affected,rate_mmW
1,25,250,400,2.739912e+08,273803953.4419344663619995,216615523.3388437032699585,216178401.0942648351192474,763757508.2843472957611084
