UE idx,lambdaBS,lambdaUE,numBlockers,rate_before_handoff,rate_after_handoff,rate_before_handoff_affected,rate_after_handoff_affected,rate_mmW
1,25,220,400,2.364948e+08,235686177.4469849169254303,235197845.4439395070075989,234209573.7236002385616302,397097291.6312147378921509
