UE idx,lambdaBS,lambdaUE,numBlockers,rate_before_handoff,rate_after_handoff,rate_before_handoff_affected,rate_after_handoff_affected,rate_mmW
1,25,250,400,2.493563e+08,248949391.4553738236427307,214225814.2324001491069794,213489534.7840278744697571,721815059.2737286090850830
