UE idx,lambdaBS,lambdaUE,numBlockers,rate_before_handoff,rate_after_handoff,rate_before_handoff_affected,rate_after_handoff_affected,rate_mmW
1,25,220,400,2.861047e+08,285799278.2254974842071533,250007124.4695214331150055,249098645.1883331835269928,703081447.2424420118331909
