lambdaBS,lambdaUE,numBlockers,deployRange,minRatereq,powerFac,lower_bound_thresh,lb_rate_before_handoff,bw_allotted
25,5000,400,100.000000,400000000.000000,10.000000,0.100000,0.0009147246848300,38262879072.1925506591796875
