UE idx,lambdaBS,lambdaUE,numBlockers,rate_before_handoff,rate_after_handoff,rate_before_handoff_affected,rate_after_handoff_affected,rate_mmW
1,25,210,400,2.636233e+08,262992989.1275753378868103,249559985.4400930404663086,248751461.5687377154827118,413419319.4223693609237671
