UE idx,lambdaBS,lambdaUE,numBlockers,rate_before_handoff,rate_after_handoff,rate_before_handoff_affected,rate_after_handoff_affected,rate_mmW
1,25,220,400,2.806757e+08,280115389.0983326435089111,260912649.2660239040851593,259933179.5828117132186890,273297578.9056189060211182
