UE idx,lambdaBS,lambdaUE,numBlockers,powFactor,rate_before_handoff,rate_after_handoff,rate_before_handoff_affected,rate_after_handoff_affected,rate_mmW
1,25,150,400,100,190318052.5001430809497833,294270584.4929456114768982,138641699.5352875292301178,130559102.4970872700214386,390999432.5021332502365112
