UE idx,lambdaBS,lambdaUE,numBlockers,rate_before_handoff,rate_after_handoff,rate_before_handoff_affected,rate_after_handoff_affected,rate_mmW
1,25,200,400,2.590882e+08,258670167.3326100111007690,239022339.1262154281139374,238327492.4329957365989685,630689065.2249891757965088
