UE idx,lambdaBS,lambdaUE,numBlockers,rate_before_handoff,rate_after_handoff,rate_before_handoff_affected,rate_after_handoff_affected,rate_mmW
1,25,210,400,2.299417e+08,229033376.9823745191097260,212352717.3857492506504059,211199508.3458078503608704,527582281.3926138281822205
