lambdaBS,lambdaUE,numBlockers,deployRange,minRatereq,powerFac,lower_bound_thresh,lb_rate_before_handoff,scs_1,scs_2,mmW_rate_1,mmW_rate_2,users_not_bb
25,1000,400,100.000000,400000000.000000,10.000000,0.100000,0.5576036433601085,37231400.0871825441718102,62768599.9128174558281898,1636282692.2281563282012939,1336621187.9135262966156006,6.5180102915951972
