UE idx,lambdaBS,lambdaUE,numBlockers,rate_before_handoff,rate_after_handoff,rate_before_handoff_affected,rate_after_handoff_affected,rate_mmW
1,25,200,400,2.587909e+08,258439100.1410061120986938,250102107.4170251488685608,248865441.6229252219200134,665741798.5404798984527588
