UE idx,lambdaBS,lambdaUE,numBlockers,rate_before_handoff,rate_after_handoff,rate_before_handoff_affected,rate_after_handoff_affected,rate_mmW
1,25,200,400,2.759330e+08,275749590.8273379802703857,280933911.9857485890388489,280185399.3218861222267151,1277968554.1188745498657227
