UE idx,lambdaBS,lambdaUE,numBlockers,rate_before_handoff,rate_after_handoff,rate_before_handoff_affected,rate_after_handoff_affected,rate_mmW
1,25,220,400,2.403986e+08,239991725.6302701234817505,229958747.8393919765949249,229416572.6216624379158020,748520165.6330049037933350
