UE idx,lambdaBS,lambdaUE,numBlockers,rate_before_handoff,rate_after_handoff,rate_before_handoff_affected,rate_after_handoff_affected,rate_mmW
1,25,240,400,2.609578e+08,260326208.1694502532482147,253160345.1533315181732178,252352525.2985010445117950,430313749.6112579107284546
