lambdaBS,lambdaUE,numBlockers,deployRange,minRatereq,powerFac,lower_bound_thresh,lb_rate_before_handoff,scs_1,scs_2,mmW_rate_1,mmW_rate_2,users_not_bb
25,1000,400,100.000000,400000000.000000,10.000000,0.100000,0.7098621612904626,50694653.2600451707839966,49305346.7399548292160034,4044321579.8648433685302734,1097876836.8279983997344971,4.9403747870528107
