UE idx,lambdaBS,lambdaUE,numBlockers,rate_before_handoff,rate_after_handoff,rate_before_handoff_affected,rate_after_handoff_affected,rate_mmW
1,25,200,400,2.635499e+08,263224861.7907200753688812,275550439.8163586854934692,274566422.0162873268127441,701389746.0719187259674072
