UE idx,lambdaBS,lambdaUE,numBlockers,powFactor,rate_before_handoff,rate_after_handoff,rate_mmW
1,25,40,400,1000,314636840.6508584022521973,259124624.7714257538318634,9654077396.2873706817626953
