lambdaBS,lambdaUE,numBlockers,deployRange,minRatereq,powerFac,lower_bound_thresh,lb_rate_before_handoff,scs_1,scs_2,mmW_rate_1,mmW_rate_2,users_not_bb
25,1000,400,80.000000,400000000.000000,10.000000,0.100000,0.5562964092981357,37083900.9294369518756866,62916099.0705630481243134,3114225426.0957446098327637,3115648314.4769845008850098,3.9556962025316458
