UE idx,lambdaBS,lambdaUE,numBlockers,powFactor,rate_before_handoff,rate_after_handoff,rate_before_handoff_affected,rate_after_handoff_affected,rate_mmW
1,25,150,400,10000,176761503.5032528340816498,171105303.2922029197216034,270630915.2190216183662415,256043512.7903439700603485,1078942745.0571558475494385
