lambdaBS,lambdaUE,numBlockers,deployRange,minRatereq,powerFac,lower_bound_thresh,lb_rate_before_handoff,scs_1,scs_2,mmW_rate_1,mmW_rate_2,users_not_bb
25,1000,400,40.000000,400000000.000000,10.000000,0.100000,0.9070444436837803,61413136.6508850753307343,38586863.3491149246692657,1939057764.1250553131103516,2268024114.7304000854492188,3.0716723549488054
