UE idx,lambdaBS,lambdaUE,numBlockers,powFactor,rate_before_handoff,rate_after_handoff,rate_before_handoff_affected,rate_after_handoff_affected,rate_mmW
1,25,150,400,10000,182827582.9996327161788940,280433389.9796085953712463,291633797.9926066994667053,54262093.8600811958312988,3188039601.9336199760437012
