UE idx,lambdaBS,lambdaUE,numBlockers,powFactor,rate_before_handoff,rate_after_handoff,rate_mmW
1,25,40,400,1000,307315444.0236330032348633,264570832.1299864947795868,5388844944.6782054901123047
