UE idx,lambdaBS,lambdaUE,numBlockers,powFactor,rate_before_handoff,rate_after_handoff,rate_mmW
1,25,40,400,1000,301819608.1940260529518127,276269382.7309792637825012,5944579832.4285068511962891
