UE idx,lambdaBS,lambdaUE,numBlockers,powFactor,rate_before_handoff,rate_after_handoff,rate_mmW
1,25,50,400,1000,279983168.2025660276412964,235932792.6601078510284424,7234114801.3833732604980469
