UE idx,lambdaBS,lambdaUE,numBlockers,rate_before_handoff,rate_after_handoff,rate_before_handoff_affected,rate_after_handoff_affected,rate_mmW
1,25,200,400,2.864088e+08,285654844.1030926108360291,283524483.3666664361953735,282242670.1484194993972778,437563795.9008168578147888
