UE idx,lambdaBS,lambdaUE,numBlockers,rate_before_handoff,rate_after_handoff,rate_before_handoff_affected,rate_after_handoff_affected,rate_mmW
1,25,210,400,2.507445e+08,249960117.6318208873271942,238708437.3975844383239746,237828912.8183024525642395,331118275.1601953506469727
