UE idx,lambdaBS,lambdaUE,numBlockers,powFactor,rate_before_handoff,rate_after_handoff,rate_before_handoff_affected,rate_after_handoff_affected,rate_mmW
1,25,150,400,1000,187497694.2873427569866180,285520045.6905737519264221,263739100.7179142534732819,367547603.2750691771507263,141238076.2561959922313690
