UE idx,lambdaBS,lambdaUE,numBlockers,rate_before_handoff,rate_after_handoff,rate_before_handoff_affected,rate_after_handoff_affected,rate_mmW
1,25,200,400,2.643308e+08,264510570.9731190800666809,254716374.2869903147220612,254659821.9831353425979614,1267777509.9802625179290771
