UE idx,lambdaBS,lambdaUE,numBlockers,rate_before_handoff,rate_after_handoff,rate_before_handoff_affected,rate_after_handoff_affected,rate_mmW
1,25,210,400,2.984977e+08,297850363.8316314220428467,283586010.5209900140762329,282194953.1534559130668640,2409769463.0034232139587402
