UE idx,lambdaBS,lambdaUE,numBlockers,rate_before_handoff,rate_after_handoff,rate_before_handoff_affected,rate_after_handoff_affected,rate_mmW
1,25,210,400,3.118657e+08,311816618.8376114964485168,291479098.4946830868721008,290188058.4554167389869690,2330728644.4347486495971680
