lambdaBS,lambdaUE,numBlockers,deployRange,minRatereq,powerFac,lower_bound_thresh,lb_rate_before_handoff,bw_allotted
25,1500,400,100.000000,400000000.000000,10.000000,0.100000,0.6455697295413912,54215677.0963591858744621
