UE idx,lambdaBS,lambdaUE,numBlockers,rate_before_handoff,rate_after_handoff,rate_before_handoff_affected,rate_after_handoff_affected,rate_mmW
1,25,210,400,2.628343e+08,262275818.9380808770656586,249189663.7024215459823608,248412896.1556367576122284,438145810.8905122280120850
