UE idx,lambdaBS,lambdaUE,numBlockers,rate_before_handoff,rate_after_handoff,rate_before_handoff_affected,rate_after_handoff_affected,rate_mmW
1,25,200,400,2.795239e+08,279267121.2012558579444885,275497692.5662938952445984,274834024.8643626570701599,770850934.0698513984680176
