UE idx,lambdaBS,lambdaUE,numBlockers,powFactor,rate_before_handoff,rate_after_handoff,rate_mmW
1,25,40,400,1000,336019922.2066856622695923,261031091.8112864792346954,4508516525.5229692459106445
