UE idx,lambdaBS,lambdaUE,numBlockers,rate_before_handoff,rate_after_handoff,rate_before_handoff_affected,rate_after_handoff_affected,rate_mmW
1,25,250,400,2.460567e+08,245734832.9625593423843384,226260753.8762858808040619,225437775.5072737336158752,1526600277.6511759757995605
