UE idx,lambdaBS,lambdaUE,numBlockers,rate_before_handoff,rate_after_handoff,rate_before_handoff_affected,rate_after_handoff_affected,rate_mmW
1,25,200,400,2.842664e+08,284010276.3488658666610718,260456870.9795867502689362,259614480.6282575726509094,918827572.7948187589645386
