UE idx,lambdaBS,lambdaUE,numBlockers,rate_before_handoff,rate_after_handoff,rate_before_handoff_affected,rate_after_handoff_affected,rate_mmW
1,25,240,400,2.212698e+08,222428179.8903305530548096,192680568.8263197839260101,193832167.8238044381141663,743738030.9916281700134277
