UE idx,lambdaBS,lambdaUE,numBlockers,rate_before_handoff,rate_after_handoff,rate_before_handoff_affected,rate_after_handoff_affected,rate_mmW
1,25,230,400,2.395892e+08,239027472.7593494057655334,221247701.4693877398967743,220424218.5036560595035553,402413557.6846408843994141
