lambdaBS,lambdaUE,numBlockers,deployRange,minRatereq,powerFac,lower_bound_thresh,lb_rate_before_handoff,scs_1,scs_2,mmW_rate_1,mmW_rate_2,users_not_bb
25,1000,400,20.000000,400000000.000000,100.000000,0.100000,0.4281848318287592,18259598.6632303446531296,81740401.3367696553468704,985790431.0353339910507202,858008081.3728682994842529,8.1632653061224492
