UE idx,lambdaBS,lambdaUE,numBlockers,rate_before_handoff,rate_after_handoff,rate_before_handoff_affected,rate_after_handoff_affected,rate_mmW
1,25,220,400,2.552955e+08,254709662.2201749086380005,231722903.0727291703224182,230646457.6174311637878418,2392969740.9899468421936035
