lambdaBS,lambdaUE,numBlockers,deployRange,minRatereq,powerFac,lower_bound_thresh,mmW_rate_1,mmW_rate_2,users_not_bb,mmW_rate_1_small,mmW_rate_2_small,users_not_bb_small
25,250,400,100.000000,100000000.000000,10.000000,0.100000,598926102.1262131929397583,621433137.4721293449401855,7.5862068965517242,342202769.4331257343292236,170515872.7226183116436005,0.6896551724137931
