UE idx,lambdaBS,lambdaUE,numBlockers,powFactor,rate_before_handoff,rate_after_handoff,rate_mmW
1,25,50,400,1000,340340140.8854588270187378,259109217.3539235293865204,7605269706.7054843902587891
