UE idx,lambdaBS,lambdaUE,numBlockers,powFactor,rate_before_handoff,rate_after_handoff,rate_mmW
1,25,10,400,1000,386574501.0885815024375916,331520389.4508055448532104,8966796820.1035747528076172
