UE idx,lambdaBS,lambdaUE,numBlockers,rate_before_handoff,rate_after_handoff,rate_before_handoff_affected,rate_after_handoff_affected,rate_mmW
1,25,220,400,2.658203e+08,265180817.1018097996711731,248591997.5393399894237518,247654841.5895034968852997,426097221.3052790760993958
