UE idx,lambdaBS,lambdaUE,numBlockers,rate_before_handoff,rate_after_handoff,rate_before_handoff_affected,rate_after_handoff_affected,rate_mmW
1,25,240,400,2.410240e+08,239972201.5973645746707916,224924032.4618097543716431,222563383.2423144578933716,2696201623.0411963462829590
