UE idx,lambdaBS,lambdaUE,numBlockers,rate_before_handoff,rate_after_handoff,rate_before_handoff_affected,rate_after_handoff_affected,rate_mmW
1,25,250,400,2.389209e+08,238759924.6568093895912170,206778532.0675279200077057,206476548.4904087781906128,474808836.6464280486106873
