UE idx,lambdaBS,lambdaUE,numBlockers,rate_before_handoff,rate_after_handoff,rate_before_handoff_affected,rate_after_handoff_affected,rate_mmW
1,25,220,400,2.754351e+08,275235030.3345790505409241,271667096.1518240571022034,271393069.9628387093544006,750556987.5799823999404907
