UE idx,lambdaBS,lambdaUE,numBlockers,powFactor,rate_before_handoff,rate_after_handoff,rate_mmW
1,25,20,400,1000,366100498.1012312173843384,285482571.3757023811340332,9400629425.7049198150634766
