UE idx,lambdaBS,lambdaUE,numBlockers,powFactor,rate_before_handoff,rate_after_handoff,rate_mmW
1,25,50,400,1000,307678842.0917037725448608,273785532.2081127166748047,4138620314.1230282783508301
