UE idx,lambdaBS,lambdaUE,numBlockers,rate_before_handoff,rate_after_handoff,rate_before_handoff_affected,rate_after_handoff_affected,rate_mmW
1,25,250,400,2.260605e+08,225178795.1613460481166840,214070204.6519271731376648,212970761.2004214525222778,459971224.1239669322967529
