UE idx,lambdaBS,lambdaUE,numBlockers,rate_before_handoff,rate_after_handoff,rate_before_handoff_affected,rate_after_handoff_affected,rate_mmW
1,25,210,400,2.558778e+08,253898870.9992481470108032,249220340.0805928111076355,244726923.9009568989276886,2808742492.4736771583557129
