UE idx,lambdaBS,lambdaUE,numBlockers,rate_before_handoff,rate_after_handoff,rate_before_handoff_affected,rate_after_handoff_affected,rate_mmW
1,25,250,400,2.532739e+08,252778737.7715855538845062,245362702.5184624195098877,244460365.6916832625865936,642920226.6233489513397217
