UE idx,lambdaBS,lambdaUE,numBlockers,powFactor,rate_before_handoff,rate_after_handoff,rate_mmW
1,25,50,400,100,29959329.2840560488402843,27426431.5876755751669407,711083941.9484488964080811
