UE idx,lambdaBS,lambdaUE,numBlockers,powFactor,rate_before_handoff,rate_after_handoff,rate_before_handoff_affected,rate_after_handoff_affected,rate_mmW
1,25,150,400,10000,172426953.8550409078598022,228958681.1072272956371307,257793228.1606142222881317,86066485.4012265205383301,4198714692.9588856697082520
