UE idx,lambdaBS,lambdaUE,numBlockers,rate_before_handoff,rate_after_handoff,rate_before_handoff_affected,rate_after_handoff_affected,rate_mmW
1,25,230,400,3.075569e+08,306263256.4048688411712646,279008339.5973780751228333,269897603.7392576336860657,3139242915.5667276382446289
