UE idx,lambdaBS,lambdaUE,numBlockers,powFactor,rate_before_handoff,rate_after_handoff,rate_mmW
1,25,50,400,100,46366378.8263554051518440,43587244.3556739613413811,1717000187.8928086757659912
