UE idx,lambdaBS,lambdaUE,numBlockers,rate_before_handoff,rate_after_handoff
1,25,50,400,25006338.0459742695093155,24362054.7480378486216068
