UE idx,lambdaBS,lambdaUE,numBlockers,rate_before_handoff,rate_after_handoff,rate_before_handoff_affected,rate_after_handoff_affected,rate_mmW
1,25,220,400,2.750988e+08,274212838.0622831583023071,267207965.2755374908447266,265958991.1390589475631714,552030428.0061217546463013
