lambdaBS,lambdaUE,numBlockers,deployRange,minRatereq,powerFac,lower_bound_thresh,lb_rate_before_handoff,scs_1,scs_2,mmW_rate_1,mmW_rate_2,users_not_bb
25,1000,400,40.000000,400000000.000000,100.000000,0.100000,0.7539876734302888,53580142.9740005135536194,46419857.0259994864463806,2653711528.2924523353576660,2614749555.0268859863281250,4.1025641025641022
