UE idx,lambdaBS,lambdaUE,numBlockers,powFactor,rate_before_handoff,rate_after_handoff,rate_mmW
1,25,20,400,1000,378310594.8576487302780151,297106439.6899678707122803,8461581709.0852203369140625
