lambdaBS,lambdaUE,numBlockers,deployRange,minRatereq,powerFac,lower_bound_thresh,lb_rate_before_handoff,scs_1,scs_2,mmW_rate_1,mmW_rate_2,users_not_bb
25,1000,400,80.000000,400000000.000000,1.000000,0.100000,0.7801089727179347,55134473.2287100479006767,44865526.7712899520993233,758044256.0541949272155762,633603875.2191387414932251,3.7162162162162162
