UE idx,lambdaBS,lambdaUE,numBlockers,powFactor,rate_before_handoff,rate_after_handoff,rate_mmW
1,25,10,400,1000,380310167.5961567759513855,338699707.1524402499198914,6293592582.2688188552856445
