lambdaBS,lambdaUE,numBlockers,deployRange,minRatereq,powerFac,lower_bound_thresh,mmW_rate_1,mmW_rate_2,users_not_bb,mmW_rate_1_small,mmW_rate_2_small,users_not_bb_small
25,250,400,100.000000,400000000.000000,10.000000,0.100000,3631007094.0753016471862793,2656594948.4350881576538086,7.5000000000000000,0.0000000000000000,0.0000000000000000,10.0000000000000000
