UE idx,lambdaBS,lambdaUE,numBlockers,rate_before_handoff,rate_after_handoff,rate_before_handoff_affected,rate_after_handoff_affected,rate_mmW
1,25,210,400,2.814701e+08,281548908.9172441959381104,249490819.3069234192371368,245944194.0686177909374237,1964511156.3542189598083496
