UE idx,lambdaBS,lambdaUE,numBlockers,rate_before_handoff,rate_after_handoff,rate_before_handoff_affected,rate_after_handoff_affected,rate_mmW
1,25,220,400,2.709824e+08,270683055.1923098564147949,248796412.6583248972892761,247990296.3830627501010895,1066959553.0155904293060303
