UE idx,lambdaBS,lambdaUE,numBlockers,rate_before_handoff,rate_after_handoff,rate_before_handoff_affected,rate_after_handoff_affected,rate_mmW
1,25,230,400,2.547710e+08,253776007.6589247584342957,231897576.0686592757701874,230648390.7886089682579041,363888024.5221301317214966
