lambdaBS,lambdaUE,numBlockers,deployRange,minRatereq,powerFac,lower_bound_thresh,mmW_rate_1,mmW_rate_2,users_not_bb,mmW_rate_1_small,mmW_rate_2_small,users_not_bb_small
25,250,400,100.000000,400000000.000000,10.000000,0.100000,3577752991.8116083145141602,3787018763.1780929565429688,5.4878048780487809,0.0000000000000000,0.0000000000000000,14.0243902439024382
