UE idx,lambdaBS,lambdaUE,numBlockers,rate_before_handoff,rate_after_handoff,rate_before_handoff_affected,rate_after_handoff_affected,rate_mmW
1,25,210,400,2.827525e+08,282448417.5989087224006653,258934312.7768115103244781,257104506.1840565502643585,3103695032.0558767318725586
