UE idx,lambdaBS,lambdaUE,numBlockers,rate_before_handoff,rate_after_handoff,rate_before_handoff_affected,rate_after_handoff_affected,rate_mmW
1,25,200,400,2.838047e+08,283660755.2482064366340637,262486105.3158273100852966,262233652.4586894512176514,627545343.8534383773803711
