UE idx,lambdaBS,lambdaUE,numBlockers,powFactor,rate_before_handoff,rate_after_handoff,rate_mmW
1,25,50,400,10,232746214.4174548685550690,250910129.3018841147422791,43327489.1232776641845703
