UE idx,lambdaBS,lambdaUE,numBlockers,powFactor,rate_before_handoff,rate_after_handoff,rate_mmW
1,25,50,400,1000,326240090.0035728216171265,293909126.2349324226379395,7364458599.1199913024902344
