lambdaBS,lambdaUE,numBlockers,deployRange,minRatereq,powerFac,lower_bound_thresh,lb_rate_before_handoff,scs_1,scs_2,mmW_rate_1,mmW_rate_2,users_not_bb
25,1000,400,100.000000,400000000.000000,10.000000,0.100000,0.7293145358390469,52009732.0427956208586693,47990267.9572043791413307,2548905082.8032517433166504,800354289.8557447195053101,5.3903345724907066
