UE idx,lambdaBS,lambdaUE,numBlockers,rate_before_handoff,rate_after_handoff,rate_before_handoff_affected,rate_after_handoff_affected,rate_mmW
1,25,230,400,2.731912e+08,272614066.9281691312789917,251975643.9100082814693451,250934952.6563805639743805,451064873.3486396074295044
