UE idx,lambdaBS,lambdaUE,numBlockers,powFactor,rate_before_handoff,rate_after_handoff,rate_before_handoff_affected,rate_after_handoff_affected,rate_mmW
1,25,150,400,10000,159623145.0801101624965668,231998723.0340269505977631,254076346.0723202228546143,296584580.6778464317321777,2053619447.7925317287445068
