UE idx,lambdaBS,lambdaUE,numBlockers,powFactor,rate_before_handoff,rate_after_handoff,rate_mmW
1,25,40,400,1000,311907297.5415937304496765,252905124.3181499838829041,9707801811.0858974456787109
