UE idx,lambdaBS,lambdaUE,numBlockers,rate_before_handoff,rate_after_handoff,rate_before_handoff_affected,rate_after_handoff_affected,rate_mmW
1,25,220,400,2.826431e+08,281913278.1152513623237610,265781712.1548997759819031,264524969.5436732172966003,1753729525.5435366630554199
