lambdaBS,lambdaUE,numBlockers,deployRange,minRatereq,powerFac,lower_bound_thresh,lb_rate_before_handoff,scs_1,scs_2,mmW_rate_1,mmW_rate_2,users_not_bb
25,1000,400,20.000000,400000000.000000,1.000000,0.100000,0.5876254745793782,40438252.7407393828034401,59561747.2592606171965599,982216058.2958441972732544,2348570165.3940105438232422,3.3557046979865772
