UE idx,lambdaBS,lambdaUE,numBlockers,rate_before_handoff,rate_after_handoff,rate_before_handoff_affected,rate_after_handoff_affected,rate_mmW
1,25,250,400,2.585532e+08,258497526.4162482023239136,237862021.4596508145332336,237283661.7724903821945190,1812107570.7768392562866211
