UE idx,lambdaBS,lambdaUE,numBlockers,rate_before_handoff,rate_after_handoff,rate_before_handoff_affected,rate_after_handoff_affected,rate_mmW
1,25,230,400,2.278341e+08,227991263.9307743906974792,209887638.3364771902561188,209740565.3848636746406555,696861057.4837377071380615
