UE idx,lambdaBS,lambdaUE,numBlockers,powFactor,rate_before_handoff,rate_after_handoff,rate_before_handoff_affected,rate_after_handoff_affected,rate_mmW
1,25,150,400,10,193591980.6790539324283600,307948167.1632068157196045,167223133.9587130546569824,253192916.8735679686069489,900495270.2225432395935059
