UE idx,lambdaBS,lambdaUE,numBlockers,rate_before_handoff,rate_after_handoff,rate_before_handoff_affected,rate_after_handoff_affected,rate_mmW
1,25,240,400,2.896521e+08,289401060.9473835229873657,269243933.0052021741867065,268370622.6374062299728394,1670255049.3991780281066895
