UE idx,lambdaBS,lambdaUE,numBlockers,rate_before_handoff,rate_after_handoff,rate_before_handoff_affected,rate_after_handoff_affected,rate_mmW
1,25,230,400,2.624916e+08,260784663.1509953439235687,236123434.9308615624904633,233435326.2227711975574493,2324434965.5771021842956543
