UE idx,lambdaBS,lambdaUE,numBlockers,rate_before_handoff,rate_after_handoff,rate_before_handoff_affected,rate_after_handoff_affected,rate_mmW
1,25,200,400,3.080263e+08,307554099.9218364953994751,284257232.0497223138809204,283539078.0193718075752258,787563201.3779036998748779
