UE idx,lambdaBS,lambdaUE,numBlockers,rate_before_handoff,rate_after_handoff,rate_before_handoff_affected,rate_after_handoff_affected,rate_mmW
1,25,240,400,2.917319e+08,291300234.8617091774940491,278749610.0231006741523743,277226190.0855430364608765,2220480375.4360485076904297
