UE idx,lambdaBS,lambdaUE,numBlockers,powFactor,rate_before_handoff,rate_after_handoff,rate_mmW
1,25,30,400,1000,336448162.7505438327789307,252935223.4924790561199188,8353828759.2200012207031250
