UE idx,lambdaBS,lambdaUE,numBlockers,rate_before_handoff,rate_after_handoff,rate_before_handoff_affected,rate_after_handoff_affected,rate_mmW
1,25,240,400,2.659876e+08,266675534.1621175706386566,264933904.8150956928730011,262728047.9268851578235626,2599666364.8342924118041992
