UE idx,lambdaBS,lambdaUE,numBlockers,rate_before_handoff,rate_after_handoff,rate_before_handoff_affected,rate_after_handoff_affected,rate_mmW
1,25,210,400,2.636278e+08,263129690.7594340741634369,237588274.4905994534492493,236920140.9640667438507080,577369057.7041177749633789
