UE idx,lambdaBS,lambdaUE,numBlockers,rate_before_handoff,rate_after_handoff,rate_before_handoff_affected,rate_after_handoff_affected,rate_mmW
1,25,150,400,2.604613e+08,260163760.8444229662418365,255194011.4671908020973206,251692323.8059421181678772,982799586.2909060716629028
