UE idx,lambdaBS,lambdaUE,numBlockers,rate_before_handoff,rate_after_handoff,rate_before_handoff_affected,rate_after_handoff_affected,rate_mmW
1,25,250,400,2.787190e+08,278591126.4515045881271362,242153119.4567114114761353,239942798.2728110253810883,1266831231.6751627922058105
