UE idx,lambdaBS,lambdaUE,numBlockers,rate_before_handoff,rate_after_handoff,rate_before_handoff_affected,rate_after_handoff_affected,rate_mmW
1,25,240,400,2.272270e+08,226910018.1951089203357697,213589525.4826871454715729,213202827.5296210348606110,222575389.2586808800697327
