UE idx,lambdaBS,lambdaUE,numBlockers,rate_before_handoff,rate_after_handoff,rate_before_handoff_affected,rate_after_handoff_affected,rate_mmW
1,25,220,400,2.664989e+08,266158919.0483104884624481,264821896.3305626511573792,264199278.5431940555572510,1430841113.1497759819030762
