UE idx,lambdaBS,lambdaUE,numBlockers,powFactor,rate_before_handoff,rate_after_handoff,rate_mmW
1,25,50,400,1000,311346291.8463090062141418,254045019.4234228730201721,8388688471.3025960922241211
