UE idx,lambdaBS,lambdaUE,numBlockers,rate_before_handoff,rate_after_handoff,rate_before_handoff_affected,rate_after_handoff_affected,rate_mmW
1,25,200,400,3.027501e+08,300406730.6643350124359131,263599399.6463570296764374,256516612.5178516507148743,2999750546.5607008934020996
