UE idx,lambdaBS,lambdaUE,numBlockers,rate_before_handoff,rate_after_handoff,rate_before_handoff_affected,rate_after_handoff_affected,rate_mmW
1,25,240,400,2.855891e+08,285326741.3844261169433594,315549590.4206493496894836,313457868.5310270786285400,1571526543.4524211883544922
