UE idx,lambdaBS,lambdaUE,numBlockers,powFactor,rate_before_handoff,rate_after_handoff,rate_mmW
1,25,40,400,1000,326231822.9942882061004639,260096743.8835967779159546,8649714287.8770809173583984
