UE idx,lambdaBS,lambdaUE,numBlockers,powFactor,rate_before_handoff,rate_after_handoff,rate_mmW
1,25,50,400,20,221585253.3024067282676697,242621586.1794649958610535,21933640.3903435841202736
