UE idx,lambdaBS,lambdaUE,numBlockers,powFactor,rate_before_handoff,rate_after_handoff,rate_before_handoff_affected,rate_after_handoff_affected,rate_mmW
1,25,150,400,1,179995569.8139683008193970,281675006.7921161055564880,167402439.4460500478744507,195665497.3090618252754211,518918002.0203258395195007
