UE idx,lambdaBS,lambdaUE,numBlockers,rate_before_handoff,rate_after_handoff,rate_before_handoff_affected,rate_after_handoff_affected,rate_mmW
1,25,230,400,2.052728e+08,204800232.5365785658359528,188937660.2760653197765350,188236345.3596253097057343,1086393765.9726340770721436
