lambdaBS,lambdaUE,numBlockers,deployRange,minRatereq,powerFac,lower_bound_thresh,lb_rate_before_handoff,scs_1,scs_2,mmW_rate_1,mmW_rate_2,users_not_bb
25,1000,400,60.000000,400000000.000000,100.000000,0.100000,0.5340007750924839,34457023.9735357463359833,65542976.0264642536640167,1826389000.9099760055541992,2215095099.8582382202148438,5.7450628366247756
