lambdaBS,lambdaUE,numBlockers,deployRange,minRatereq,powerFac,lower_bound_thresh,mmW_rate_1,mmW_rate_2,users_not_bb,mmW_rate_1_small,mmW_rate_2_small,users_not_bb_small
25,250,400,100.000000,400000000.000000,10.000000,0.100000,7167498931.9453220367431641,6805302677.3471441268920898,8.2840236686390529,2847989150.4036717414855957,2596538032.4810576438903809,11.8343195266272190
