UE idx,lambdaBS,lambdaUE,numBlockers,rate_before_handoff,rate_after_handoff,rate_before_handoff_affected,rate_after_handoff_affected,rate_mmW
1,25,250,400,2.774267e+08,277143211.1406553983688354,246231233.4089625775814056,245798233.2608449459075928,88770014.8850946128368378
