UE idx,lambdaBS,lambdaUE,numBlockers,rate_before_handoff,rate_after_handoff,rate_before_handoff_affected,rate_after_handoff_affected,rate_mmW
1,25,230,400,2.685565e+08,268242540.6408690214157104,234579819.2781595587730408,233976657.5517006814479828,269343811.7360326051712036
