UE idx,lambdaBS,lambdaUE,numBlockers,powFactor,rate_before_handoff,rate_after_handoff,rate_before_handoff_affected,rate_after_handoff_affected,rate_mmW
1,25,150,400,1000,189783981.2462143301963806,287162558.0720888972282410,263187151.5671144723892212,89013092.8443475961685181,2428680639.6486582756042480
