UE idx,lambdaBS,lambdaUE,numBlockers,rate_before_handoff,rate_after_handoff,rate_before_handoff_affected,rate_after_handoff_affected,rate_mmW
1,25,200,400,2.715282e+08,270746108.6022737622261047,260500057.8827925920486450,259339141.0017952620983124,877349965.8366868495941162
