UE idx,lambdaBS,lambdaUE,numBlockers,rate_before_handoff,rate_after_handoff,rate_before_handoff_affected,rate_after_handoff_affected,rate_mmW
1,25,210,400,2.934002e+08,292931339.0907608866691589,267981371.9598580896854401,267088288.1655665636062622,1323959434.4052269458770752
