lambdaBS,lambdaUE,numBlockers,deployRange,minRatereq,powerFac,lower_bound_thresh,mmW_rate_1,mmW_rate_2,users_not_bb,mmW_rate_1_small,mmW_rate_2_small,users_not_bb_small
25,250,400,100.000000,400000000.000000,10.000000,0.100000,4521754366.2111873626708984,3249641087.0318050384521484,6.7796610169491522,0.0000000000000000,0.0000000000000000,25.4237288135593218
