lambdaBS,lambdaUE,numBlockers,deployRange,minRatereq,powerFac,lower_bound_thresh,lb_rate_before_handoff,scs_1,scs_2,mmW_rate_1,mmW_rate_2,users_not_bb
25,1000,400,40.000000,400000000.000000,100.000000,0.100000,0.4684779160293848,25289968.2088650315999985,74710031.7911349684000015,1685841619.7945902347564697,2065859884.4755966663360596,6.4080944350758857
