UE idx,lambdaBS,lambdaUE,numBlockers,powFactor,rate_before_handoff,rate_after_handoff,rate_mmW
1,25,40,400,1000,305227783.3706836700439453,225695317.1559429764747620,7451627091.9693994522094727
