UE idx,lambdaBS,lambdaUE,numBlockers,rate_before_handoff,rate_after_handoff,rate_before_handoff_affected,rate_after_handoff_affected,rate_mmW
1,25,250,400,2.907162e+08,290299162.8317417502403259,274044102.7402553558349609,273163620.5634546279907227,811073316.3210994005203247
