UE idx,lambdaBS,lambdaUE,numBlockers,powFactor,rate_before_handoff,rate_after_handoff,rate_before_handoff_affected,rate_after_handoff_affected,rate_mmW
1,25,150,400,100,182088925.7810940444469452,279912665.1805726885795593,202527739.7866627573966980,181385900.8341049849987030,2181290644.7347755432128906
