UE idx,lambdaBS,lambdaUE,numBlockers,rate_before_handoff,rate_after_handoff,rate_before_handoff_affected,rate_after_handoff_affected,rate_mmW
1,25,200,400,2.806960e+08,279974135.9943422079086304,266875605.9473316371440887,265926172.2357300519943237,684565727.4216295480728149
