UE idx,lambdaBS,lambdaUE,numBlockers,powFactor,rate_before_handoff,rate_after_handoff,rate_mmW
1,25,100,400,1000,35905682.8403137251734734,15594715.3029204457998276,930095531.0136003494262695
