UE idx,lambdaBS,lambdaUE,numBlockers,rate_before_handoff,rate_after_handoff,rate_before_handoff_affected,rate_after_handoff_affected,rate_mmW
1,25,220,400,2.808419e+08,280544061.9215695261955261,255777065.6647874116897583,255176802.0544312298297882,199509161.9431801438331604
