UE idx,lambdaBS,lambdaUE,numBlockers,rate_before_handoff,rate_after_handoff,rate_before_handoff_affected,rate_after_handoff_affected,rate_mmW
1,25,150,400,2.627152e+08,262516722.9700229167938232,248234288.5173404514789581,245073012.4325772821903229,1959611284.0393366813659668
