lambdaBS,lambdaUE,numBlockers,deployRange,minRatereq,powerFac,lower_bound_thresh,lb_rate_before_handoff,scs_1,scs_2,mmW_rate_1,mmW_rate_2,users_not_bb
25,1000,400,80.000000,400000000.000000,1.000000,0.100000,0.6065700369224638,42298501.6246789097785950,57701498.3753210902214050,849971559.9396568536758423,1469011621.1001710891723633,3.8461538461538463
