UE idx,lambdaBS,lambdaUE,numBlockers,powFactor,rate_before_handoff,rate_after_handoff,rate_mmW
1,25,50,400,90,213395890.6240426301956177,241252077.8219494819641113,4868619.3389401566237211
