UE idx,lambdaBS,lambdaUE,numBlockers,rate_before_handoff,rate_after_handoff,rate_before_handoff_affected,rate_after_handoff_affected,rate_mmW
1,25,250,400,2.955723e+08,295346367.7585849165916443,311429604.7783910632133484,309973104.1942003965377808,2170372049.7177238464355469
