UE idx,lambdaBS,lambdaUE,numBlockers,rate_before_handoff,rate_after_handoff,rate_before_handoff_affected,rate_after_handoff_affected,rate_mmW
1,25,210,400,2.441437e+08,243946385.8407783508300781,238028626.7103493809700012,237813748.7453284561634064,115978541.1045258939266205
