UE idx,lambdaBS,lambdaUE,numBlockers,rate_before_handoff,rate_after_handoff,rate_before_handoff_affected,rate_after_handoff_affected,rate_mmW
1,25,210,400,2.532312e+08,252540266.4095831215381622,256880715.9989458024501801,255766435.9498904943466187,1268044582.7761309146881104
