UE idx,lambdaBS,lambdaUE,numBlockers,rate_before_handoff,rate_after_handoff,rate_before_handoff_affected,rate_after_handoff_affected,rate_mmW
1,25,230,400,2.097582e+08,209254416.5949862301349640,195077020.7674778997898102,194408987.4515491127967834,196305010.1692543029785156
