lambdaBS,lambdaUE,numBlockers,deployRange,minRatereq,powerFac,lower_bound_thresh,lb_rate_before_handoff,scs_1,scs_2,mmW_rate_1,mmW_rate_2,users_not_bb
25,1000,400,20.000000,400000000.000000,100.000000,0.100000,0.5815575885916509,39816794.2666538581252098,60183205.7333461418747902,2325704705.8949446678161621,3573300834.6134486198425293,3.3557046979865772
