UE idx,lambdaBS,lambdaUE,numBlockers,rate_before_handoff,rate_after_handoff,rate_before_handoff_affected,rate_after_handoff_affected,rate_mmW
1,25,250,400,2.650883e+08,264646730.4868665337562561,252881152.5309208631515503,252152044.5883348882198334,300762433.1952780485153198
