lambdaBS,lambdaUE,numBlockers,deployRange,minRatereq,powerFac,lower_bound_thresh,lb_rate_before_handoff,scs_1,scs_2,mmW_rate_1,mmW_rate_2,users_not_bb
25,1000,400,100.000000,400000000.000000,1.000000,0.100000,0.4774405980156218,26692451.0704160928726196,73307548.9295839071273804,1115007803.5198643207550049,1047015267.9895882606506348,7.7452667814113596
