UE idx,lambdaBS,lambdaUE,numBlockers,rate_before_handoff,rate_after_handoff,rate_before_handoff_affected,rate_after_handoff_affected,rate_mmW
1,25,210,400,3.033282e+08,302056328.3594965934753418,289409264.8290330171585083,283094965.9176387190818787,2662743003.0461463928222656
