lambdaBS,lambdaUE,numBlockers,deployRange,minRatereq,powerFac,lower_bound_thresh,lb_rate_before_handoff,scs_1,scs_2,mmW_rate_1,mmW_rate_2,users_not_bb
25,1000,400,20.000000,400000000.000000,1.000000,0.100000,0.5556111405231962,37006302.7047262936830521,62993697.2952737063169479,1274496048.4223449230194092,1118150817.4670000076293945,4.0350877192982457
