UE idx,lambdaBS,lambdaUE,numBlockers,rate_before_handoff,rate_after_handoff,rate_before_handoff_affected,rate_after_handoff_affected,rate_mmW
1,25,230,400,2.178766e+08,217381498.0699841678142548,191667481.5394638776779175,190965575.3422762155532837,763217753.3812716007232666
