UE idx,lambdaBS,lambdaUE,numBlockers,powFactor,rate_before_handoff,rate_after_handoff,rate_mmW
1,25,50,400,1000,312704393.0503437519073486,234986036.3192400932312012,9905412948.5873680114746094
