UE idx,lambdaBS,lambdaUE,numBlockers,rate_before_handoff,rate_after_handoff,rate_before_handoff_affected,rate_after_handoff_affected,rate_mmW
1,25,230,400,2.534512e+08,252708063.4691653251647949,236025126.1373344659805298,235150851.3224424123764038,355395677.8929957151412964
