UE idx,lambdaBS,lambdaUE,numBlockers,rate_before_handoff,rate_after_handoff,rate_before_handoff_affected,rate_after_handoff_affected,rate_mmW
1,25,200,400,3.020107e+08,301605635.8781570196151733,299453378.1748865842819214,298764585.6477488279342651,449155041.9499843716621399
