lambdaBS,lambdaUE,numBlockers,deployRange,minRatereq,powerFac,lower_bound_thresh,lb_rate_before_handoff,scs_1,scs_2,mmW_rate_1,mmW_rate_2,users_not_bb
25,1000,400,80.000000,400000000.000000,1.000000,0.100000,0.8309163293913402,57877828.6549765244126320,42122171.3450234755873680,4613944360.4566249847412109,4291287430.4037523269653320,4.2910447761194028
