UE idx,lambdaBS,lambdaUE,numBlockers,rate_before_handoff,rate_after_handoff,rate_before_handoff_affected,rate_after_handoff_affected,rate_mmW
1,25,250,400,2.533001e+08,252251813.5253633260726929,230105732.9370130598545074,226510380.5529300570487976,2597425336.6086597442626953
