UE idx,lambdaBS,lambdaUE,numBlockers,rate_before_handoff,rate_after_handoff,rate_before_handoff_affected,rate_after_handoff_affected,rate_mmW
1,25,230,400,2.704130e+08,271269772.4649016857147217,291314063.7015268802642822,291337567.7888844609260559,1528155829.4540266990661621
