UE idx,lambdaBS,lambdaUE,numBlockers,rate_before_handoff,rate_after_handoff,rate_before_handoff_affected,rate_after_handoff_affected,rate_mmW
1,25,210,400,2.389008e+08,238468664.3103406131267548,211037186.9105983078479767,210434895.8898442685604095,174501988.7040877938270569
