lambdaBS,lambdaUE,numBlockers,deployRange,minRatereq,powerFac,lower_bound_thresh,lb_rate_before_handoff,scs_1,scs_2,mmW_rate_1,mmW_rate_2,users_not_bb
25,1000,400,40.000000,400000000.000000,1.000000,0.100000,0.6748805523759744,48138970.8493161946535110,51861029.1506838053464890,794261646.8157464265823364,479125841.2293090224266052,4.5751633986928102
