lambdaBS,lambdaUE,numBlockers,deployRange,minRatereq,powerFac,lower_bound_thresh,lb_rate_before_handoff,scs_1,scs_2,mmW_rate_1,mmW_rate_2,users_not_bb
25,1000,400,20.000000,400000000.000000,1.000000,0.100000,0.7384658814237844,52604445.4044119864702225,47395554.5955880135297775,620478177.5247542858123779,615866374.4175211191177368,3.0405405405405403
