UE idx,lambdaBS,lambdaUE,numBlockers,rate_before_handoff,rate_after_handoff,rate_before_handoff_affected,rate_after_handoff_affected,rate_mmW
1,25,150,400,2.722069e+08,271718739.0317934751510620,208207136.0771770179271698,194495656.7763329744338989,2120582386.5176463127136230
