UE idx,lambdaBS,lambdaUE,numBlockers,powFactor,rate_before_handoff,rate_after_handoff,rate_mmW
1,25,30,400,1000,352639660.4350758194923401,264014430.3634126484394073,11489502869.3136138916015625
