UE idx,lambdaBS,lambdaUE,numBlockers,rate_before_handoff,rate_after_handoff,rate_before_handoff_affected,rate_after_handoff_affected,rate_mmW
1,25,220,400,2.547246e+08,254655179.9682328104972839,240312815.5359093248844147,240118466.1286833882331848,105498183.8024821579456329
