UE idx,lambdaBS,lambdaUE,numBlockers,powFactor,rate_before_handoff,rate_after_handoff,rate_mmW
1,25,50,400,1000,276855555.6044387221336365,219211839.1256076991558075,8329947045.7047061920166016
