UE idx,lambdaBS,lambdaUE,numBlockers,rate_before_handoff,rate_after_handoff,rate_before_handoff_affected,rate_after_handoff_affected,rate_mmW
1,25,250,400,2.463110e+08,246166023.2229045331478119,205825761.7779188454151154,205584163.8272017240524292,152180644.5832861065864563
