UE idx,lambdaBS,lambdaUE,numBlockers,powFactor,rate_before_handoff,rate_after_handoff,rate_before_handoff_affected,rate_after_handoff_affected,rate_mmW
1,25,150,400,1,178082198.1142559051513672,266829046.0000336766242981,129673059.1289798021316528,134866565.0303121209144592,1655885774.2986936569213867
