UE idx,lambdaBS,lambdaUE,numBlockers,rate_before_handoff,rate_after_handoff,rate_before_handoff_affected,rate_after_handoff_affected,rate_mmW
1,25,250,400,2.714202e+08,271122230.8621418476104736,260077616.8519695401191711,258636669.4502579271793365,536297882.9459524750709534
