UE idx,lambdaBS,lambdaUE,numBlockers,powFactor,rate_before_handoff,rate_after_handoff,rate_mmW
1,25,10,400,1000,387178423.9112740755081177,328192061.6783287525177002,7136985171.3607244491577148
