UE idx,lambdaBS,lambdaUE,numBlockers,rate_before_handoff,rate_after_handoff,rate_before_handoff_affected,rate_after_handoff_affected,rate_mmW
1,25,150,400,2.470447e+08,247839027.7753567993640900,233666629.2057567238807678,231048254.7696068584918976,1971609502.6968336105346680
