UE idx,lambdaBS,lambdaUE,numBlockers,rate_before_handoff,rate_after_handoff,rate_before_handoff_affected,rate_after_handoff_affected,rate_mmW
1,25,200,400,2.724372e+08,273407924.6355113387107849,261777801.2779402434825897,262013930.7058835327625275,2045981679.4472336769104004
