UE idx,lambdaBS,lambdaUE,numBlockers,rate_before_handoff,rate_after_handoff,rate_before_handoff_affected,rate_after_handoff_affected,rate_mmW
1,25,210,400,3.065242e+08,305686655.6503607630729675,287416436.2794097661972046,284612269.9935219287872314,2973757043.0598182678222656
