UE idx,lambdaBS,lambdaUE,numBlockers,powFactor,rate_before_handoff,rate_after_handoff,rate_mmW
1,25,40,400,1000,344783805.6806099414825439,273342686.4212167859077454,8433628037.6942424774169922
