UE idx,lambdaBS,lambdaUE,numBlockers,rate_before_handoff,rate_after_handoff,rate_before_handoff_affected,rate_after_handoff_affected,rate_mmW
1,25,220,400,2.739686e+08,273509177.4349538087844849,245093645.9421548545360565,244083583.5895866155624390,1515972267.6754224300384521
