UE idx,lambdaBS,lambdaUE,numBlockers,rate_before_handoff,rate_after_handoff,rate_before_handoff_affected,rate_after_handoff_affected,rate_mmW
1,25,210,400,2.349480e+08,234724119.8604107797145844,224913964.4355732798576355,224484846.4418658912181854,565160721.6209878921508789
