UE idx,lambdaBS,lambdaUE,numBlockers,powFactor,rate_before_handoff,rate_after_handoff,rate_mmW
1,25,50,400,100000000,326240090.0035728216171265,259438284.6880155205726624,7557796802.6168603897094727
