lambdaBS,lambdaUE,numBlockers,deployRange,minRatereq,powerFac,lower_bound_thresh,mmW_rate_1,mmW_rate_2,users_not_bb,mmW_rate_1_small,mmW_rate_2_small,users_not_bb_small
25,250,400,100.000000,400000000.000000,10.000000,0.100000,4624411360.8372268676757812,7202715649.4403162002563477,7.8571428571428568,0.0000000000000000,0.0000000000000000,38.5714285714285694
