lambdaBS,lambdaUE,numBlockers,deployRange,minRatereq,powerFac,lower_bound_thresh,lb_rate_before_handoff,scs_1,scs_2,mmW_rate_1,mmW_rate_2,users_not_bb
25,1000,400,20.000000,400000000.000000,100.000000,0.100000,0.7578396208519733,53816085.8353479355573654,46183914.1646520644426346,3429077225.6386847496032715,3054758104.4018158912658691,3.6144578313253013
