UE idx,lambdaBS,lambdaUE,numBlockers,rate_before_handoff,rate_after_handoff,rate_before_handoff_affected,rate_after_handoff_affected,rate_mmW
1,25,230,400,2.040223e+08,203145795.1810117065906525,198355920.9708638489246368,197318117.4951209425926208,984599058.5495233535766602
