UE idx,lambdaBS,lambdaUE,numBlockers,powFactor,rate_before_handoff,rate_after_handoff,rate_before_handoff_affected,rate_after_handoff_affected,rate_mmW
1,25,150,400,10,188802982.5562593638896942,187515665.8857635259628296,141281521.7194783687591553,136391557.0388022363185883,1543937660.7968387603759766
