UE idx,lambdaBS,lambdaUE,numBlockers,powFactor,rate_before_handoff,rate_after_handoff,rate_before_handoff_affected,rate_after_handoff_affected,rate_mmW
1,25,150,400,1000,156705904.3366680443286896,284261544.6000794172286987,153634672.1910234987735748,122367021.4586697816848755,3295157983.1789407730102539
