UE idx,lambdaBS,lambdaUE,numBlockers,rate_before_handoff,rate_after_handoff,rate_before_handoff_affected,rate_after_handoff_affected,rate_mmW
1,25,200,400,2.749435e+08,274514063.3504867553710938,289926916.6763725876808167,286447389.4633530974388123,1350240757.8486289978027344
