UE idx,lambdaBS,lambdaUE,numBlockers,powFactor,rate_before_handoff,rate_after_handoff,rate_mmW
1,25,10,400,1000,383157522.2113622426986694,288361613.1188441514968872,8755159745.9924697875976562
