UE idx,lambdaBS,lambdaUE,numBlockers,rate_before_handoff,rate_after_handoff,rate_before_handoff_affected,rate_after_handoff_affected,rate_mmW
1,25,240,400,2.251967e+08,224341164.8137463629245758,209873125.4853535890579224,208872902.7673027515411377,380933669.5056310296058655
