UE idx,lambdaBS,lambdaUE,numBlockers,powFactor,rate_before_handoff,rate_after_handoff,rate_mmW
1,25,10,400,1000,388757618.4165772795677185,344263964.7143742442131042,9625582635.9766979217529297
