UE idx,lambdaBS,lambdaUE,numBlockers,powFactor,rate_before_handoff,rate_after_handoff,rate_mmW
1,25,40,400,1000,342075489.8057709336280823,283539503.9615740776062012,7649406482.3603763580322266
