UE idx,lambdaBS,lambdaUE,numBlockers,rate_before_handoff,rate_after_handoff,rate_before_handoff_affected,rate_after_handoff_affected,rate_mmW
1,25,220,400,2.933053e+08,293328578.4455769658088684,288602105.3996066451072693,287409379.9492033123970032,1212404069.4544897079467773
