UE idx,lambdaBS,lambdaUE,numBlockers,rate_before_handoff,rate_after_handoff,rate_before_handoff_affected,rate_after_handoff_affected,rate_mmW
1,25,220,400,2.195535e+08,219161197.0580213367938995,206669172.4812353253364563,206133763.0360033214092255,525419917.7325538992881775
