UE idx,lambdaBS,lambdaUE,numBlockers,rate_before_handoff,rate_after_handoff,rate_before_handoff_affected,rate_after_handoff_affected,rate_mmW
1,25,250,400,2.534736e+08,253014414.8210964202880859,238710540.7946683466434479,237102549.4548471868038177,1945464220.5270264148712158
