UE idx,lambdaBS,lambdaUE,numBlockers,rate_before_handoff,rate_after_handoff,rate_before_handoff_affected,rate_after_handoff_affected,rate_mmW
1,25,210,400,2.967491e+08,295419499.2793219685554504,276144049.2421233654022217,273327781.4401209950447083,1972892699.6464893817901611
