UE idx,lambdaBS,lambdaUE,numBlockers,rate_before_handoff,rate_after_handoff,rate_before_handoff_affected,rate_after_handoff_affected,rate_mmW
1,25,220,400,2.691658e+08,268797735.9020320177078247,276894368.9054009914398193,276116573.5577998161315918,569694096.0635399818420410
