UE idx,lambdaBS,lambdaUE,numBlockers,rate_before_handoff,rate_after_handoff,rate_before_handoff_affected,rate_after_handoff_affected,rate_mmW
1,25,240,400,2.525330e+08,252217822.3923154771327972,227537961.0915083885192871,227009738.9996555745601654,161362602.5422819256782532
