UE idx,lambdaBS,lambdaUE,numBlockers,rate_before_handoff,rate_after_handoff,rate_before_handoff_affected,rate_after_handoff_affected,rate_mmW
1,25,220,400,2.847795e+08,284128487.2841672897338867,284209427.3058605194091797,283111317.7042539119720459,818144389.3008761405944824
