lambdaBS,lambdaUE,numBlockers,deployRange,minRatereq,powerFac,lower_bound_thresh,lb_rate_before_handoff,scs_1,scs_2,mmW_rate_1,mmW_rate_2,users_not_bb
25,1000,400,100.000000,400000000.000000,1.000000,0.100000,0.3179861778186656,-10067677.2811145782470703,110067677.2811145782470703,-212509848.5413900613784790,-263837198.3051670491695404,13.0148270181219115
