UE idx,lambdaBS,lambdaUE,numBlockers,rate_before_handoff,rate_after_handoff,rate_before_handoff_affected,rate_after_handoff_affected,rate_mmW
1,25,250,400,2.962085e+08,295954260.9750245809555054,292749824.3630449175834656,292074944.3378001451492310,1850173358.1033287048339844
