UE idx,lambdaBS,lambdaUE,numBlockers,rate_before_handoff,rate_after_handoff,rate_before_handoff_affected,rate_after_handoff_affected,rate_mmW
1,25,200,400,2.671586e+08,266981121.4920158386230469,247499755.8043209314346313,246497801.8977366685867310,2695606593.9770717620849609
