UE idx,lambdaBS,lambdaUE,numBlockers,powFactor,rate_before_handoff,rate_after_handoff,rate_before_handoff_affected,rate_after_handoff_affected,rate_mmW
1,25,150,400,10,190600485.3720620870590210,221077466.4290089607238770,104228069.8344834446907043,45807143.9509134963154793,2767058389.3782596588134766
