UE idx,lambdaBS,lambdaUE,numBlockers,rate_before_handoff,rate_after_handoff,rate_before_handoff_affected,rate_after_handoff_affected,rate_mmW
1,25,200,400,3.019789e+08,301683733.5584859848022461,267573229.1367577016353607,267226367.8573425412178040,153675671.0764599740505219
