UE idx,lambdaBS,lambdaUE,numBlockers,rate_before_handoff,rate_after_handoff,rate_before_handoff_affected,rate_after_handoff_affected,rate_mmW
1,25,220,400,2.392926e+08,238413973.6451984941959381,237192072.5430487990379333,235954214.1832012832164764,1028742072.1715229749679565
