UE idx,lambdaBS,lambdaUE,numBlockers,rate_before_handoff,rate_after_handoff,rate_before_handoff_affected,rate_after_handoff_affected,rate_mmW
1,25,220,400,2.493849e+08,249033395.1093369424343109,219471419.6575635671615601,218944422.0522371828556061,196939759.7203180491924286
