UE idx,lambdaBS,lambdaUE,numBlockers,rate_before_handoff,rate_after_handoff,rate_before_handoff_affected,rate_after_handoff_affected,rate_mmW
1,25,250,400,2.372634e+08,236896758.7735209763050079,223522956.1384852230548859,222970436.5238771140575409,663313503.2735619544982910
