UE idx,lambdaBS,lambdaUE,numBlockers,rate_before_handoff,rate_after_handoff,rate_before_handoff_affected,rate_after_handoff_affected,rate_mmW
1,25,230,400,2.518550e+08,252036621.6473970711231232,254604371.9710020124912262,250447724.6223426461219788,1488975407.2597200870513916
