UE idx,lambdaBS,lambdaUE,numBlockers,rate_before_handoff,rate_after_handoff,rate_before_handoff_affected,rate_after_handoff_affected,rate_mmW
1,25,210,400,2.383670e+08,237152711.9578023254871368,226350544.2872939407825470,224992852.1774444282054901,729302067.9156221151351929
