UE idx,lambdaBS,lambdaUE,numBlockers,rate_before_handoff,rate_after_handoff,rate_before_handoff_affected,rate_after_handoff_affected,rate_mmW
1,25,250,400,2.800095e+08,279837312.9956703782081604,245808351.8361032307147980,245574168.9890530407428741,228126079.7963851392269135
