lambdaBS,lambdaUE,numBlockers,deployRange,minRatereq,powerFac,lower_bound_thresh,lb_rate_before_handoff,scs_1,scs_2,mmW_rate_1,mmW_rate_2,users_not_bb
25,1000,400,60.000000,400000000.000000,100.000000,0.100000,0.4954728156552157,29360403.0450876951217651,70639596.9549123048782349,1455480002.1608345508575439,2032789148.6770353317260742,6.0260586319218241
