UE idx,lambdaBS,lambdaUE,numBlockers,rate_before_handoff,rate_after_handoff,rate_before_handoff_affected,rate_after_handoff_affected,rate_mmW
1,25,230,400,2.640736e+08,263962758.0011160373687744,252918150.7068027257919312,252351021.5942871868610382,1468526705.5812108516693115
