UE idx,lambdaBS,lambdaUE,numBlockers,rate_before_handoff,rate_after_handoff,rate_before_handoff_affected,rate_after_handoff_affected,rate_mmW
1,25,220,400,2.408258e+08,240501697.7416317462921143,253465953.5483555495738983,252664288.2911432385444641,741656775.2698467969894409
