UE idx,lambdaBS,lambdaUE,numBlockers,rate_before_handoff,rate_after_handoff,rate_before_handoff_affected,rate_after_handoff_affected,rate_mmW
1,25,240,400,2.602688e+08,260079247.4650234580039978,220042965.1810828447341919,219438338.6807923018932343,1817609766.5884852409362793
