UE idx,lambdaBS,lambdaUE,numBlockers,rate_before_handoff,rate_after_handoff,rate_before_handoff_affected,rate_after_handoff_affected,rate_mmW
1,25,210,400,2.527708e+08,251601344.6553665697574615,256697119.8577001690864563,255149691.8760785162448883,1044789719.1200016736984253
