UE idx,lambdaBS,lambdaUE,numBlockers,rate_before_handoff,rate_after_handoff,rate_before_handoff_affected,rate_after_handoff_affected,rate_mmW
1,25,240,400,2.749056e+08,274316963.5306147933006287,257275270.5723999738693237,256475044.3735192716121674,393179800.7600454092025757
