UE idx,lambdaBS,lambdaUE,numBlockers,rate_before_handoff,rate_after_handoff,rate_before_handoff_affected,rate_after_handoff_affected,rate_mmW
1,25,200,400,2.750842e+08,274540456.7299264073371887,252593238.6254125833511353,251851285.8787039220333099,1232009846.6415021419525146
