UE idx,lambdaBS,lambdaUE,numBlockers,rate_before_handoff,rate_after_handoff,rate_before_handoff_affected,rate_after_handoff_affected,rate_mmW
1,25,200,400,2.068383e+08,206188443.6449570953845978,191992192.1066516935825348,191238913.7701664268970490,307653003.9943606853485107
