lambdaBS,lambdaUE,numBlockers,deployRange,minRatereq,powerFac,lower_bound_thresh,lb_rate_before_handoff,scs_1,scs_2,mmW_rate_1,mmW_rate_2,users_not_bb
25,1000,400,60.000000,400000000.000000,100.000000,0.100000,0.5883159123636933,40508153.4181533157825470,59491846.5818466842174530,2136465040.5910055637359619,1126391843.3799531459808350,6.2271062271062272
