UE idx,lambdaBS,lambdaUE,numBlockers,powFactor,rate_before_handoff,rate_after_handoff,rate_mmW
1,25,40,400,1000,328817995.4526339769363403,259339950.8437443375587463,7009373743.1433010101318359
