UE idx,lambdaBS,lambdaUE,numBlockers,rate_before_handoff,rate_after_handoff,rate_before_handoff_affected,rate_after_handoff_affected,rate_mmW
1,25,200,400,2.644863e+08,264222404.6243221163749695,243536136.5262488424777985,243056325.0964463949203491,276110530.1814561486244202
