UE idx,lambdaBS,lambdaUE,numBlockers,powFactor,rate_before_handoff,rate_after_handoff,rate_mmW
1,25,50,400,10000000000,326240090.0035728216171265,259310628.7150360643863678,7557749272.1583118438720703
