lambdaBS,lambdaUE,numBlockers,deployRange,minRatereq,powerFac,lower_bound_thresh,lb_rate_before_handoff,scs_1,scs_2,mmW_rate_1,mmW_rate_2,users_not_bb
25,1000,400,20.000000,400000000.000000,100.000000,0.100000,0.5969260398007281,41366270.4148673862218857,58633729.5851326137781143,2258332890.4081153869628906,3241127470.0371651649475098,4.8252911813643928
