UE idx,lambdaBS,lambdaUE,numBlockers,rate_before_handoff,rate_after_handoff,rate_before_handoff_affected,rate_after_handoff_affected,rate_mmW
1,25,210,400,2.990717e+08,298598771.4801293611526489,272871533.8118942975997925,272126163.3979462385177612,473114007.9290350675582886
