UE idx,lambdaBS,lambdaUE,numBlockers,rate_before_handoff,rate_after_handoff,rate_before_handoff_affected,rate_after_handoff_affected,rate_mmW
1,25,210,400,2.821330e+08,281594827.2227250933647156,287764925.9896970391273499,286667513.8701304197311401,1791843666.9765057563781738
