UE idx,lambdaBS,lambdaUE,numBlockers,rate_before_handoff,rate_after_handoff,rate_before_handoff_affected,rate_after_handoff_affected,rate_mmW
1,25,240,400,2.205165e+08,220023346.5719355940818787,214236680.8052153587341309,213646723.7294525802135468,598797418.1154839992523193
