UE idx,lambdaBS,lambdaUE,numBlockers,rate_before_handoff,rate_after_handoff,rate_before_handoff_affected,rate_after_handoff_affected,rate_mmW
1,25,220,400,2.630284e+08,262223981.8932441771030426,234956184.5185176134109497,233725289.3171714246273041,1444571459.1715679168701172
