UE idx,lambdaBS,lambdaUE,numBlockers,rate_before_handoff,rate_after_handoff,rate_before_handoff_affected,rate_after_handoff_affected,rate_mmW
1,25,230,400,2.635011e+08,262822953.8126160502433777,241250724.3952334523200989,240317621.2154749333858490,386365682.6538746356964111
