UE idx,lambdaBS,lambdaUE,numBlockers,rate_before_handoff,rate_after_handoff,rate_before_handoff_affected,rate_after_handoff_affected,rate_mmW
1,25,230,400,2.516665e+08,251372071.5319202542304993,238132493.0420736968517303,237214663.1450398564338684,1682787062.1315603256225586
