UE idx,lambdaBS,lambdaUE,numBlockers,rate_before_handoff,rate_after_handoff,rate_before_handoff_affected,rate_after_handoff_affected,rate_mmW
1,25,240,400,2.814228e+08,281169871.8597193956375122,279812712.1812663078308105,279209632.8168463706970215,284615007.4603891372680664
