UE idx,lambdaBS,lambdaUE,numBlockers,rate_before_handoff,rate_after_handoff,rate_before_handoff_affected,rate_after_handoff_affected,rate_mmW
1,25,250,400,2.764631e+08,275958782.3693839907646179,262825512.8945728838443756,261933290.7156020104885101,795240375.9706313610076904
