UE idx,lambdaBS,lambdaUE,numBlockers,rate_before_handoff,rate_after_handoff,rate_before_handoff_affected,rate_after_handoff_affected,rate_mmW
1,25,230,400,2.034423e+08,202806503.6796310842037201,192480078.8540264368057251,191702449.0396226942539215,1937565477.2836332321166992
