UE idx,lambdaBS,lambdaUE,numBlockers,rate_before_handoff,rate_after_handoff,rate_before_handoff_affected,rate_after_handoff_affected,rate_mmW
1,25,200,400,2.665993e+08,266238206.7533483803272247,237537458.2948341369628906,236666890.1770034730434418,304764127.4159901142120361
