lambdaBS,lambdaUE,numBlockers,deployRange,minRatereq,powerFac,lower_bound_thresh,lb_rate_before_handoff,scs_1,scs_2,mmW_rate_1,mmW_rate_2,users_not_bb
25,1000,400,20.000000,400000000.000000,1.000000,0.100000,0.4905311356562538,28648769.7601998597383499,71351230.2398001402616501,434085518.0366123914718628,406503595.2295479178428650,7.2697899838449107
