UE idx,lambdaBS,lambdaUE,numBlockers,rate_before_handoff,rate_after_handoff,rate_before_handoff_affected,rate_after_handoff_affected,rate_mmW
1,25,220,400,2.343024e+08,233427608.1492638587951660,229425244.1780617833137512,228269982.0942751169204712,451704558.2845543026924133
