lambdaBS,lambdaUE,numBlockers,deployRange,minRatereq,powerFac,lower_bound_thresh,lb_rate_before_handoff,scs_1,scs_2,mmW_rate_1,mmW_rate_2,users_not_bb
25,1000,400,20.000000,400000000.000000,100.000000,0.100000,0.4660446157862750,24899894.0993006378412247,75100105.9006993621587753,2156369361.8560166358947754,1794817880.6841855049133301,8.0314960629921259
