UE idx,lambdaBS,lambdaUE,numBlockers,rate_before_handoff,rate_after_handoff,rate_before_handoff_affected,rate_after_handoff_affected,rate_mmW
1,25,200,400,2.591320e+08,258515900.9330134093761444,253819191.8962590694427490,252908903.9337705373764038,1462899942.6431374549865723
