UE idx,lambdaBS,lambdaUE,numBlockers,rate_before_handoff,rate_after_handoff,rate_before_handoff_affected,rate_after_handoff_affected,rate_mmW
1,25,230,400,2.701619e+08,270085779.3132277727127075,270916130.6185455322265625,270336406.6795511245727539,2105615693.3235247135162354
