UE idx,lambdaBS,lambdaUE,numBlockers,rate_before_handoff,rate_after_handoff,rate_before_handoff_affected,rate_after_handoff_affected,rate_mmW
1,25,200,400,2.580451e+08,257571238.5542349815368652,251868242.9163826406002045,251129885.4339050650596619,1253986113.7160427570343018
