UE idx,lambdaBS,lambdaUE,numBlockers,powFactor,rate_before_handoff,rate_after_handoff,rate_mmW
1,25,50,400,10000000,326240090.0035728216171265,259747054.4633336961269379,7557892392.0792274475097656
