lambdaBS,lambdaUE,numBlockers,deployRange,minRatereq,powerFac,lower_bound_thresh,lb_rate_before_handoff,scs_1,scs_2,mmW_rate_1,mmW_rate_2,users_not_bb
25,1000,400,40.000000,400000000.000000,1.000000,0.100000,0.5197336204704370,32657810.4215776175260544,67342189.5784223824739456,1940971567.3498690128326416,1420768116.5428922176361084,6.5255731922398592
