lambdaBS,lambdaUE,numBlockers,deployRange,minRatereq,powerFac,lower_bound_thresh,lb_rate_before_handoff,scs_1,scs_2,mmW_rate_1,mmW_rate_2,users_not_bb
25,1000,400,80.000000,400000000.000000,10.000000,0.100000,0.5344900410068425,34517021.2450189813971519,65482978.7549810186028481,1675778488.6148741245269775,1305978770.3894343376159668,5.9523809523809526
