UE idx,lambdaBS,lambdaUE,numBlockers,powFactor,rate_before_handoff,rate_after_handoff,rate_mmW
1,25,40,400,1000,320987555.0212623476982117,262170173.5071959495544434,10172313130.9995498657226562
