UE idx,lambdaBS,lambdaUE,numBlockers,rate_before_handoff,rate_after_handoff,rate_before_handoff_affected,rate_after_handoff_affected,rate_mmW
1,25,230,400,2.782331e+08,277508942.6583384871482849,257398932.3409402668476105,256223325.6979134976863861,1138407692.4818453788757324
