UE idx,lambdaBS,lambdaUE,numBlockers,powFactor,rate_before_handoff,rate_after_handoff,rate_mmW
1,25,50,400,9,32476749.4958838559687138,32225513.0756595097482204,9707392.7404998149722815
