UE idx,lambdaBS,lambdaUE,numBlockers,powFactor,rate_before_handoff,rate_after_handoff,rate_mmW
1,25,50,400,10,30671720.1656270623207092,29660608.3448915816843510,128404436.1794557422399521
