UE idx,lambdaBS,lambdaUE,numBlockers,rate_before_handoff,rate_after_handoff,rate_before_handoff_affected,rate_after_handoff_affected,rate_mmW
1,25,150,400,2.713150e+08,271236866.3915189504623413,263648653.2384338676929474,262022217.3162667751312256,880094188.7365736961364746
