UE idx,lambdaBS,lambdaUE,numBlockers,rate_before_handoff,rate_after_handoff,rate_before_handoff_affected,rate_after_handoff_affected,rate_mmW
1,25,210,400,2.716980e+08,271033921.3336268067359924,246630208.8582313060760498,245698599.4140331447124481,1540702392.5023999214172363
