UE idx,lambdaBS,lambdaUE,numBlockers,rate_before_handoff,rate_after_handoff,rate_before_handoff_affected,rate_after_handoff_affected,rate_mmW
1,25,220,400,2.997284e+08,299261031.7000775337219238,263379208.0740525722503662,262591896.2202256917953491,596870049.6601899862289429
