UE idx,lambdaBS,lambdaUE,numBlockers,rate_before_handoff,rate_after_handoff,rate_before_handoff_affected,rate_after_handoff_affected,rate_mmW
1,25,210,400,2.260322e+08,225359086.2053638696670532,207093828.2579883635044098,206269607.2845667302608490,488026598.6496230959892273
