UE idx,lambdaBS,lambdaUE,numBlockers,rate_before_handoff,rate_after_handoff,rate_before_handoff_affected,rate_after_handoff_affected,rate_mmW
1,25,200,400,2.623279e+08,261532606.2117694020271301,244165895.8618126511573792,243086214.6122921705245972,447650884.3987676501274109
