UE idx,lambdaBS,lambdaUE,numBlockers,powFactor,rate_before_handoff,rate_after_handoff,rate_before_handoff_affected,rate_after_handoff_affected,rate_mmW
1,25,150,400,10000,172038860.2251836061477661,250902163.1559842228889465,276447614.8601542711257935,45072842.6346503049135208,3242061159.7473044395446777
