UE idx,lambdaBS,lambdaUE,numBlockers,rate_before_handoff,rate_after_handoff,rate_before_handoff_affected,rate_after_handoff_affected,rate_mmW
1,25,250,400,2.666445e+08,266114288.5239267647266388,276527179.6501209735870361,275662695.3762019276618958,625390970.4092980623245239
