UE idx,lambdaBS,lambdaUE,numBlockers,rate_before_handoff,rate_after_handoff,rate_before_handoff_affected,rate_after_handoff_affected,rate_mmW
1,25,250,400,2.673612e+08,267030624.8878923058509827,261431612.2837921082973480,260815295.8638235926628113,1081823878.5038909912109375
