UE idx,lambdaBS,lambdaUE,numBlockers,rate_before_handoff,rate_after_handoff,rate_before_handoff_affected,rate_after_handoff_affected,rate_mmW
1,25,220,400,2.713403e+08,269040662.3548758625984192,268947271.7141051292419434,258528820.6943686902523041,2033571749.7046754360198975
