UE idx,lambdaBS,lambdaUE,numBlockers,powFactor,rate_before_handoff,rate_after_handoff,rate_before_handoff_affected,rate_after_handoff_affected,rate_mmW
1,25,150,400,10,188575453.4599466919898987,292072091.7089973688125610,137237960.6361185908317566,161835336.7676517069339752,1026808366.2534841299057007
