UE idx,lambdaBS,lambdaUE,numBlockers,rate_before_handoff,rate_after_handoff,rate_before_handoff_affected,rate_after_handoff_affected,rate_mmW
1,25,200,400,2.822702e+08,281471919.6618196368217468,265979353.8633224964141846,264945247.4450242817401886,299390488.3188155293464661
