UE idx,lambdaBS,lambdaUE,numBlockers,rate_before_handoff,rate_after_handoff,rate_before_handoff_affected,rate_after_handoff_affected,rate_mmW
1,25,230,400,2.829288e+08,282753435.0462841987609863,274771386.3996573090553284,273790492.1040436029434204,2912987832.5707402229309082
