UE idx,lambdaBS,lambdaUE,numBlockers,rate_before_handoff,rate_after_handoff,rate_before_handoff_affected,rate_after_handoff_affected,rate_mmW
1,25,230,400,1.913515e+08,190524575.1204523146152496,166935511.5600833296775818,165946371.0129507780075073,268435202.0699154734611511
