UE idx,lambdaBS,lambdaUE,numBlockers,rate_before_handoff,rate_after_handoff,rate_before_handoff_affected,rate_after_handoff_affected,rate_mmW
1,25,240,400,2.646789e+08,264347801.2158029675483704,255367187.1886228322982788,254787339.2282033860683441,1056173512.4922275543212891
