UE idx,lambdaBS,lambdaUE,numBlockers,rate_before_handoff,rate_after_handoff,rate_before_handoff_affected,rate_after_handoff_affected,rate_mmW
1,25,200,400,2.816240e+08,281223539.9005668759346008,288300434.2216042876243591,287625525.9687005281448364,530469170.8414932489395142
