lambdaBS,lambdaUE,numBlockers,deployRange,minRatereq,powerFac,lower_bound_thresh,lb_rate_before_handoff,scs_1,scs_2,mmW_rate_1,mmW_rate_2,users_not_bb
25,1000,400,40.000000,400000000.000000,100.000000,0.100000,0.7357425262744232,52429010.4892680644989014,47570989.5107319355010986,1444384528.0024368762969971,1889721362.5908246040344238,3.6789297658862878
