UE idx,lambdaBS,lambdaUE,numBlockers,powFactor,rate_before_handoff,rate_after_handoff,rate_mmW
1,25,30,400,1000,363740196.1321926116943359,292480112.7299905419349670,7617427251.1837635040283203
