UE idx,lambdaBS,lambdaUE,numBlockers,rate_before_handoff,rate_after_handoff,rate_before_handoff_affected,rate_after_handoff_affected,rate_mmW
1,25,230,400,2.447777e+08,244343070.6027109324932098,234762536.3518422544002533,234150286.8646777868270874,1613909506.3820428848266602
