UE idx,lambdaBS,lambdaUE,numBlockers,rate_before_handoff,rate_after_handoff,rate_before_handoff_affected,rate_after_handoff_affected,rate_mmW
1,25,230,400,2.663064e+08,265850881.3845592737197876,265423497.3319693207740784,264426774.8484091460704803,807539761.1096941232681274
