UE idx,lambdaBS,lambdaUE,numBlockers,rate_before_handoff,rate_after_handoff,rate_before_handoff_affected,rate_after_handoff_affected,rate_mmW
1,25,250,400,2.498565e+08,249395984.3875694870948792,231558238.9132597446441650,230993296.4734321236610413,525980463.7431186437606812
