UE idx,lambdaBS,lambdaUE,numBlockers,rate_before_handoff,rate_after_handoff,rate_before_handoff_affected,rate_after_handoff_affected,rate_mmW
1,25,210,400,2.551841e+08,254759494.7402679622173309,234362835.2886157929897308,233668053.0696261227130890,454789921.5344960093498230
