lambdaBS,lambdaUE,numBlockers,deployRange,minRatereq,powerFac,lower_bound_thresh,mmW_rate_1,mmW_rate_2,users_not_bb,mmW_rate_1_small,mmW_rate_2_small,users_not_bb_small
25,250,400,100.000000,100000000.000000,10.000000,0.100000,840018645.2115943431854248,595747254.3278901576995850,8.2191780821917817,292890755.5758032202720642,127631123.8830584734678268,0.6849315068493150
