lambdaBS,lambdaUE,numBlockers,deployRange,minRatereq,powerFac,lower_bound_thresh,mmW_rate_1,mmW_rate_2,users_not_bb,mmW_rate_1_small,mmW_rate_2_small,users_not_bb_small
25,250,400,100.000000,400000000.000000,10.000000,0.100000,7375068672.8377189636230469,4217948748.5155935287475586,5.1948051948051948,0.0000000000000000,0.0000000000000000,13.6363636363636367
