UE idx,lambdaBS,lambdaUE,numBlockers,powFactor,rate_before_handoff,rate_after_handoff,rate_mmW
1,25,30,400,1000,341366572.3837868571281433,292224726.5288544297218323,7903958644.4091625213623047
