UE idx,lambdaBS,lambdaUE,numBlockers,rate_before_handoff,rate_after_handoff,rate_before_handoff_affected,rate_after_handoff_affected,rate_mmW
1,25,200,400,2.799951e+08,279573232.3899481296539307,263787980.6711565852165222,263269640.7973603010177612,715733775.2299801111221313
