UE idx,lambdaBS,lambdaUE,numBlockers,rate_before_handoff,rate_after_handoff,rate_before_handoff_affected,rate_after_handoff_affected,rate_mmW
1,25,200,400,2.864088e+08,285654844.1030932068824768,283524483.3666672706604004,282242670.1484203338623047,437563795.9008137583732605
