UE idx,lambdaBS,lambdaUE,numBlockers,rate_before_handoff,rate_after_handoff,rate_before_handoff_affected,rate_after_handoff_affected,rate_mmW
1,25,240,400,2.559444e+08,255342135.9963716566562653,232190276.2458993792533875,231055673.4947377443313599,1276245627.3962039947509766
