UE idx,lambdaBS,lambdaUE,numBlockers,rate_before_handoff,rate_after_handoff,rate_before_handoff_affected,rate_after_handoff_affected,rate_mmW
1,25,240,400,2.312604e+08,230953325.6774370372295380,226210692.0330637991428375,225680020.6281147897243500,370953936.4398118257522583
