lambdaBS,lambdaUE,numBlockers,deployRange,minRatereq,powerFac,lower_bound_thresh,lb_rate_before_handoff,scs_1,scs_2,mmW_rate_1,mmW_rate_2,users_not_bb
25,1000,400,40.000000,400000000.000000,100.000000,0.100000,0.8606401239614117,59332595.5581763163208961,40667404.4418236836791039,3255323925.7920684814453125,3755161265.5613842010498047,2.5951557093425603
