UE idx,lambdaBS,lambdaUE,numBlockers,rate_before_handoff,rate_after_handoff,rate_before_handoff_affected,rate_after_handoff_affected,rate_mmW
1,25,200,400,2.557065e+08,255279628.6328214704990387,237555276.1179930865764618,236950241.6997159421443939,307813720.8209238648414612
