UE idx,lambdaBS,lambdaUE,numBlockers,powFactor,rate_before_handoff,rate_after_handoff,rate_before_handoff_affected,rate_after_handoff_affected,rate_mmW
1,25,150,400,10000,164004006.4443310201168060,270427773.0685366988182068,273328754.3856053352355957,135060565.7784082889556885,2511651449.7093076705932617
