UE idx,lambdaBS,lambdaUE,numBlockers,rate_before_handoff,rate_after_handoff,rate_before_handoff_affected,rate_after_handoff_affected,rate_mmW
1,25,230,400,2.819681e+08,281752137.1618291735649109,258969039.7178747057914734,258419069.1901755928993225,384730290.5774782896041870
