UE idx,lambdaBS,lambdaUE,numBlockers,rate_before_handoff,rate_after_handoff,rate_before_handoff_affected,rate_after_handoff_affected,rate_mmW
1,25,200,400,2.885850e+08,288122526.5494049191474915,301699199.0456618070602417,300416338.5516405701637268,1170147156.2160620689392090
