UE idx,lambdaBS,lambdaUE,numBlockers,rate_before_handoff,rate_after_handoff,rate_before_handoff_affected,rate_after_handoff_affected,rate_mmW
1,25,220,400,2.676809e+08,266466997.0796254873275757,268196058.3206126391887665,264924574.1893076300621033,2825246248.0696425437927246
