UE idx,lambdaBS,lambdaUE,numBlockers,rate_before_handoff,rate_after_handoff,rate_before_handoff_affected,rate_after_handoff_affected,rate_mmW
1,25,230,400,3.053265e+08,304942172.1936481595039368,284257125.1515867114067078,283410028.0089751482009888,872705327.9510508775711060
