UE idx,lambdaBS,lambdaUE,numBlockers,rate_before_handoff,rate_after_handoff,rate_before_handoff_affected,rate_after_handoff_affected,rate_mmW
1,25,250,400,2.626866e+08,262359517.8244059681892395,262897513.0759770274162292,262194597.7081053853034973,348587616.4963074326515198
