UE idx,lambdaBS,lambdaUE,numBlockers,powFactor,rate_before_handoff,rate_after_handoff,rate_mmW
1,25,10,400,1000,385727282.1647853851318359,329172005.4590661525726318,8797496188.1199760437011719
