UE idx,lambdaBS,lambdaUE,numBlockers,powFactor,rate_before_handoff,rate_after_handoff,rate_mmW
1,25,40,400,1000,324332658.7816256284713745,286771909.7058159112930298,10153271460.9753017425537109
