UE idx,lambdaBS,lambdaUE,numBlockers,powFactor,rate_before_handoff,rate_after_handoff,rate_before_handoff_affected,rate_after_handoff_affected,rate_mmW
1,25,150,400,1000,185537237.5888885557651520,289581105.8670039772987366,203170680.3846819996833801,118568536.6687392294406891,1211902119.8107476234436035
