UE idx,lambdaBS,lambdaUE,numBlockers,rate_before_handoff,rate_after_handoff,rate_before_handoff_affected,rate_after_handoff_affected,rate_mmW
1,25,240,400,2.772608e+08,276917144.5126408934593201,273549859.2116532921791077,272241972.8019220232963562,1575927488.0234138965606689
