UE idx,lambdaBS,lambdaUE,numBlockers,rate_before_handoff,rate_after_handoff,rate_before_handoff_affected,rate_after_handoff_affected,rate_mmW
1,25,250,400,2.533449e+08,253140162.9840385317802429,233738388.1783745884895325,233318598.7376021742820740,156110927.2119411230087280
