UE idx,lambdaBS,lambdaUE,numBlockers,powFactor,rate_before_handoff,rate_after_handoff,rate_mmW
1,25,50,400,1000,296734729.9219635128974915,250432464.4254050850868225,6117013155.8529100418090820
