UE idx,lambdaBS,lambdaUE,numBlockers,rate_before_handoff,rate_after_handoff,rate_before_handoff_affected,rate_after_handoff_affected,rate_mmW
1,25,220,400,2.760519e+08,275500013.5259047150611877,265528382.8381337225437164,264737097.5609107017517090,701098081.9945945739746094
