UE idx,lambdaBS,lambdaUE,numBlockers,powFactor,rate_before_handoff,rate_after_handoff,rate_before_handoff_affected,rate_after_handoff_affected,rate_mmW
1,25,150,400,1,191534402.3505311608314514,295345454.2163821458816528,170283772.1927594840526581,190055244.3325065374374390,125651262.7747932970523834
