UE idx,lambdaBS,lambdaUE,numBlockers,rate_before_handoff,rate_after_handoff,rate_before_handoff_affected,rate_after_handoff_affected,rate_mmW
1,25,230,400,2.588499e+08,258298595.9579048752784729,229706376.5905799269676208,228599779.4274530708789825,415013191.4066119194030762
