UE idx,lambdaBS,lambdaUE,numBlockers,rate_before_handoff,rate_after_handoff,rate_before_handoff_affected,rate_after_handoff_affected,rate_mmW
1,25,240,400,2.102927e+08,209645776.0123326778411865,198515767.1578687131404877,197534732.8806673288345337,810719162.7309091091156006
