UE idx,lambdaBS,lambdaUE,numBlockers,rate_before_handoff,rate_after_handoff,rate_before_handoff_affected,rate_after_handoff_affected,rate_mmW
1,25,210,400,2.814691e+08,281030567.2408847808837891,276997632.0643473267555237,275541490.5814713239669800,632464186.8439180850982666
