UE idx,lambdaBS,lambdaUE,numBlockers,rate_before_handoff,rate_after_handoff,rate_before_handoff_affected,rate_after_handoff_affected,rate_mmW
1,25,230,400,2.910405e+08,290713129.9786697030067444,297445615.7668532729148865,296649507.4840802550315857,382318209.6787632703781128
