UE idx,lambdaBS,lambdaUE,numBlockers,rate_before_handoff,rate_after_handoff,rate_before_handoff_affected,rate_after_handoff_affected,rate_mmW
1,25,150,400,2.708035e+08,270890768.9438304901123047,243411875.8731575012207031,241687977.2888017594814301,1725987227.8774185180664062
