UE idx,lambdaBS,lambdaUE,numBlockers,rate_before_handoff,rate_after_handoff,rate_before_handoff_affected,rate_after_handoff_affected,rate_mmW
1,25,220,400,2.868117e+08,287028315.3481869101524353,293694667.4784018993377686,292510228.3619675636291504,1616761259.2422282695770264
