UE idx,lambdaBS,lambdaUE,numBlockers,rate_before_handoff,rate_after_handoff,rate_before_handoff_affected,rate_after_handoff_affected,rate_mmW
1,25,240,400,2.638710e+08,263778622.0863755345344543,230470939.1739934384822845,230189230.3214300870895386,472358806.1068271994590759
