UE idx,lambdaBS,lambdaUE,numBlockers,rate_before_handoff,rate_after_handoff,rate_before_handoff_affected,rate_after_handoff_affected,rate_mmW
1,25,230,400,2.767587e+08,276666632.1424901485443115,251570619.4978319406509399,251296960.1048979461193085,141366864.5616460144519806
