UE idx,lambdaBS,lambdaUE,numBlockers,powFactor,rate_before_handoff,rate_after_handoff,rate_before_handoff_affected,rate_after_handoff_affected,rate_mmW
1,25,150,400,1000,187211895.3829523622989655,283061465.2480875253677368,236950954.6386713087558746,78473019.8810729235410690,2164932347.2077522277832031
