UE idx,lambdaBS,lambdaUE,numBlockers,rate_before_handoff,rate_after_handoff,rate_before_handoff_affected,rate_after_handoff_affected,rate_mmW
1,25,250,400,2.532985e+08,252752313.3401145637035370,235086619.3255230188369751,234368860.4940608143806458,559795785.5423824787139893
