UE idx,lambdaBS,lambdaUE,numBlockers,rate_before_handoff,rate_after_handoff,rate_before_handoff_affected,rate_after_handoff_affected,rate_mmW
1,25,210,400,2.631327e+08,262591988.1888717114925385,251678370.6569976210594177,250864000.8149322569370270,724028197.4133707284927368
