lambdaBS,lambdaUE,numBlockers,deployRange,minRatereq,powerFac,lower_bound_thresh,mmW_rate_1,mmW_rate_2,users_not_bb,mmW_rate_1_small,mmW_rate_2_small,users_not_bb_small
25,250,400,100.000000,100000000.000000,10.000000,0.100000,687313026.2291038036346436,678508249.1955373287200928,7.1895424836601309,362080185.1608977913856506,220170816.1759738028049469,7.8431372549019605
