UE idx,lambdaBS,lambdaUE,numBlockers,rate_before_handoff,rate_after_handoff,rate_before_handoff_affected,rate_after_handoff_affected,rate_mmW
1,25,210,400,2.781638e+08,277169040.6980847120285034,260461110.1139451861381531,258305845.9097767770290375,2626892331.7460560798645020
