UE idx,lambdaBS,lambdaUE,numBlockers,rate_before_handoff,rate_after_handoff,rate_before_handoff_affected,rate_after_handoff_affected,rate_mmW
1,25,220,400,2.577265e+08,257009174.3964751958847046,240985331.3855397999286652,240017944.9523795545101166,510529812.3201812505722046
