lambdaBS,lambdaUE,numBlockers,deployRange,minRatereq,powerFac,lower_bound_thresh,lb_rate_before_handoff,scs_1,scs_2,mmW_rate_1,mmW_rate_2,users_not_bb
25,1000,400,60.000000,400000000.000000,100.000000,0.100000,0.6506394910332922,46206769.6745307072997093,53793230.3254692927002907,2415160047.5232648849487305,3614779530.2526297569274902,4.1946308724832218
