lambdaBS,lambdaUE,numBlockers,deployRange,minRatereq,powerFac,lower_bound_thresh,lb_rate_before_handoff,scs_1,scs_2,mmW_rate_1,mmW_rate_2,users_not_bb
25,1000,400,80.000000,400000000.000000,10.000000,0.100000,0.6103999450574088,42660545.2975455150008202,57339454.7024544849991798,1045081980.7321159839630127,2245703167.1719689369201660,6.0176991150442474
