UE idx,lambdaBS,lambdaUE,numBlockers,rate_before_handoff,rate_after_handoff,rate_before_handoff_affected,rate_after_handoff_affected,rate_mmW
1,25,210,400,3.114162e+08,311005037.6877106428146362,309942292.1652870178222656,309058954.2046479582786560,2094943678.4003915786743164
