UE idx,lambdaBS,lambdaUE,numBlockers,rate_before_handoff,rate_after_handoff,rate_before_handoff_affected,rate_after_handoff_affected,rate_mmW
1,25,210,400,2.987184e+08,297922124.9778128266334534,260904403.8087933063507080,258145178.7662903368473053,2483233707.5891618728637695
