UE idx,lambdaBS,lambdaUE,numBlockers,powFactor,rate_before_handoff,rate_after_handoff,rate_mmW
1,25,50,400,10,326240090.0035728216171265,286474070.2787925004959106,6031551800.9503526687622070
