UE idx,lambdaBS,lambdaUE,numBlockers,powFactor,rate_before_handoff,rate_after_handoff,rate_mmW
1,25,50,400,1000,288127257.8590515255928040,235574128.8433849513530731,9125771601.1001911163330078
