UE idx,lambdaBS,lambdaUE,numBlockers,powFactor,rate_before_handoff,rate_after_handoff,rate_mmW
1,25,50,400,60,34043882.1919377073645592,32114298.0189570449292660,594783518.6649478673934937
