lambdaBS,lambdaUE,numBlockers,deployRange,minRatereq,powerFac,lower_bound_thresh,lb_rate_before_handoff,scs_1,scs_2,mmW_rate_1,mmW_rate_2,users_not_bb
25,1000,400,100.000000,400000000.000000,10.000000,0.100000,0.7581582310145886,53835494.2698940038681030,46164505.7301059961318970,2488703812.5557541847229004,934231111.0814621448516846,4.7138047138047137
