UE idx,lambdaBS,lambdaUE,numBlockers,powFactor,rate_before_handoff,rate_after_handoff,rate_before_handoff_affected,rate_after_handoff_affected,rate_mmW
1,25,150,400,1,187679396.2969657778739929,266993896.3085517287254333,94593882.6531409025192261,133340614.2610337138175964,7434623.4911455893889070
