lambdaBS,lambdaUE,numBlockers,deployRange,minRatereq,powerFac,lower_bound_thresh,lb_rate_before_handoff,scs_1,scs_2,mmW_rate_1,mmW_rate_2,users_not_bb
25,1000,400,80.000000,400000000.000000,10.000000,0.100000,0.7677112594870850,54409943.1036301031708717,45590056.8963698968291283,6591402846.2126541137695312,2395166763.4190344810485840,4.9572649572649574
