UE idx,lambdaBS,lambdaUE,numBlockers,rate_before_handoff,rate_after_handoff,rate_before_handoff_affected,rate_after_handoff_affected,rate_mmW
1,25,220,400,2.693380e+08,267956377.6909780204296112,227520612.0876510739326477,224037397.0568552315235138,2892108379.6637353897094727
