UE idx,lambdaBS,lambdaUE,numBlockers,rate_before_handoff,rate_after_handoff,rate_before_handoff_affected,rate_after_handoff_affected,rate_mmW
1,25,200,400,2.807638e+08,279928742.0098568797111511,250180846.3251567184925079,243658538.2551460266113281,1441269145.9553718566894531
