UE idx,lambdaBS,lambdaUE,numBlockers,rate_before_handoff,rate_after_handoff,rate_before_handoff_affected,rate_after_handoff_affected,rate_mmW
1,25,250,400,2.739145e+08,273558031.0513157844543457,245488217.3193122744560242,244922764.8199488222599030,718380397.8006331920623779
