UE idx,lambdaBS,lambdaUE,numBlockers,powFactor,rate_before_handoff,rate_after_handoff,rate_before_handoff_affected,rate_after_handoff_affected,rate_mmW
1,25,150,400,10,183555340.8233465850353241,289783651.7198184132575989,106262263.4600233733654022,148757089.2122421264648438,436018925.6433074474334717
