lambdaBS,lambdaUE,numBlockers,deployRange,minRatereq,powerFac,lower_bound_thresh,lb_rate_before_handoff,scs_1,scs_2,mmW_rate_1,mmW_rate_2,users_not_bb
25,1000,400,100.000000,400000000.000000,1.000000,0.100000,0.6840745329918698,48835984.5133776217699051,51164015.4866223782300949,1465823549.2225081920623779,1218837070.5527706146240234,4.8237476808905377
