UE idx,lambdaBS,lambdaUE,numBlockers,rate_before_handoff,rate_after_handoff,rate_before_handoff_affected,rate_after_handoff_affected,rate_mmW
1,25,220,400,2.761721e+08,275857855.3146529197692871,253698578.4569463431835175,253066827.4289691746234894,773896933.6711051464080811
