UE idx,lambdaBS,lambdaUE,numBlockers,rate_before_handoff,rate_after_handoff,rate_before_handoff_affected,rate_after_handoff_affected,rate_mmW
1,25,250,400,2.517476e+08,249583368.1082670390605927,232439789.9891743659973145,229027662.7972849011421204,2202999561.7843456268310547
