UE idx,lambdaBS,lambdaUE,numBlockers,powFactor,rate_before_handoff,rate_after_handoff,rate_mmW
1,25,30,400,1000,341341539.1720955967903137,269610731.6731823682785034,11181222332.0117168426513672
