UE idx,lambdaBS,lambdaUE,numBlockers,rate_before_handoff,rate_after_handoff,rate_before_handoff_affected,rate_after_handoff_affected,rate_mmW
1,25,250,400,2.330104e+08,232316402.0278611183166504,198469239.3299915194511414,197380462.9417237937450409,829697129.7014491558074951
