lambdaBS,lambdaUE,numBlockers,deployRange,minRatereq,powerFac,lower_bound_thresh,lb_rate_before_handoff,scs_1,scs_2,mmW_rate_1,mmW_rate_2,users_not_bb
25,1000,400,100.000000,400000000.000000,1.000000,0.100000,0.5540405772396191,36827731.6900153309106827,63172268.3099846690893173,860612376.3930075168609619,433045613.6093272566795349,4.2158516020236085
