UE idx,lambdaBS,lambdaUE,numBlockers,rate_before_handoff,rate_after_handoff,rate_before_handoff_affected,rate_after_handoff_affected,rate_mmW
1,25,220,400,2.338917e+08,233404801.9822030365467072,219625485.3290839791297913,219002648.5469354391098022,492533306.5045248270034790
