UE idx,lambdaBS,lambdaUE,numBlockers,rate_before_handoff,rate_after_handoff,rate_before_handoff_affected,rate_after_handoff_affected,rate_mmW
1,25,210,400,2.657509e+08,264724446.9575428962707520,240874138.6205131709575653,239173405.7270848453044891,2920807046.8097410202026367
