lambdaBS,lambdaUE,numBlockers,deployRange,minRatereq,powerFac,lower_bound_thresh,lb_rate_before_handoff,scs_1,scs_2,mmW_rate_1,mmW_rate_2,users_not_bb
25,1000,400,100.000000,400000000.000000,100.000000,0.100000,0.6423220428310329,45510199.4542526006698608,54489800.5457473993301392,2581863008.9063906669616699,2546030713.3708515167236328,3.8260869565217392
