UE idx,lambdaBS,lambdaUE,numBlockers,rate_before_handoff,rate_after_handoff,rate_before_handoff_affected,rate_after_handoff_affected,rate_mmW
1,25,250,400,2.403966e+08,239821252.7955855429172516,211075747.3875167369842529,210040701.2630943655967712,421136530.5838086009025574
