UE idx,lambdaBS,lambdaUE,numBlockers,rate_before_handoff,rate_after_handoff,rate_before_handoff_affected,rate_after_handoff_affected,rate_mmW
1,25,240,400,2.659793e+08,265706159.5144033133983612,247099871.9887997210025787,246702309.9851821362972260,212403291.4839561283588409
