UE idx,lambdaBS,lambdaUE,numBlockers,rate_before_handoff,rate_after_handoff,rate_before_handoff_affected,rate_after_handoff_affected,rate_mmW
1,25,200,400,2.487484e+08,247929807.3963972032070160,240280222.8989424109458923,239319643.3805979192256927,807642272.6559441089630127
