UE idx,lambdaBS,lambdaUE,numBlockers,powFactor,rate_before_handoff,rate_after_handoff,rate_mmW
1,25,50,400,1000,321625842.7194244861602783,268218857.9597878158092499,8343573523.8925600051879883
