UE idx,lambdaBS,lambdaUE,numBlockers,rate_before_handoff,rate_after_handoff,rate_before_handoff_affected,rate_after_handoff_affected,rate_mmW
1,25,220,400,2.174938e+08,217286092.9550219774246216,208182141.5369627177715302,207871124.0596810281276703,824657878.9362344741821289
