UE idx,lambdaBS,lambdaUE,numBlockers,rate_before_handoff,rate_after_handoff,rate_before_handoff_affected,rate_after_handoff_affected,rate_mmW
1,25,240,400,2.651338e+08,264719084.4492048323154449,227876343.5781273841857910,227238594.1935608685016632,245524596.2634429335594177
