UE idx,lambdaBS,lambdaUE,numBlockers,rate_before_handoff,rate_after_handoff,rate_before_handoff_affected,rate_after_handoff_affected,rate_mmW
1,25,250,400,2.482005e+08,248553372.2587499022483826,225570989.5719889700412750,225475480.7691804170608521,2320117719.5970635414123535
