UE idx,lambdaBS,lambdaUE,numBlockers,rate_before_handoff,rate_after_handoff,rate_before_handoff_affected,rate_after_handoff_affected,rate_mmW
1,25,220,400,2.825461e+08,281914526.8894537091255188,270801007.4976549148559570,269737098.9459891319274902,547897328.4960790872573853
