lambdaBS,lambdaUE,numBlockers,deployRange,minRatereq,powerFac,lower_bound_thresh,lb_rate_before_handoff,scs_1,scs_2,mmW_rate_1,mmW_rate_2,users_not_bb
25,1000,400,80.000000,400000000.000000,1.000000,0.100000,0.4647525065118355,24691100.0810090750455856,75308899.9189909249544144,422647031.7422473430633545,2031471591.9488487243652344,8.2901554404145070
