UE idx,lambdaBS,lambdaUE,numBlockers,powFactor,rate_before_handoff,rate_after_handoff,rate_before_handoff_affected,rate_after_handoff_affected,rate_mmW
1,25,150,400,10000,179854938.4961182177066803,273114096.5298334360122681,296330585.7284561991691589,30676149.2147168591618538,3088162057.9503402709960938
