lambdaBS,lambdaUE,numBlockers,deployRange,minRatereq,powerFac,lower_bound_thresh,mmW_rate_1,mmW_rate_2,users_not_bb,mmW_rate_1_small,mmW_rate_2_small,users_not_bb_small
25,250,400,100.000000,400000000.000000,10.000000,0.100000,3705586444.9474444389343262,4547106111.6278343200683594,7.5581395348837210,803521554.8173695802688599,2584912437.2085056304931641,17.4418604651162781
