UE idx,lambdaBS,lambdaUE,numBlockers,rate_before_handoff,rate_after_handoff,rate_before_handoff_affected,rate_after_handoff_affected,rate_mmW
1,25,200,400,2.429965e+08,242309093.5218566358089447,228472906.2987638711929321,227686572.4827811121940613,508847494.1524530649185181
