UE idx,lambdaBS,lambdaUE,numBlockers,rate_before_handoff,rate_after_handoff,rate_before_handoff_affected,rate_after_handoff_affected,rate_mmW
1,25,250,400,2.589519e+08,258384702.1819456219673157,238147173.9641642570495605,237155942.2800348103046417,578153361.1720436811447144
