UE idx,lambdaBS,lambdaUE,numBlockers,rate_before_handoff,rate_after_handoff,rate_before_handoff_affected,rate_after_handoff_affected,rate_mmW
1,25,200,400,2.727349e+08,272439637.7936648726463318,242766840.0412311851978302,242033237.5157359540462494,219984401.8448400497436523
