UE idx,lambdaBS,lambdaUE,numBlockers,rate_before_handoff,rate_after_handoff,rate_before_handoff_affected,rate_after_handoff_affected,rate_mmW
1,25,250,400,2.553900e+08,255050568.1822822988033295,223659162.8841102421283722,222917493.6583657860755920,1029896976.1512026786804199
