UE idx,lambdaBS,lambdaUE,numBlockers,rate_before_handoff,rate_after_handoff,rate_before_handoff_affected,rate_after_handoff_affected,rate_mmW
1,25,200,400,2.983487e+08,298038591.2460159659385681,276626847.8986858725547791,275911724.9536832571029663,863401149.0672905445098877
