UE idx,lambdaBS,lambdaUE,numBlockers,rate_before_handoff,rate_after_handoff,rate_before_handoff_affected,rate_after_handoff_affected,rate_mmW
1,25,250,400,2.260605e+08,225178795.1613461375236511,214070204.6519273221492767,212970761.2004215717315674,459971224.1239663362503052
