lambdaBS,lambdaUE,numBlockers,deployRange,minRatereq,powerFac,lower_bound_thresh,lb_rate_before_handoff,scs_1,scs_2,mmW_rate_1,mmW_rate_2,users_not_bb
25,1000,400,40.000000,400000000.000000,10.000000,0.100000,0.5913404404843887,40812436.2823381200432777,59187563.7176618799567223,2495284449.6034727096557617,1992057895.4471099376678467,5.0986842105263159
