UE idx,lambdaBS,lambdaUE,numBlockers,rate_before_handoff,rate_after_handoff,rate_before_handoff_affected,rate_after_handoff_affected,rate_mmW
1,25,250,400,2.345460e+08,233804527.0155565142631531,248773215.3340987265110016,247677787.6033292114734650,621754468.3432854413986206
