UE idx,lambdaBS,lambdaUE,numBlockers,powFactor,rate_before_handoff,rate_after_handoff,rate_mmW
1,1,2,400,1,68868629.6276035755872726,47811028.6463619545102119,2443502294.6783576011657715
