UE idx,lambdaBS,lambdaUE,numBlockers,rate_before_handoff,rate_after_handoff,rate_before_handoff_affected,rate_after_handoff_affected,rate_mmW
1,25,230,400,2.971407e+08,296553191.9284541606903076,253877539.6011855304241180,252365189.7702074944972992,2147067520.8046922683715820
