UE idx,lambdaBS,lambdaUE,numBlockers,rate_before_handoff,rate_after_handoff,rate_before_handoff_affected,rate_after_handoff_affected,rate_mmW
1,25,240,400,2.160165e+08,215416782.1703104972839355,193696552.6711547672748566,192846592.9763630628585815,672694039.2417601346969604
