UE idx,lambdaBS,lambdaUE,numBlockers,rate_before_handoff,rate_after_handoff,rate_before_handoff_affected,rate_after_handoff_affected,rate_mmW
1,25,200,400,2.338530e+08,232720625.8665733635425568,210689171.1398234665393829,209173213.3794126510620117,609639081.1003742218017578
