UE idx,lambdaBS,lambdaUE,numBlockers,powFactor,rate_before_handoff,rate_after_handoff,rate_mmW
1,25,30,400,1000,343058588.4108951687812805,282336791.9653495550155640,9316727963.9782161712646484
