UE idx,lambdaBS,lambdaUE,numBlockers,rate_before_handoff,rate_after_handoff,rate_before_handoff_affected,rate_after_handoff_affected,rate_mmW
1,25,230,400,2.486235e+08,248094874.6562011539936066,228004659.8181434273719788,227325904.5205577313899994,675125278.1891466379165649
