UE idx,lambdaBS,lambdaUE,numBlockers,rate_before_handoff,rate_after_handoff,rate_before_handoff_affected,rate_after_handoff_affected,rate_mmW
1,25,250,400,2.790523e+08,278542438.3885789513587952,286169852.6337351799011230,281394473.9107289314270020,1770385640.0921761989593506
