UE idx,lambdaBS,lambdaUE,numBlockers,powFactor,rate_before_handoff,rate_after_handoff,rate_mmW
1,25,50,400,100000000,326240090.0035728216171265,261870697.6863912343978882,7470199900.3290081024169922
