UE idx,lambdaBS,lambdaUE,numBlockers,rate_before_handoff,rate_after_handoff,rate_before_handoff_affected,rate_after_handoff_affected,rate_mmW
1,25,210,400,2.588367e+08,257989562.1026261746883392,214127593.8471502661705017,213018673.3780846595764160,452963168.8585693240165710
