lambdaBS,lambdaUE,numBlockers,deployRange,minRatereq,powerFac,lower_bound_thresh,lb_rate_before_handoff,scs_1,scs_2,mmW_rate_1,mmW_rate_2,users_not_bb
25,1000,400,100.000000,400000000.000000,1.000000,0.100000,0.8127419513178148,56935900.8191351592540741,43064099.1808648407459259,3352489216.0461373329162598,769076490.6781305074691772,3.8720538720538720
