UE idx,lambdaBS,lambdaUE,numBlockers,rate_before_handoff,rate_after_handoff,rate_before_handoff_affected,rate_after_handoff_affected,rate_mmW
1,25,240,400,2.291108e+08,228493633.4779808521270752,206638285.6299963295459747,205704242.5357904136180878,1515620977.2384333610534668
