UE idx,lambdaBS,lambdaUE,numBlockers,rate_before_handoff,rate_after_handoff,rate_before_handoff_affected,rate_after_handoff_affected,rate_mmW
1,25,250,400,2.596760e+08,261164720.0235103666782379,225435840.8060683310031891,226408119.8226487934589386,1678311964.2161021232604980
