UE idx,lambdaBS,lambdaUE,numBlockers,powFactor,rate_before_handoff,rate_after_handoff,rate_before_handoff_affected,rate_after_handoff_affected,rate_mmW
1,25,150,400,1,187679396.2969657778739929,289162712.2359195947647095,94593882.6531409025192261,120638684.0307165086269379,65140520.4417483136057854
