UE idx,lambdaBS,lambdaUE,numBlockers,rate_before_handoff,rate_after_handoff,rate_before_handoff_affected,rate_after_handoff_affected,rate_mmW
1,25,150,400,2.631367e+08,262610548.7609747648239136,232049193.9054435193538666,226556877.5230564475059509,2272792256.7448339462280273
