UE idx,lambdaBS,lambdaUE,numBlockers,rate_before_handoff,rate_after_handoff,rate_before_handoff_affected,rate_after_handoff_affected,rate_mmW
1,25,220,400,2.574621e+08,257161281.3575474917888641,243124882.5809094607830048,242583836.2293195128440857,356201756.1965166330337524
