UE idx,lambdaBS,lambdaUE,numBlockers,rate_before_handoff,rate_after_handoff,rate_before_handoff_affected,rate_after_handoff_affected,rate_mmW
1,25,230,400,2.580607e+08,257393587.1734042763710022,240131356.4128856062889099,238766580.7582054734230042,1701876257.7707672119140625
