UE idx,lambdaBS,lambdaUE,numBlockers,rate_before_handoff,rate_after_handoff,rate_before_handoff_affected,rate_after_handoff_affected,rate_mmW
1,25,200,400,2.392707e+08,238956654.7970570325851440,180260719.2563164234161377,179833112.3015060424804688,150540869.0207695364952087
