UE idx,lambdaBS,lambdaUE,numBlockers,powFactor,rate_before_handoff,rate_after_handoff,rate_mmW
1,25,20,400,1000,371226141.6774188876152039,278236286.4918663501739502,12900814421.4271831512451172
