UE idx,lambdaBS,lambdaUE,numBlockers,powFactor,rate_before_handoff,rate_after_handoff,rate_before_handoff_affected,rate_after_handoff_affected,rate_mmW
1,25,150,400,1,166362319.9603283703327179,247781706.2361022531986237,111700387.1933945268392563,147339822.7225875854492188,400209036.1576027870178223
