UE idx,lambdaBS,lambdaUE,numBlockers,powFactor,rate_before_handoff,rate_after_handoff,rate_mmW
1,25,50,400,50,32754323.6545065268874168,31192238.7635697796940804,903212170.4309736490249634
