lambdaBS,lambdaUE,numBlockers,deployRange,minRatereq,powerFac,lower_bound_thresh,lb_rate_before_handoff,scs_1,scs_2,mmW_rate_1,mmW_rate_2,users_not_bb
25,1000,400,80.000000,400000000.000000,10.000000,0.100000,0.7601164636199054,53954424.5189488828182220,46045575.4810511171817780,6559068320.2037076950073242,4592476475.8136482238769531,4.7528517110266160
