UE idx,lambdaBS,lambdaUE,numBlockers,rate_before_handoff,rate_after_handoff,rate_before_handoff_affected,rate_after_handoff_affected,rate_mmW
1,25,240,400,2.287650e+08,228323421.3339020311832428,228505221.2887459397315979,227777792.5142233371734619,614587591.7377778291702271
