UE idx,lambdaBS,lambdaUE,numBlockers,rate_before_handoff,rate_after_handoff,rate_before_handoff_affected,rate_after_handoff_affected,rate_mmW
1,25,220,400,2.622169e+08,261450307.9780526459217072,248195921.4898502528667450,246993147.3754177093505859,796636631.5775463581085205
