lambdaBS,lambdaUE,numBlockers,deployRange,minRatereq,powerFac,lower_bound_thresh,lb_rate_before_handoff,scs_1,scs_2,mmW_rate_1,mmW_rate_2,users_not_bb
25,1000,400,20.000000,400000000.000000,10.000000,0.100000,0.6899777650592369,49273727.6874492764472961,50726272.3125507235527039,1845604630.6136202812194824,3986686960.3812785148620605,5.2730696798493408
