UE idx,lambdaBS,lambdaUE,numBlockers,powFactor,rate_before_handoff,rate_after_handoff,rate_mmW
1,25,50,400,1000,321356660.4507300257682800,239001978.1870235800743103,9007589564.4235610961914062
