UE idx,lambdaBS,lambdaUE,numBlockers,rate_before_handoff,rate_after_handoff,rate_before_handoff_affected,rate_after_handoff_affected,rate_mmW
1,25,240,400,2.725096e+08,271134334.1638284325599670,242391294.1895918548107147,238226837.9168878495693207,2399379572.6291856765747070
