UE idx,lambdaBS,lambdaUE,numBlockers,rate_before_handoff,rate_after_handoff,rate_before_handoff_affected,rate_after_handoff_affected,rate_mmW
1,25,250,400,2.546005e+08,254074401.6981002092361450,227419735.0513780415058136,226751038.8611613810062408,186771427.6720614433288574
