UE idx,lambdaBS,lambdaUE,numBlockers,rate_before_handoff,rate_after_handoff,rate_before_handoff_affected,rate_after_handoff_affected,rate_mmW
1,25,230,400,2.448500e+08,247322394.2156763970851898,213729193.1566674709320068,216381535.3334681987762451,1647267520.1635968685150146
