UE idx,lambdaBS,lambdaUE,numBlockers,rate_before_handoff,rate_after_handoff,rate_before_handoff_affected,rate_after_handoff_affected,rate_mmW
1,25,230,400,2.719564e+08,271301441.5382858514785767,244726029.3891027569770813,242496187.9240332245826721,1561489908.5905261039733887
