UE idx,lambdaBS,lambdaUE,numBlockers,rate_before_handoff,rate_after_handoff,rate_before_handoff_affected,rate_after_handoff_affected,rate_mmW
1,25,230,400,2.730190e+08,272661329.8839488625526428,257800252.1621402800083160,256918581.6086395382881165,2359993504.0282278060913086
