UE idx,lambdaBS,lambdaUE,numBlockers,rate_before_handoff,rate_after_handoff,rate_before_handoff_affected,rate_after_handoff_affected,rate_mmW
1,25,230,400,2.570886e+08,256596070.4502360224723816,274615351.0901926159858704,273600718.3023492693901062,615117460.5639628171920776
