UE idx,lambdaBS,lambdaUE,numBlockers,rate_before_handoff,rate_after_handoff,rate_before_handoff_affected,rate_after_handoff_affected,rate_mmW
1,25,220,400,2.736909e+08,273026023.4451022148132324,252318013.8829784095287323,250054037.7152479290962219,2441171955.5150127410888672
