lambdaBS,lambdaUE,numBlockers,deployRange,minRatereq,powerFac,lower_bound_thresh,mmW_rate_1,mmW_rate_2,users_not_bb,mmW_rate_1_small,mmW_rate_2_small,users_not_bb_small
25,250,400,100.000000,100000000.000000,10.000000,0.100000,642627274.0248768329620361,625841287.8527693748474121,5.0955414012738851,235810549.4219364225864410,379106377.7228054404258728,0.6369426751592356
