lambdaBS,lambdaUE,numBlockers,deployRange,minRatereq,powerFac,lower_bound_thresh,lb_rate_before_handoff,scs_1,scs_2,mmW_rate_1,mmW_rate_2,users_not_bb
25,1000,400,20.000000,400000000.000000,1.000000,0.100000,0.5925852542587756,40936768.5941171348094940,59063231.4058828651905060,715635638.3728573322296143,2068965181.6478452682495117,4.3478260869565215
