UE idx,lambdaBS,lambdaUE,numBlockers,powFactor,rate_before_handoff,rate_after_handoff,rate_mmW
1,25,10,400,1000,391194156.4219489693641663,298638225.4876005053520203,9571182000.1151657104492188
