UE idx,lambdaBS,lambdaUE,numBlockers,powFactor,rate_before_handoff,rate_after_handoff,rate_mmW
1,25,50,400,90,30808031.8902537003159523,28609624.9508750662207603,868480075.1706390380859375
