UE idx,lambdaBS,lambdaUE,numBlockers,rate_before_handoff,rate_after_handoff,rate_before_handoff_affected,rate_after_handoff_affected,rate_mmW
1,25,220,400,2.396427e+08,238912048.7423383295536041,245553777.1873099505901337,244686800.2408007681369781,579538721.6414016485214233
