UE idx,lambdaBS,lambdaUE,numBlockers,rate_before_handoff,rate_after_handoff,rate_before_handoff_affected,rate_after_handoff_affected,rate_mmW
1,25,200,400,2.581896e+08,257378083.8819261193275452,234398479.5434045791625977,233378694.1611592769622803,1294738552.3947021961212158
