lambdaBS,lambdaUE,numBlockers,deployRange,minRatereq,powerFac,lower_bound_thresh,lb_rate_before_handoff,scs_1,scs_2,mmW_rate_1,mmW_rate_2,users_not_bb
25,1000,400,60.000000,400000000.000000,100.000000,0.100000,0.5828480322687133,39950041.7565727010369301,60049958.2434272989630699,1696764716.9483926296234131,1124385145.9854230880737305,6.7103109656301143
