UE idx,lambdaBS,lambdaUE,numBlockers,powFactor,rate_before_handoff,rate_after_handoff,rate_mmW
1,25,40,400,1000,300483791.9960413575172424,234020511.1052256822586060,12653736324.5426483154296875
