UE idx,lambdaBS,lambdaUE,numBlockers,powFactor,rate_before_handoff,rate_after_handoff,rate_before_handoff_affected,rate_after_handoff_affected,rate_mmW
1,25,150,400,100,179433108.1600137948989868,284196866.4710593819618225,205305393.5533411502838135,220806468.2526734173297882,988458325.2816290855407715
