UE idx,lambdaBS,lambdaUE,numBlockers,rate_before_handoff,rate_after_handoff,rate_before_handoff_affected,rate_after_handoff_affected,rate_mmW
1,25,240,400,2.520079e+08,251350445.4947485923767090,249179529.9422405362129211,248455700.0556012988090515,391901814.0102380514144897
