UE idx,lambdaBS,lambdaUE,numBlockers,rate_before_handoff,rate_after_handoff,rate_before_handoff_affected,rate_after_handoff_affected,rate_mmW
1,25,200,400,2.712724e+08,270512908.4216837882995605,253073470.7116662859916687,251991501.8960955142974854,319824353.1222350001335144
