UE idx,lambdaBS,lambdaUE,numBlockers,powFactor,rate_before_handoff,rate_after_handoff,rate_mmW
1,25,40,400,1000,329572842.4764068126678467,264306052.9107070863246918,6988811123.5656652450561523
