UE idx,lambdaBS,lambdaUE,numBlockers,rate_before_handoff,rate_after_handoff,rate_before_handoff_affected,rate_after_handoff_affected,rate_mmW
1,25,210,400,3.003422e+08,299394587.2589017748832703,276726045.5476734042167664,274959378.5574638247489929,2607843952.4310674667358398
