UE idx,lambdaBS,lambdaUE,numBlockers,rate_before_handoff,rate_after_handoff,rate_before_handoff_affected,rate_after_handoff_affected,rate_mmW
1,25,200,400,2.603895e+08,260475784.8814616501331329,244299678.9281049072742462,244372718.5188464224338531,1088661766.1806206703186035
