UE idx,lambdaBS,lambdaUE,numBlockers,powFactor,rate_before_handoff,rate_after_handoff,rate_mmW
1,25,50,400,1000,268964234.4987683892250061,227290565.2396870553493500,7369918662.9600439071655273
