UE idx,lambdaBS,lambdaUE,numBlockers,powFactor,rate_before_handoff,rate_after_handoff,rate_mmW
1,25,50,400,2,23212459.1358842775225639,22953574.3282044641673565,10374466.3616094607859850
