UE idx,lambdaBS,lambdaUE,numBlockers,powFactor,rate_before_handoff,rate_after_handoff,rate_mmW
1,25,50,400,1000,303891469.5405815839767456,245599419.9907404482364655,6563590684.2547626495361328
