UE idx,lambdaBS,lambdaUE,numBlockers,rate_before_handoff,rate_after_handoff,rate_before_handoff_affected,rate_after_handoff_affected,rate_mmW
1,25,220,400,2.737870e+08,273520657.6203164458274841,249529434.3629169166088104,249076797.7829784452915192,416738915.3420265316963196
