UE idx,lambdaBS,lambdaUE,numBlockers,rate_before_handoff,rate_after_handoff,rate_before_handoff_affected,rate_after_handoff_affected,rate_mmW
1,25,240,400,2.371708e+08,239452748.7235081195831299,213640756.2514353990554810,215581198.1273933649063110,2383032453.1331253051757812
