UE idx,lambdaBS,lambdaUE,numBlockers,rate_before_handoff,rate_after_handoff,rate_before_handoff_affected,rate_after_handoff_affected,rate_mmW
1,25,250,400,2.723327e+08,271924484.2835264801979065,262921800.1114007234573364,262189591.0160828828811646,628680784.0808136463165283
