lambdaBS,lambdaUE,numBlockers,deployRange,minRatereq,powerFac,lower_bound_thresh,lb_rate_before_handoff,scs_1,scs_2,mmW_rate_1,mmW_rate_2,users_not_bb
25,1000,400,100.000000,400000000.000000,100.000000,0.100000,0.6537479531744118,46462547.4847759306430817,53537452.5152240693569183,2754027042.7167997360229492,2758907908.4115166664123535,7.2041166380789026
