UE idx,lambdaBS,lambdaUE,numBlockers,rate_before_handoff,rate_after_handoff,rate_before_handoff_affected,rate_after_handoff_affected,rate_mmW
1,25,220,400,2.899910e+08,289768061.5457616448402405,282105261.4289143681526184,279924910.1498000025749207,977086533.4626462459564209
