UE idx,lambdaBS,lambdaUE,numBlockers,rate_before_handoff,rate_after_handoff,rate_before_handoff_affected,rate_after_handoff_affected,rate_mmW
1,25,220,400,2.355899e+08,234857298.0933260619640350,234986182.7746624350547791,233885046.2064465880393982,315020690.5038333535194397
