UE idx,lambdaBS,lambdaUE,numBlockers,rate_before_handoff,rate_after_handoff,rate_before_handoff_affected,rate_after_handoff_affected,rate_mmW
1,25,210,400,2.448168e+08,244092057.0587082505226135,224097353.8386334180831909,223189636.5343582630157471,446019957.5580663084983826
