lambdaBS,lambdaUE,numBlockers,deployRange,minRatereq,powerFac,lower_bound_thresh,mmW_rate_1,mmW_rate_2,users_not_bb,mmW_rate_1_small,mmW_rate_2_small,users_not_bb_small
25,250,400,100.000000,400000000.000000,10.000000,0.100000,4437592918.9398536682128906,3816120818.7314944267272949,9.0909090909090917,682995672.8628085851669312,325765780.2123875617980957,20.2797202797202800
