UE idx,lambdaBS,lambdaUE,numBlockers,powFactor,rate_before_handoff,rate_after_handoff,rate_mmW
1,25,50,400,1000,292921126.4134256243705750,231659925.9683013856410980,9561247221.2739620208740234
