UE idx,lambdaBS,lambdaUE,numBlockers,rate_before_handoff,rate_after_handoff,rate_before_handoff_affected,rate_after_handoff_affected,rate_mmW
1,25,210,400,2.494901e+08,248527501.9333262741565704,221857069.7026292383670807,217774325.2111580371856689,291466690.2467574477195740
