UE idx,lambdaBS,lambdaUE,numBlockers,rate_before_handoff,rate_after_handoff,rate_before_handoff_affected,rate_after_handoff_affected,rate_mmW
1,25,220,400,1.947256e+08,194371362.3445035815238953,173208187.2341243922710419,172722764.0376197099685669,371812687.1204575300216675
