lambdaBS,lambdaUE,numBlockers,deployRange,minRatereq,powerFac,lower_bound_thresh,lb_rate_before_handoff,scs_1,scs_2,mmW_rate_1,mmW_rate_2,users_not_bb
25,1000,400,20.000000,400000000.000000,1.000000,0.100000,0.6599533934989952,46965951.9220984354615211,53034048.0779015645384789,1790272916.3253698348999023,910592291.9608004093170166,5.1418439716312054
