UE idx,lambdaBS,lambdaUE,numBlockers,rate_before_handoff,rate_after_handoff,rate_before_handoff_affected,rate_after_handoff_affected,rate_mmW
1,25,220,400,2.012208e+08,200486288.8511611819267273,184434318.1640406847000122,183509578.1709615886211395,2010391136.5296342372894287
