UE idx,lambdaBS,lambdaUE,numBlockers,rate_before_handoff,rate_after_handoff,rate_before_handoff_affected,rate_after_handoff_affected,rate_mmW
1,25,240,400,2.616421e+08,261416927.2915562391281128,221966802.0683517754077911,221514685.9389691948890686,318414758.3915002942085266
