lambdaBS,lambdaUE,numBlockers,deployRange,minRatereq,powerFac,lower_bound_thresh,lb_rate_before_handoff,scs_1,scs_2,mmW_rate_1,mmW_rate_2,users_not_bb
25,1000,400,100.000000,400000000.000000,10.000000,0.100000,0.4782793256263321,26821005.7916142493486404,73178994.2083857506513596,1615738355.6461770534515381,1659626672.5517737865447998,7.5731497418244409
