UE idx,lambdaBS,lambdaUE,numBlockers,rate_before_handoff,rate_after_handoff,rate_before_handoff_affected,rate_after_handoff_affected,rate_mmW
1,25,240,400,2.684185e+08,268161521.6120588481426239,246890001.8028548359870911,246484776.3455864489078522,430054537.9213601350784302
