UE idx,lambdaBS,lambdaUE,numBlockers,powFactor,rate_before_handoff,rate_after_handoff,rate_before_handoff_affected,rate_after_handoff_affected,rate_mmW
1,25,150,400,1,183555340.8233465850353241,283059501.1565628051757812,106262263.4600233733654022,141834467.6797632873058319,68863946.5889658927917480
