UE idx,lambdaBS,lambdaUE,numBlockers,rate_before_handoff,rate_after_handoff,rate_before_handoff_affected,rate_after_handoff_affected,rate_mmW
1,25,230,400,2.955625e+08,295230555.8265290856361389,290629633.1440116167068481,289811169.8325662016868591,964766182.9942487478256226
