UE idx,lambdaBS,lambdaUE,numBlockers,rate_before_handoff,rate_after_handoff,rate_before_handoff_affected,rate_after_handoff_affected,rate_mmW
1,25,250,400,2.873867e+08,286862166.5949684977531433,273776669.4801886081695557,272936033.6619226932525635,779087988.9943600893020630
