UE idx,lambdaBS,lambdaUE,numBlockers,rate_before_handoff,rate_after_handoff,rate_before_handoff_affected,rate_after_handoff_affected,rate_mmW
1,25,230,400,2.523545e+08,252036907.5743241012096405,254253572.8352703452110291,252669498.5787977576255798,1452640218.3831400871276855
