UE idx,lambdaBS,lambdaUE,numBlockers,rate_before_handoff,rate_after_handoff,rate_before_handoff_affected,rate_after_handoff_affected,rate_mmW
1,25,250,400,2.470307e+08,245818240.3509269654750824,229752161.2844165265560150,226955668.7289098203182220,2929262872.0412840843200684
