UE idx,lambdaBS,lambdaUE,numBlockers,rate_before_handoff,rate_after_handoff,rate_before_handoff_affected,rate_after_handoff_affected,rate_mmW
1,25,200,400,2.483260e+08,248058579.8232527673244476,232034613.1352370083332062,231616792.6584140062332153,307297553.8617528676986694
