UE idx,lambdaBS,lambdaUE,numBlockers,powFactor,rate_before_handoff,rate_after_handoff,rate_before_handoff_affected,rate_after_handoff_affected,rate_mmW
1,25,150,400,100,188179481.1453034579753876,289185912.3556867241859436,174745250.1019608378410339,126399810.9798908829689026,1270782408.5975279808044434
