UE idx,lambdaBS,lambdaUE,numBlockers,powFactor,rate_before_handoff,rate_after_handoff,rate_mmW
1,25,20,400,1000,368816915.4522701501846313,300776570.8063390254974365,7949394169.2836542129516602
