UE idx,lambdaBS,lambdaUE,numBlockers,rate_before_handoff,rate_after_handoff,rate_before_handoff_affected,rate_after_handoff_affected,rate_mmW
1,25,250,400,2.144069e+08,213862199.0607471764087677,196580760.3267840743064880,195544433.9939378499984741,1333950765.1596004962921143
