UE idx,lambdaBS,lambdaUE,numBlockers,rate_before_handoff,rate_after_handoff,rate_before_handoff_affected,rate_after_handoff_affected,rate_mmW
1,25,210,400,2.922497e+08,291643287.3936021924018860,279302782.1730930805206299,277867557.7294918894767761,2222831511.2509474754333496
