UE idx,lambdaBS,lambdaUE,numBlockers,rate_before_handoff,rate_after_handoff,rate_before_handoff_affected,rate_after_handoff_affected,rate_mmW
1,25,240,400,2.063428e+08,205666597.6859126091003418,199675939.7971941232681274,198808323.8187172412872314,366247273.5940169095993042
