UE idx,lambdaBS,lambdaUE,numBlockers,rate_before_handoff,rate_after_handoff,rate_before_handoff_affected,rate_after_handoff_affected,rate_mmW
1,25,230,400,2.635946e+08,263455391.9291925132274628,222992960.3157320320606232,222775337.3155349195003510,51634734.0730791389942169
