UE idx,lambdaBS,lambdaUE,numBlockers,powFactor,rate_before_handoff,rate_after_handoff,rate_mmW
1,25,10,400,1000,378612378.1180763840675354,309984467.8629927635192871,10430720036.9737071990966797
