UE idx,lambdaBS,lambdaUE,numBlockers,powFactor,rate_before_handoff,rate_after_handoff,rate_mmW
1,25,50,400,100,326240090.0035728216171265,312875945.3768919110298157,6649110803.8613862991333008
