UE idx,lambdaBS,lambdaUE,numBlockers,rate_before_handoff,rate_after_handoff,rate_before_handoff_affected,rate_after_handoff_affected,rate_mmW
1,25,220,400,2.252114e+08,224672068.8186980187892914,218880438.1075561344623566,218176407.4861678779125214,307148555.5853015780448914
