UE idx,lambdaBS,lambdaUE,numBlockers,powFactor,rate_before_handoff,rate_after_handoff,rate_mmW
1,25,50,400,3,30216460.1855697631835938,30112998.2987128160893917,5249554.9325919263064861
