UE idx,lambdaBS,lambdaUE,numBlockers,rate_before_handoff,rate_after_handoff,rate_before_handoff_affected,rate_after_handoff_affected,rate_mmW
1,25,240,400,2.252193e+08,224814105.2483598291873932,212903791.1263365447521210,212305815.5893416404724121,553490165.2459474802017212
