UE idx,lambdaBS,lambdaUE,numBlockers,rate_before_handoff,rate_after_handoff,rate_before_handoff_affected,rate_after_handoff_affected,rate_mmW
1,25,230,400,2.659120e+08,265699897.8443946242332458,241878451.7666972875595093,241489993.7541840374469757,492586636.0570546388626099
