lambdaBS,lambdaUE,numBlockers,deployRange,minRatereq,powerFac,lower_bound_thresh,mmW_rate_1,mmW_rate_2,users_not_bb,mmW_rate_1_small,mmW_rate_2_small,users_not_bb_small
25,250,400,100.000000,100000000.000000,10.000000,0.100000,776738812.6406205892562866,644710405.1716223955154419,6.0810810810810807,0.0000000000000000,0.0000000000000000,0.0000000000000000
