UE idx,lambdaBS,lambdaUE,numBlockers,rate_before_handoff,rate_after_handoff,rate_before_handoff_affected,rate_after_handoff_affected,rate_mmW
1,25,210,400,2.823385e+08,281960184.6300590634346008,277553763.0019401311874390,276026798.0672829747200012,1917886216.9729018211364746
