UE idx,lambdaBS,lambdaUE,numBlockers,rate_before_handoff,rate_after_handoff,rate_before_handoff_affected,rate_after_handoff_affected,rate_mmW
1,25,240,400,2.314258e+08,229685457.6518271267414093,188844485.5420458316802979,182903584.4700692296028137,2510417103.4702973365783691
