UE idx,lambdaBS,lambdaUE,numBlockers,rate_before_handoff,rate_after_handoff,rate_before_handoff_affected,rate_after_handoff_affected,rate_mmW
1,25,200,400,2.448679e+08,244236905.8652233481407166,232914331.6560715138912201,232088382.0056439638137817,646083700.3422923088073730
