UE idx,lambdaBS,lambdaUE,numBlockers,powFactor,rate_before_handoff,rate_after_handoff,rate_mmW
1,25,40,400,1000,321911651.0185812711715698,272162679.0668103694915771,9281610681.0546760559082031
