UE idx,lambdaBS,lambdaUE,numBlockers,rate_before_handoff,rate_after_handoff,rate_before_handoff_affected,rate_after_handoff_affected,rate_mmW
1,25,200,400,3.055122e+08,304749500.9785355329513550,313918405.0756701231002808,312367801.6549108624458313,1514991251.6370027065277100
