UE idx,lambdaBS,lambdaUE,numBlockers,powFactor,rate_before_handoff,rate_after_handoff,rate_mmW
1,25,40,400,1000,313703531.7393245697021484,259469223.1222397089004517,9253531668.8783855438232422
