UE idx,lambdaBS,lambdaUE,numBlockers,rate_before_handoff,rate_after_handoff,rate_before_handoff_affected,rate_after_handoff_affected,rate_mmW
1,25,240,400,2.476423e+08,247408777.2179634571075439,227838997.3690484762191772,227397642.4306906759738922,1906427815.9030745029449463
