UE idx,lambdaBS,lambdaUE,numBlockers,rate_before_handoff,rate_after_handoff,rate_before_handoff_affected,rate_after_handoff_affected,rate_mmW
1,25,200,400,2.728241e+08,272105612.7035111188888550,236437018.0627216696739197,231823541.2046982049942017,886161702.1219868659973145
