lambdaBS,lambdaUE,numBlockers,deployRange,minRatereq,powerFac,lower_bound_thresh,mmW_rate_1,mmW_rate_2,users_not_bb,mmW_rate_1_small,mmW_rate_2_small,users_not_bb_small
25,250,400,100.000000,400000000.000000,10.000000,0.100000,2690247231.1046690940856934,3136844928.5769224166870117,6.4748201438848918,0.0000000000000000,0.0000000000000000,5.0359712230215825
