UE idx,lambdaBS,lambdaUE,numBlockers,powFactor,rate_before_handoff,rate_after_handoff,rate_mmW
1,25,20,400,1000,366446442.5117686390876770,307228034.8507776260375977,9179236369.8246364593505859
