UE idx,lambdaBS,lambdaUE,numBlockers,rate_before_handoff,rate_after_handoff,rate_before_handoff_affected,rate_after_handoff_affected,rate_mmW
1,25,210,400,2.753700e+08,275444096.8675696253776550,270593751.3571362495422363,269850545.1657404899597168,1269032662.8053727149963379
