UE idx,lambdaBS,lambdaUE,numBlockers,powFactor,rate_before_handoff,rate_after_handoff,rate_before_handoff_affected,rate_after_handoff_affected,rate_mmW
1,25,150,400,1000,173538812.8044945001602173,282215453.6353878974914551,248180229.4302790164947510,186819035.9471403062343597,1837595393.8961703777313232
