lambdaBS,lambdaUE,numBlockers,deployRange,minRatereq,powerFac,lower_bound_thresh,lb_rate_before_handoff,scs_1,scs_2,mmW_rate_1,mmW_rate_2,users_not_bb
25,1000,400,80.000000,400000000.000000,10.000000,0.100000,0.5508473617938381,36461527.4074795097112656,63538472.5925204902887344,1488408494.5859463214874268,1595533381.2238645553588867,3.2863849765258215
