UE idx,lambdaBS,lambdaUE,numBlockers,powFactor,rate_before_handoff,rate_after_handoff,rate_mmW
1,25,40,400,1000,298454481.7163515686988831,216686826.3011392652988434,7723341461.3393993377685547
