UE idx,lambdaBS,lambdaUE,numBlockers,powFactor,rate_before_handoff,rate_after_handoff,rate_mmW
1,25,20,400,1000,370999533.9237295389175415,303424731.4735797047615051,9453303075.8265323638916016
