UE idx,lambdaBS,lambdaUE,numBlockers,powFactor,rate_before_handoff,rate_after_handoff,rate_mmW
1,25,50,400,1000,306077649.1383370757102966,231593917.5798878371715546,7631644483.5375432968139648
