UE idx,lambdaBS,lambdaUE,numBlockers,powFactor,rate_before_handoff,rate_after_handoff,rate_mmW
1,25,30,400,1000,351706828.6659852266311646,290152458.2268224358558655,9532423232.2476196289062500
