lambdaBS,lambdaUE,numBlockers,deployRange,minRatereq,powerFac,lower_bound_thresh,lb_rate_before_handoff,scs_1,scs_2,mmW_rate_1,mmW_rate_2,users_not_bb
25,1000,400,100.000000,400000000.000000,100.000000,0.100000,0.7432412361532688,52908963.7421807199716568,47091036.2578192800283432,3247097366.6217594146728516,1402747668.7754678726196289,5.3903345724907066
