UE idx,lambdaBS,lambdaUE,numBlockers,powFactor,rate_before_handoff,rate_after_handoff,rate_mmW
1,25,40,400,1000,307862546.8981525301933289,246222098.8742106556892395,11521643199.3443603515625000
