UE idx,lambdaBS,lambdaUE,numBlockers,rate_before_handoff,rate_after_handoff,rate_before_handoff_affected,rate_after_handoff_affected,rate_mmW
1,25,240,400,2.884369e+08,288031706.2820441722869873,285130954.8973762392997742,284489376.3984723687171936,584899863.5540164709091187
