lambdaBS,lambdaUE,numBlockers,deployRange,minRatereq,powerFac,lower_bound_thresh,lb_rate_before_handoff,scs_1,scs_2,mmW_rate_1,mmW_rate_2,users_not_bb
25,1000,400,40.000000,400000000.000000,1.000000,0.100000,0.6025817537264795,41916595.0785044804215431,58083404.9214955195784569,801068567.8182593584060669,2104714881.7208006381988525,3.0508474576271185
