UE idx,lambdaBS,lambdaUE,numBlockers,rate_before_handoff,rate_after_handoff,rate_before_handoff_affected,rate_after_handoff_affected,rate_mmW
1,25,250,400,2.777803e+08,276967398.9619182944297791,268733619.0101314783096313,266813709.0074412524700165,1942165528.1262576580047607
