UE idx,lambdaBS,lambdaUE,numBlockers,rate_before_handoff,rate_after_handoff,rate_before_handoff_affected,rate_after_handoff_affected,rate_mmW
1,25,230,400,2.487332e+08,246847809.1985523998737335,250553475.3325697481632233,244233771.2769054770469666,2781100375.5155024528503418
