UE idx,lambdaBS,lambdaUE,numBlockers,rate_before_handoff,rate_after_handoff,rate_before_handoff_affected,rate_after_handoff_affected,rate_mmW
1,25,240,400,2.280652e+08,227956419.6378895044326782,203816089.0743894875049591,203676251.4602057635784149,118313834.4592352509498596
