UE idx,lambdaBS,lambdaUE,numBlockers,rate_before_handoff,rate_after_handoff,rate_before_handoff_affected,rate_after_handoff_affected,rate_mmW
1,25,200,400,2.730894e+08,272769654.8636012673377991,237275203.9162833392620087,236159088.1666196584701538,1231153970.3168482780456543
