UE idx,lambdaBS,lambdaUE,numBlockers,powFactor,rate_before_handoff,rate_after_handoff,rate_before_handoff_affected,rate_after_handoff_affected,rate_mmW
1,25,150,400,1,188802982.5562593638896942,297127609.1452914476394653,141281521.7194783687591553,226349139.0304555892944336,118957213.9870740473270416
