lambdaBS,lambdaUE,numBlockers,deployRange,minRatereq,powerFac,lower_bound_thresh,lb_rate_before_handoff,scs_1,scs_2,mmW_rate_1,mmW_rate_2,users_not_bb
25,1000,400,40.000000,400000000.000000,10.000000,0.100000,0.6775040473733001,48339792.0120243355631828,51660207.9879756644368172,1134232520.1751248836517334,3459292358.6631307601928711,4.3624161073825505
