UE idx,lambdaBS,lambdaUE,numBlockers,powFactor,rate_before_handoff,rate_after_handoff,rate_mmW
1,25,50,400,1000,303492996.9012585878372192,262680074.1503486335277557,12922480880.8098278045654297
