UE idx,lambdaBS,lambdaUE,numBlockers,rate_before_handoff,rate_after_handoff,rate_before_handoff_affected,rate_after_handoff_affected,rate_mmW
1,25,230,400,2.788849e+08,278533295.1150025129318237,254023790.3794803917407990,253470524.1294831335544586,808003740.3555142879486084
