UE idx,lambdaBS,lambdaUE,numBlockers,rate_before_handoff,rate_after_handoff,rate_before_handoff_affected,rate_after_handoff_affected,rate_mmW
1,25,210,400,2.912275e+08,290793224.9377622604370117,285630790.4667776823043823,284720218.6679055690765381,681787029.5386086702346802
