UE idx,lambdaBS,lambdaUE,numBlockers,powFactor,rate_before_handoff,rate_after_handoff,rate_mmW
1,25,50,400,1000,294527694.5166500806808472,242949877.2663052678108215,5907928719.6656017303466797
