UE idx,lambdaBS,lambdaUE,numBlockers,rate_before_handoff,rate_after_handoff,rate_before_handoff_affected,rate_after_handoff_affected,rate_mmW
1,25,250,400,2.478827e+08,247380644.7296905219554901,230582895.5547078549861908,229922638.0289444029331207,404271766.8206917047500610
