UE idx,lambdaBS,lambdaUE,numBlockers,rate_before_handoff,rate_after_handoff,rate_before_handoff_affected,rate_after_handoff_affected,rate_mmW
1,25,230,400,2.976285e+08,297362718.8713984489440918,280265185.5013226866722107,279831674.3777499198913574,388007124.2906087636947632
