UE idx,lambdaBS,lambdaUE,numBlockers,rate_before_handoff,rate_after_handoff,rate_before_handoff_affected,rate_after_handoff_affected,rate_mmW
1,25,230,400,2.569119e+08,256836991.6470041871070862,230702764.8163953423500061,229875793.9657685756683350,1525998883.3291492462158203
