UE idx,lambdaBS,lambdaUE,numBlockers,rate_before_handoff,rate_after_handoff,rate_before_handoff_affected,rate_after_handoff_affected,rate_mmW
1,25,210,400,2.576870e+08,257334359.2706345319747925,220062850.4999433159828186,219364457.1586210131645203,603602200.8343057632446289
