UE idx,lambdaBS,lambdaUE,numBlockers,powFactor,rate_before_handoff,rate_after_handoff,rate_before_handoff_affected,rate_after_handoff_affected,rate_mmW
1,25,150,400,1,193591980.6790539324283600,307890603.9712371230125427,167223133.9587130546569824,266257962.6405920982360840,224666300.9728192389011383
