UE idx,lambdaBS,lambdaUE,numBlockers,rate_before_handoff,rate_after_handoff,rate_before_handoff_affected,rate_after_handoff_affected,rate_mmW
1,25,200,400,2.784434e+08,277786995.1377878189086914,264247149.3867776989936829,263433961.4323632717132568,294536386.6428462862968445
