UE idx,lambdaBS,lambdaUE,numBlockers,rate_before_handoff,rate_after_handoff,rate_before_handoff_affected,rate_after_handoff_affected,rate_mmW
1,25,250,400,1.644163e+08,165537857.1942910254001617,158063794.7246771454811096,158894304.3005578517913818,2727986677.9458189010620117
