UE idx,lambdaBS,lambdaUE,numBlockers,powFactor,rate_before_handoff,rate_after_handoff,rate_mmW
1,25,30,400,1000,360743697.2910902500152588,307730688.4362248182296753,7028117306.2354841232299805
