UE idx,lambdaBS,lambdaUE,numBlockers,rate_before_handoff,rate_after_handoff,rate_before_handoff_affected,rate_after_handoff_affected,rate_mmW
1,25,250,400,2.860813e+08,285719857.0500264763832092,262601985.4920724332332611,261759407.2479740679264069,523101805.2624832391738892
