UE idx,lambdaBS,lambdaUE,numBlockers,rate_before_handoff,rate_after_handoff,rate_before_handoff_affected,rate_after_handoff_affected,rate_mmW
1,25,250,400,2.415389e+08,241154160.0485904514789581,216099500.3947053551673889,215444681.5103607177734375,1761932630.2966735363006592
