UE idx,lambdaBS,lambdaUE,numBlockers,rate_before_handoff,rate_after_handoff,rate_before_handoff_affected,rate_after_handoff_affected,rate_mmW
1,25,200,400,2.867999e+08,286382651.2995599508285522,287699389.7247970700263977,287185070.8804945349693298,664620672.7790259122848511
