UE idx,lambdaBS,lambdaUE,numBlockers,powFactor,rate_before_handoff,rate_after_handoff,rate_mmW
1,25,50,400,10,327163699.4377647638320923,323556111.7351565361022949,5115838700.2185268402099609
