lambdaBS,lambdaUE,numBlockers,deployRange,minRatereq,powerFac,lower_bound_thresh,mmW_rate_1,mmW_rate_2,users_not_bb,mmW_rate_1_small,mmW_rate_2_small,users_not_bb_small
25,250,400,100.000000,400000000.000000,10.000000,0.100000,4368981743.2772922515869141,4880157024.3679771423339844,9.0322580645161299,2407147107.1332473754882812,629845246.9228396415710449,16.1290322580645160
