UE idx,lambdaBS,lambdaUE,numBlockers,rate_before_handoff,rate_after_handoff,rate_before_handoff_affected,rate_after_handoff_affected,rate_mmW
1,25,230,400,2.577055e+08,257266541.4943461120128632,235182922.7680469453334808,234468125.9720738530158997,605330273.7867362499237061
