lambdaBS,lambdaUE,numBlockers,deployRange,minRatereq,powerFac,lower_bound_thresh,lb_rate_before_handoff,scs_1,scs_2,mmW_rate_1,mmW_rate_2,users_not_bb
25,1000,400,20.000000,400000000.000000,100.000000,0.100000,0.7881528582880122,55592370.6525339260697365,44407629.3474660739302635,2803964592.9258170127868652,2456734408.7825736999511719,3.6082474226804124
