UE idx,lambdaBS,lambdaUE,numBlockers,rate_before_handoff,rate_after_handoff,rate_before_handoff_affected,rate_after_handoff_affected,rate_mmW
1,25,200,400,2.082759e+08,209230400.2987665235996246,189908798.4748489856719971,190719470.0701646506786346,1833465230.5975580215454102
