UE idx,lambdaBS,lambdaUE,numBlockers,rate_before_handoff,rate_after_handoff,rate_before_handoff_affected,rate_after_handoff_affected,rate_mmW
1,25,220,400,2.893136e+08,288923444.5608908534049988,303728252.1660345196723938,302881862.4389097094535828,887287439.8581299781799316
