UE idx,lambdaBS,lambdaUE,numBlockers,powFactor,rate_before_handoff,rate_after_handoff,rate_mmW
1,25,50,400,1000,305332753.8680840730667114,243299868.1252107024192810,10120782028.8843383789062500
