lambdaBS,lambdaUE,numBlockers,deployRange,minRatereq,powerFac,lower_bound_thresh,lb_rate_before_handoff,scs_1,scs_2,mmW_rate_1,mmW_rate_2,users_not_bb
25,1000,400,100.000000,400000000.000000,1.000000,0.100000,0.5323809073742991,34257597.3044940978288651,65742402.6955059021711349,938604916.3730925321578979,1072011571.5365104675292969,4.4891640866873068
