UE idx,lambdaBS,lambdaUE,numBlockers,powFactor,rate_before_handoff,rate_after_handoff,rate_mmW
1,25,50,400,1000,301485931.2636344432830811,229278694.9003384709358215,7700165397.9390621185302734
