UE idx,lambdaBS,lambdaUE,numBlockers,rate_before_handoff,rate_after_handoff,rate_before_handoff_affected,rate_after_handoff_affected,rate_mmW
1,25,250,400,2.729200e+08,272615127.0808956027030945,278256528.6457796096801758,277372919.1856954693794250,1118316816.8367085456848145
