UE idx,lambdaBS,lambdaUE,numBlockers,powFactor,rate_before_handoff,rate_after_handoff,rate_before_handoff_affected,rate_after_handoff_affected,rate_mmW
1,25,150,400,10,184458118.3440815806388855,286296450.1678300499916077,99593058.3031749874353409,140112580.6115723848342896,72136873.5176950246095657
