UE idx,lambdaBS,lambdaUE,numBlockers,rate_before_handoff,rate_after_handoff,rate_before_handoff_affected,rate_after_handoff_affected,rate_mmW
1,25,250,400,2.057157e+08,205523438.1104738116264343,185512851.5401471555233002,185266578.0431276559829712,125378485.6747065633535385
