UE idx,lambdaBS,lambdaUE,numBlockers,powFactor,rate_before_handoff,rate_after_handoff,rate_mmW
1,25,40,400,1000,335376516.3284118175506592,256314129.9137342572212219,11029073515.1676788330078125
