UE idx,lambdaBS,lambdaUE,numBlockers,rate_before_handoff,rate_after_handoff,rate_before_handoff_affected,rate_after_handoff_affected,rate_mmW
1,25,230,400,2.059808e+08,205437855.8639886081218719,187760754.2840800583362579,186821464.0581014752388000,879539413.8226461410522461
