lambdaBS,lambdaUE,numBlockers,deployRange,minRatereq,powerFac,lower_bound_thresh,lb_rate_before_handoff,scs_1,scs_2,mmW_rate_1,mmW_rate_2,users_not_bb
25,1000,400,20.000000,400000000.000000,1.000000,0.100000,0.7452298983507506,53034627.1969795972108841,46965372.8030204027891159,1994253955.2499613761901855,1761224786.8357112407684326,2.9668411867364748
