UE idx,lambdaBS,lambdaUE,numBlockers,rate_before_handoff,rate_after_handoff,rate_before_handoff_affected,rate_after_handoff_affected,rate_mmW
1,25,200,400,2.922807e+08,292301529.7247593998908997,289252477.1637512445449829,287997592.3039043545722961,2183553939.8505625724792480
