UE idx,lambdaBS,lambdaUE,numBlockers,rate_before_handoff,rate_after_handoff,rate_before_handoff_affected,rate_after_handoff_affected,rate_mmW
1,25,240,400,2.667971e+08,266414510.6395703554153442,235467599.7921651601791382,234828350.8275454640388489,405553510.6282075047492981
