UE idx,lambdaBS,lambdaUE,numBlockers,rate_before_handoff,rate_after_handoff,rate_before_handoff_affected,rate_after_handoff_affected,rate_mmW
1,25,210,400,2.746346e+08,274152464.5195281505584717,251567607.5694565773010254,250854932.9111204445362091,600002230.5673424005508423
