UE idx,lambdaBS,lambdaUE,numBlockers,rate_before_handoff,rate_after_handoff,rate_before_handoff_affected,rate_after_handoff_affected,rate_mmW
1,25,240,400,2.767728e+08,276255034.8151542544364929,259690694.0522544085979462,258817238.4519372880458832,661112830.1970670223236084
