UE idx,lambdaBS,lambdaUE,numBlockers,rate_before_handoff,rate_after_handoff,rate_before_handoff_affected,rate_after_handoff_affected,rate_mmW
1,25,220,400,2.541589e+08,253806373.6597662866115570,223138797.7059738934040070,222686271.2416196763515472,527231978.6336430311203003
