UE idx,lambdaBS,lambdaUE,numBlockers,powFactor,rate_before_handoff,rate_after_handoff,rate_mmW
1,25,50,400,1000,290064022.1902397274971008,233980772.7620667815208435,9248041331.9438171386718750
