UE idx,lambdaBS,lambdaUE,numBlockers,rate_before_handoff,rate_after_handoff,rate_before_handoff_affected,rate_after_handoff_affected,rate_mmW
1,25,210,400,2.195634e+08,219177685.7890892624855042,195355773.7930971086025238,194871799.7606722414493561,445761681.1430647373199463
