lambdaBS,lambdaUE,numBlockers,deployRange,minRatereq,powerFac,lower_bound_thresh,lb_rate_before_handoff,scs_1,scs_2,mmW_rate_1,mmW_rate_2,users_not_bb
25,1000,400,100.000000,400000000.000000,1.000000,0.100000,0.4884429463276981,28343729.2663483917713165,71656270.7336516082286835,495360480.1529881358146667,401684400.7875635623931885,5.7996485061511427
