UE idx,lambdaBS,lambdaUE,numBlockers,rate_before_handoff,rate_after_handoff,rate_before_handoff_affected,rate_after_handoff_affected,rate_mmW
1,25,220,400,3.071140e+08,307831723.2860530018806458,309778365.2906640172004700,309673950.5443556308746338,2082250818.1159992218017578
