UE idx,lambdaBS,lambdaUE,numBlockers,rate_before_handoff,rate_after_handoff,rate_before_handoff_affected,rate_after_handoff_affected,rate_mmW
1,25,200,400,2.995858e+08,298821816.4563956260681152,264727324.5099790990352631,263106335.1899634301662445,2203410488.4320077896118164
