UE idx,lambdaBS,lambdaUE,numBlockers,rate_before_handoff,rate_after_handoff,rate_before_handoff_affected,rate_after_handoff_affected,rate_mmW
1,25,200,400,2.508728e+08,250120102.4775311648845673,226619931.2960690259933472,225530287.0960592329502106,466990001.5815236568450928
