UE idx,lambdaBS,lambdaUE,numBlockers,powFactor,rate_before_handoff,rate_after_handoff,rate_mmW
1,25,50,400,1000,299582325.7266918420791626,251818812.9783557951450348,7327459596.4486551284790039
