UE idx,lambdaBS,lambdaUE,numBlockers,rate_before_handoff,rate_after_handoff,rate_before_handoff_affected,rate_after_handoff_affected,rate_mmW
1,25,250,400,2.710705e+08,270967183.4338551759719849,238328228.5644786059856415,238123880.8546306490898132,316553309.7365553975105286
