UE idx,lambdaBS,lambdaUE,numBlockers,rate_before_handoff,rate_after_handoff,rate_before_handoff_affected,rate_after_handoff_affected,rate_mmW
1,25,210,400,2.861410e+08,285207660.9140986800193787,264831697.2902336716651917,263367476.7477272450923920,1539703003.7632007598876953
