UE idx,lambdaBS,lambdaUE,numBlockers,powFactor,rate_before_handoff,rate_after_handoff,rate_mmW
1,25,50,400,1000,297456514.7438269257545471,248306239.4596934020519257,11708367158.6328220367431641
