UE idx,lambdaBS,lambdaUE,numBlockers,rate_before_handoff,rate_after_handoff,rate_before_handoff_affected,rate_after_handoff_affected,rate_mmW
1,25,220,400,2.615542e+08,261361079.2662348151206970,287572089.3818345069885254,285283663.0768483877182007,2084949620.8040099143981934
