UE idx,lambdaBS,lambdaUE,numBlockers,rate_before_handoff,rate_after_handoff,rate_before_handoff_affected,rate_after_handoff_affected,rate_mmW
1,25,200,400,2.979423e+08,297007051.8432250618934631,273406690.2941445112228394,271443615.9799526333808899,1679927876.6652202606201172
