UE idx,lambdaBS,lambdaUE,numBlockers,rate_before_handoff,rate_after_handoff,rate_before_handoff_affected,rate_after_handoff_affected,rate_mmW
1,25,240,400,2.714086e+08,270778160.5888371467590332,274581413.3245614767074585,273570733.9348148107528687,487734850.9573000669479370
