UE idx,lambdaBS,lambdaUE,numBlockers,rate_before_handoff,rate_after_handoff,rate_before_handoff_affected,rate_after_handoff_affected,rate_mmW
1,25,150,400,2.683215e+08,268234000.1402617990970612,238096151.9369176030158997,236133143.6214863657951355,824719077.3687407970428467
