lambdaBS,lambdaUE,numBlockers,deployRange,minRatereq,powerFac,lower_bound_thresh,mmW_rate_1,mmW_rate_2,users_not_bb,mmW_rate_1_small,mmW_rate_2_small,users_not_bb_small
25,250,400,100.000000,400000000.000000,10.000000,0.100000,5210590520.6481866836547852,5248851690.3915624618530273,9.2592592592592595,0.0000000000000000,0.0000000000000000,19.1358024691358040
