UE idx,lambdaBS,lambdaUE,numBlockers,rate_before_handoff,rate_after_handoff,rate_before_handoff_affected,rate_after_handoff_affected,rate_mmW
1,25,210,400,2.739276e+08,272962141.6664831638336182,274478238.3825799822807312,272930616.5067023038864136,1647145829.0024702548980713
