UE idx,lambdaBS,lambdaUE,numBlockers,rate_before_handoff,rate_after_handoff,rate_before_handoff_affected,rate_after_handoff_affected,rate_mmW
1,25,210,400,2.792799e+08,278158990.7397236227989197,281349542.7924060225486755,278281427.8522948622703552,2237441647.7959337234497070
