UE idx,lambdaBS,lambdaUE,numBlockers,rate_before_handoff,rate_after_handoff,rate_before_handoff_affected,rate_after_handoff_affected,rate_mmW
1,25,240,400,2.175429e+08,216861354.9916715025901794,187269323.9739492237567902,186201602.6848202645778656,920493963.9666633605957031
