UE idx,lambdaBS,lambdaUE,numBlockers,rate_before_handoff,rate_after_handoff,rate_before_handoff_affected,rate_after_handoff_affected,rate_mmW
1,25,220,400,2.957625e+08,295282764.2401167750358582,279615390.9639821052551270,278907097.6842303872108459,312178986.5203931927680969
