lambdaBS,lambdaUE,numBlockers,deployRange,minRatereq,powerFac,lower_bound_thresh,lb_rate_before_handoff,scs_1,scs_2,mmW_rate_1,mmW_rate_2,users_not_bb
25,1000,400,60.000000,400000000.000000,100.000000,0.100000,0.6677878683775442,47588146.3899068534374237,52411853.6100931465625763,3962891802.5247774124145508,2528760752.2150611877441406,4.8780487804878048
