UE idx,lambdaBS,lambdaUE,numBlockers,powFactor,rate_before_handoff,rate_after_handoff,rate_mmW
1,25,50,400,5,30591809.8789253830909729,30316343.1522732637822628,135354801.9302026033401489
