UE idx,lambdaBS,lambdaUE,numBlockers,rate_before_handoff,rate_after_handoff,rate_before_handoff_affected,rate_after_handoff_affected,rate_mmW
1,25,200,400,2.894431e+08,289026623.3474065661430359,274129953.2614243626594543,272465223.1076453924179077,2377605731.1579551696777344
