UE idx,lambdaBS,lambdaUE,numBlockers,rate_before_handoff,rate_after_handoff,rate_before_handoff_affected,rate_after_handoff_affected,rate_mmW
1,25,200,400,2.558709e+08,255339049.6032165884971619,244746056.7913828194141388,243826764.0028277635574341,319027457.9140065312385559
