lambdaBS,lambdaUE,numBlockers,deployRange,minRatereq,powerFac,lower_bound_thresh,mmW_rate_1,mmW_rate_2,users_not_bb,mmW_rate_1_small,mmW_rate_2_small,users_not_bb_small
25,250,400,100.000000,400000000.000000,10.000000,0.100000,3935409907.5936079025268555,4556668511.8245086669921875,9.0277777777777786,865225772.7631595134735107,1769401846.4591927528381348,2.7777777777777777
