lambdaBS,lambdaUE,numBlockers,deployRange,minRatereq,powerFac,lower_bound_thresh,lb_rate_before_handoff,scs_1,scs_2,mmW_rate_1,mmW_rate_2,users_not_bb
25,1000,400,100.000000,400000000.000000,10.000000,0.100000,0.8208975629580395,57363742.3482166677713394,42636257.6517833322286606,1426003402.5001933574676514,2420526735.7399902343750000,4.4293015332197614
