UE idx,lambdaBS,lambdaUE,numBlockers,rate_before_handoff,rate_after_handoff,rate_before_handoff_affected,rate_after_handoff_affected,rate_mmW
1,25,220,400,2.705454e+08,270182018.6457001566886902,255815117.6505834758281708,254673648.7298372983932495,1060296142.0416330099105835
