UE idx,lambdaBS,lambdaUE,numBlockers,rate_before_handoff,rate_after_handoff,rate_before_handoff_affected,rate_after_handoff_affected,rate_mmW
1,25,250,400,2.804791e+08,280246308.5072098970413208,257274149.3720986545085907,256834325.9322914481163025,798052849.0996773242950439
