lambdaBS,lambdaUE,numBlockers,deployRange,minRatereq,powerFac,lower_bound_thresh,lb_rate_before_handoff,scs_1,scs_2,mmW_rate_1,mmW_rate_2,users_not_bb
25,1000,400,80.000000,400000000.000000,1.000000,0.100000,0.7171090744462842,51192919.9515077248215675,48807080.0484922751784325,1523337109.8590803146362305,1053013144.0550483465194702,4.5161290322580649
