UE idx,lambdaBS,lambdaUE,numBlockers,rate_before_handoff,rate_after_handoff,rate_before_handoff_affected,rate_after_handoff_affected,rate_mmW
1,25,250,400,2.482280e+08,247904093.7171406745910645,220619052.1219606995582581,220124288.4498557150363922,675456535.2096387147903442
