UE idx,lambdaBS,lambdaUE,numBlockers,rate_before_handoff,rate_after_handoff,rate_before_handoff_affected,rate_after_handoff_affected,rate_mmW
1,25,210,400,2.948413e+08,294143126.6379934549331665,287990335.7242894172668457,286994698.9787232279777527,730298569.3314536809921265
