UE idx,lambdaBS,lambdaUE,numBlockers,rate_before_handoff,rate_after_handoff,rate_before_handoff_affected,rate_after_handoff_affected,rate_mmW
1,25,200,400,2.626067e+08,262058080.6319764852523804,233771028.9252621233463287,232932726.6833117604255676,1069278784.5554463863372803
