UE idx,lambdaBS,lambdaUE,numBlockers,rate_before_handoff,rate_after_handoff,rate_before_handoff_affected,rate_after_handoff_affected,rate_mmW
1,25,210,400,2.863547e+08,285860705.1629240512847900,254851263.2922611236572266,253969472.1098111569881439,1412902711.1186854839324951
