UE idx,lambdaBS,lambdaUE,numBlockers,powFactor,rate_before_handoff,rate_after_handoff,rate_before_handoff_affected,rate_after_handoff_affected,rate_mmW
1,25,150,400,1000,186598945.5550376176834106,203342791.5333131849765778,203327935.5833561718463898,38893477.0624937117099762,4805057880.1642541885375977
