UE idx,lambdaBS,lambdaUE,numBlockers,powFactor,rate_before_handoff,rate_after_handoff,rate_before_handoff_affected,rate_after_handoff_affected,rate_mmW
1,25,150,400,1,180842875.8229558765888214,280975017.9623171091079712,149978547.8572269082069397,153236802.8167371451854706,1160733685.3242461681365967
