lambdaBS,lambdaUE,numBlockers,deployRange,minRatereq,powerFac,lower_bound_thresh,lb_rate_before_handoff,scs_1,scs_2,mmW_rate_1,mmW_rate_2,users_not_bb
25,1000,400,40.000000,400000000.000000,10.000000,0.100000,0.5996927270021055,41636777.5961419716477394,58363222.4038580283522606,1670693669.9962458610534668,2972986834.7174711227416992,3.0508474576271185
