lambdaBS,lambdaUE,numBlockers,deployRange,minRatereq,powerFac,lower_bound_thresh,lb_rate_before_handoff,scs_1,scs_2,mmW_rate_1,mmW_rate_2,users_not_bb
25,1000,400,20.000000,400000000.000000,100.000000,0.100000,0.5412796816236833,35338418.9574416130781174,64661581.0425583869218826,2163299681.3183870315551758,1525438242.5481829643249512,5.8727569331158236
