UE idx,lambdaBS,lambdaUE,numBlockers,rate_before_handoff,rate_after_handoff,rate_before_handoff_affected,rate_after_handoff_affected,rate_mmW
1,25,230,400,2.676772e+08,266961095.8921129703521729,253106036.2682823836803436,251870115.1199896037578583,1582561819.2645435333251953
