UE idx,lambdaBS,lambdaUE,numBlockers,rate_before_handoff,rate_after_handoff,rate_before_handoff_affected,rate_after_handoff_affected,rate_mmW
1,25,250,400,2.262278e+08,225848745.7517444193363190,206479381.6117474734783173,205421018.4650909304618835,711211990.1441751718521118
