UE idx,lambdaBS,lambdaUE,numBlockers,rate_before_handoff,rate_after_handoff,rate_before_handoff_affected,rate_after_handoff_affected,rate_mmW
1,25,210,400,3.172595e+08,316936676.9100814461708069,305064808.1047342419624329,304558602.4622215628623962,472012843.7720283865928650
