UE idx,lambdaBS,lambdaUE,numBlockers,rate_before_handoff,rate_after_handoff,rate_before_handoff_affected,rate_after_handoff_affected,rate_mmW
1,25,240,400,2.647031e+08,264225578.7003401815891266,229941709.7195886969566345,229053770.9238611757755280,874574318.4655426740646362
