UE idx,lambdaBS,lambdaUE,numBlockers,rate_before_handoff,rate_after_handoff,rate_before_handoff_affected,rate_after_handoff_affected,rate_mmW
1,25,220,400,2.816025e+08,281072005.0887075662612915,284243874.5206788778305054,283137454.6783877611160278,767216333.5265977382659912
