UE idx,lambdaBS,lambdaUE,numBlockers,rate_before_handoff,rate_after_handoff,rate_before_handoff_affected,rate_after_handoff_affected,rate_mmW
1,25,220,400,2.752522e+08,274515900.1650488972663879,262126567.7533530294895172,261138503.3971389532089233,639465988.8169015645980835
