UE idx,lambdaBS,lambdaUE,numBlockers,rate_before_handoff,rate_after_handoff,rate_before_handoff_affected,rate_after_handoff_affected,rate_mmW
1,25,210,400,2.819545e+08,281374549.6038607954978943,252626347.2447507083415985,251758339.5081090033054352,350891804.4888179302215576
