UE idx,lambdaBS,lambdaUE,numBlockers,rate_before_handoff,rate_after_handoff,rate_before_handoff_affected,rate_after_handoff_affected,rate_mmW
1,25,200,400,2.758689e+08,275257343.6975083947181702,282173257.5129458308219910,281237311.7197505831718445,867961983.4451255798339844
