UE idx,lambdaBS,lambdaUE,numBlockers,rate_before_handoff,rate_after_handoff,rate_before_handoff_affected,rate_after_handoff_affected,rate_mmW
1,25,220,400,2.637941e+08,262297035.8010626137256622,223731658.3559702932834625,219437388.8398863077163696,602348425.7687425613403320
