lambdaBS,lambdaUE,numBlockers,deployRange,minRatereq,powerFac,lower_bound_thresh,lb_rate_before_handoff,scs_1,scs_2,mmW_rate_1,mmW_rate_2,users_not_bb
25,1000,400,20.000000,400000000.000000,100.000000,0.100000,0.6088901317256012,42518365.5041187480092049,57481634.4958812519907951,3592417611.2090444564819336,1716972583.3993239402770996,4.8027444253859350
