UE idx,lambdaBS,lambdaUE,numBlockers,rate_before_handoff,rate_after_handoff,rate_before_handoff_affected,rate_after_handoff_affected,rate_mmW
1,25,200,400,2.992872e+08,298650288.6521151661872864,287388798.5257175564765930,286388451.0727100968360901,1257909493.6776483058929443
