UE idx,lambdaBS,lambdaUE,numBlockers,rate_before_handoff,rate_after_handoff,rate_before_handoff_affected,rate_after_handoff_affected,rate_mmW
1,25,230,400,2.874247e+08,287010314.5031625628471375,258351673.8409179747104645,257440249.9542001187801361,310135972.1106925010681152
