UE idx,lambdaBS,lambdaUE,numBlockers,rate_before_handoff,rate_after_handoff,rate_before_handoff_affected,rate_after_handoff_affected,rate_mmW
1,25,150,400,2.482719e+08,248088917.0803786218166351,200003173.6105358600616455,199135163.4828805327415466,563351093.0116468667984009
