UE idx,lambdaBS,lambdaUE,numBlockers,rate_before_handoff,rate_after_handoff,rate_before_handoff_affected,rate_after_handoff_affected,rate_mmW
1,25,230,400,2.882651e+08,287752823.4749053716659546,297612670.0052723288536072,296255639.2975335717201233,1286716312.2517766952514648
