UE idx,lambdaBS,lambdaUE,numBlockers,powFactor,rate_before_handoff,rate_after_handoff,rate_mmW
1,25,50,400,1000,326240090.0035728216171265,274005578.3526861667633057,7340528293.1031980514526367
