UE idx,lambdaBS,lambdaUE,numBlockers,rate_before_handoff,rate_after_handoff,rate_before_handoff_affected,rate_after_handoff_affected,rate_mmW
1,25,230,400,2.670819e+08,267424089.7987287640571594,249572768.3451952040195465,249147559.1781433522701263,1540052452.6648120880126953
