UE idx,lambdaBS,lambdaUE,numBlockers,rate_before_handoff,rate_after_handoff,rate_before_handoff_affected,rate_after_handoff_affected,rate_mmW
1,25,150,400,2.692560e+08,269141464.1516196131706238,241175351.4501795172691345,239857893.2425418794155121,1218160426.9003021717071533
