UE idx,lambdaBS,lambdaUE,numBlockers,powFactor,rate_before_handoff,rate_after_handoff,rate_mmW
1,25,20,400,1000,346188211.0061935782432556,303344076.3310448527336121,6806979194.9664564132690430
