UE idx,lambdaBS,lambdaUE,numBlockers,powFactor,rate_before_handoff,rate_after_handoff,rate_mmW
1,25,50,400,1000000,326240090.0035728216171265,260740600.6951438188552856,7558021819.2003440856933594
