UE idx,lambdaBS,lambdaUE,numBlockers,rate_before_handoff,rate_after_handoff,rate_before_handoff_affected,rate_after_handoff_affected,rate_mmW
1,25,200,400,3.008654e+08,299892665.8676790595054626,284490564.4526358246803284,283194918.9032966494560242,537078340.7094749212265015
