UE idx,lambdaBS,lambdaUE,numBlockers,rate_before_handoff,rate_after_handoff,rate_before_handoff_affected,rate_after_handoff_affected,rate_mmW
1,25,250,400,2.415562e+08,242449048.9825521409511566,214101772.6020815670490265,214853299.8219031095504761,1278234142.3804194927215576
