UE idx,lambdaBS,lambdaUE,numBlockers,rate_before_handoff,rate_after_handoff,rate_before_handoff_affected,rate_after_handoff_affected,rate_mmW
1,25,200,400,2.879422e+08,287056219.7317129969596863,275647286.6563537120819092,274042017.9254364967346191,2246971403.3340554237365723
