UE idx,lambdaBS,lambdaUE,numBlockers,powFactor,rate_before_handoff,rate_after_handoff,rate_before_handoff_affected,rate_after_handoff_affected,rate_mmW
1,25,150,400,100,191706375.2181179821491241,297121335.1396961808204651,195019665.7372450530529022,175750503.6784812211990356,1529141166.7355432510375977
