UE idx,lambdaBS,lambdaUE,numBlockers,rate_before_handoff,rate_after_handoff,rate_before_handoff_affected,rate_after_handoff_affected,rate_mmW
1,25,210,400,2.730046e+08,272719259.5284025073051453,245203407.5028421282768250,244788565.8048191666603088,106139628.8394446372985840
