lambdaBS,lambdaUE,numBlockers,deployRange,minRatereq,powerFac,lower_bound_thresh,lb_rate_before_handoff,scs_1,scs_2,mmW_rate_1,mmW_rate_2,users_not_bb
25,1000,400,40.000000,400000000.000000,1.000000,0.100000,0.4702115602119379,25565419.9904730319976807,74434580.0095269680023193,393471817.2486995458602905,224591204.3185204863548279,6.9354838709677420
