UE idx,lambdaBS,lambdaUE,numBlockers,powFactor,rate_before_handoff,rate_after_handoff,rate_mmW
1,25,50,400,1000,325022545.6195893883705139,249333919.2604941129684448,6866140130.0249032974243164
