UE idx,lambdaBS,lambdaUE,numBlockers,rate_before_handoff,rate_after_handoff,rate_before_handoff_affected,rate_after_handoff_affected,rate_mmW
1,25,200,400,2.648387e+08,264232836.4124833345413208,248210269.3465993404388428,247507136.8670854866504669,422187488.0852416753768921
