UE idx,lambdaBS,lambdaUE,numBlockers,powFactor,rate_before_handoff,rate_after_handoff,rate_mmW
1,25,30,400,1000,347205228.9198006391525269,289272683.5243163108825684,9677079228.5113372802734375
