UE idx,lambdaBS,lambdaUE,numBlockers,powFactor,rate_before_handoff,rate_after_handoff,rate_mmW
1,25,50,400,1000,299050446.6420537233352661,247698725.5963988900184631,10183532960.7783832550048828
