UE idx,lambdaBS,lambdaUE,numBlockers,powFactor,rate_before_handoff,rate_after_handoff,rate_mmW
1,25,40,400,1000,330138013.1565442085266113,271575612.3325101137161255,7311187461.1614370346069336
