UE idx,lambdaBS,lambdaUE,numBlockers,rate_before_handoff,rate_after_handoff,rate_before_handoff_affected,rate_after_handoff_affected,rate_mmW
1,25,230,400,2.417677e+08,241874989.8774110674858093,228713889.4143756926059723,228739092.0433876514434814,2029765445.5569152832031250
