UE idx,lambdaBS,lambdaUE,numBlockers,rate_before_handoff,rate_after_handoff,rate_before_handoff_affected,rate_after_handoff_affected,rate_mmW
1,25,250,400,2.124711e+08,211925561.6978831291198730,199162397.6003320217132568,198518403.1976608633995056,274937038.2051409482955933
