UE idx,lambdaBS,lambdaUE,numBlockers,powFactor,rate_before_handoff,rate_after_handoff,rate_before_handoff_affected,rate_after_handoff_affected,rate_mmW
1,25,150,400,10000,163200906.5981460213661194,218382996.7093644440174103,263866910.2586887478828430,318771502.6612926125526428,70021566.1934686005115509
