UE idx,lambdaBS,lambdaUE,numBlockers,rate_before_handoff,rate_after_handoff,rate_before_handoff_affected,rate_after_handoff_affected,rate_mmW
1,25,210,400,2.764230e+08,276329773.0359724164009094,254559796.8010956943035126,253868540.1069978475570679,1389821408.1878705024719238
