UE idx,lambdaBS,lambdaUE,numBlockers,rate_before_handoff,rate_after_handoff,rate_before_handoff_affected,rate_after_handoff_affected,rate_mmW
1,25,210,400,2.747813e+08,274296049.5513366460800171,259386887.1818065047264099,258603689.5135234892368317,361620608.2506228089332581
