UE idx,lambdaBS,lambdaUE,numBlockers,rate_before_handoff,rate_after_handoff,rate_before_handoff_affected,rate_after_handoff_affected,rate_mmW
1,25,200,400,2.979423e+08,297007051.8432249426841736,273406690.2941440343856812,271443615.9799522161483765,1679927876.6652197837829590
