UE idx,lambdaBS,lambdaUE,numBlockers,powFactor,rate_before_handoff,rate_after_handoff,rate_mmW
1,25,50,400,1000,298425846.6880135536193848,264846623.7798489928245544,4124622321.6043210029602051
