UE idx,lambdaBS,lambdaUE,numBlockers,rate_before_handoff,rate_after_handoff,rate_before_handoff_affected,rate_after_handoff_affected,rate_mmW
1,25,230,400,2.836756e+08,283313145.7189849615097046,243135530.8730421960353851,242366338.8516216874122620,914631906.2617008686065674
