UE idx,lambdaBS,lambdaUE,numBlockers,rate_before_handoff,rate_after_handoff,rate_before_handoff_affected,rate_after_handoff_affected,rate_mmW
1,25,230,400,2.669946e+08,266601200.3745632767677307,258286215.7637456059455872,257565774.8231390416622162,609203253.9527792930603027
