UE idx,lambdaBS,lambdaUE,numBlockers,powFactor,rate_before_handoff,rate_after_handoff,rate_mmW
1,25,10,400,1000,378074042.7787930965423584,322898737.1843823790550232,9774335868.5930976867675781
