UE idx,lambdaBS,lambdaUE,numBlockers,rate_before_handoff,rate_after_handoff,rate_before_handoff_affected,rate_after_handoff_affected,rate_mmW
1,25,250,400,2.464254e+08,245545344.3987753689289093,231841528.3668988049030304,230569889.5922402441501617,516353244.3507997393608093
