UE idx,lambdaBS,lambdaUE,numBlockers,powFactor,rate_before_handoff,rate_after_handoff,rate_mmW
1,25,50,400,100,241802162.4978724420070648,269798780.2493669986724854,12473106.0863614212721586
