lambdaBS,lambdaUE,numBlockers,deployRange,minRatereq,powerFac,lower_bound_thresh,lb_rate_before_handoff,scs_1,scs_2,mmW_rate_1,mmW_rate_2,users_not_bb
25,1000,400,100.000000,400000000.000000,100.000000,0.100000,0.4796369266181817,27028137.2062456160783768,72971862.7937543839216232,1795162734.3342134952545166,2064717290.6786446571350098,7.7452667814113596
