UE idx,lambdaBS,lambdaUE,numBlockers,rate_before_handoff,rate_after_handoff,rate_before_handoff_affected,rate_after_handoff_affected,rate_mmW
1,25,230,400,2.695687e+08,268159670.6662947535514832,248736284.8732745647430420,244439733.6498945653438568,2266292476.5435948371887207
