UE idx,lambdaBS,lambdaUE,numBlockers,rate_before_handoff,rate_after_handoff,rate_before_handoff_affected,rate_after_handoff_affected,rate_mmW
1,25,240,400,2.442442e+08,243753878.7492669820785522,212892428.7652341127395630,212185259.2689611613750458,607455892.5279928445816040
