UE idx,lambdaBS,lambdaUE,numBlockers,rate_before_handoff,rate_after_handoff,rate_before_handoff_affected,rate_after_handoff_affected,rate_mmW
1,25,230,400,2.565385e+08,254651686.8440380394458771,228975169.3494035899639130,225490195.7811343669891357,2171285256.5653500556945801
