UE idx,lambdaBS,lambdaUE,numBlockers,powFactor,rate_before_handoff,rate_after_handoff,rate_mmW
1,25,1000,400,1,57970643.5826608762145042,54235643.4602392613887787,144167922.4154896140098572
