lambdaBS,lambdaUE,numBlockers,deployRange,minRatereq,powerFac,lower_bound_thresh,lb_rate_before_handoff,scs_1,scs_2,mmW_rate_1,mmW_rate_2,users_not_bb
25,1000,400,20.000000,400000000.000000,100.000000,0.100000,0.4608201597388168,24048461.7256387621164322,75951538.2743612378835678,773467810.9060277938842773,667780849.9505583047866821,8.9108910891089117
