UE idx,lambdaBS,lambdaUE,numBlockers,rate_before_handoff,rate_after_handoff,rate_before_handoff_affected,rate_after_handoff_affected,rate_mmW
1,25,250,400,2.605031e+08,260047886.3913130164146423,234176825.7706342637538910,233433522.1441406607627869,375043958.4483013749122620
