UE idx,lambdaBS,lambdaUE,numBlockers,rate_before_handoff,rate_after_handoff,rate_before_handoff_affected,rate_after_handoff_affected,rate_mmW
1,25,240,400,2.477860e+08,245474576.5290126204490662,208175940.4670706689357758,203346509.0000303983688354,3073736530.5359168052673340
