UE idx,lambdaBS,lambdaUE,numBlockers,rate_before_handoff,rate_after_handoff,rate_before_handoff_affected,rate_after_handoff_affected,rate_mmW
1,25,230,400,2.778874e+08,277133914.8989511728286743,259678476.5259626209735870,258490973.6965017616748810,613289598.4715903997421265
