UE idx,lambdaBS,lambdaUE,numBlockers,rate_before_handoff,rate_after_handoff,rate_before_handoff_affected,rate_after_handoff_affected,rate_mmW
1,25,220,400,2.583697e+08,257995205.8316459953784943,235608818.9921641945838928,235058551.1039122343063354,428393140.7632796764373779
