UE idx,lambdaBS,lambdaUE,numBlockers,powFactor,rate_before_handoff,rate_after_handoff,rate_mmW
1,25,50,400,1000,286511526.4155670404434204,248571899.3187681734561920,7082799083.0374145507812500
