lambdaBS,lambdaUE,numBlockers,deployRange,minRatereq,powerFac,lower_bound_thresh,mmW_rate_1,mmW_rate_2,users_not_bb,mmW_rate_1_small,mmW_rate_2_small,users_not_bb_small
25,250,400,100.000000,100000000.000000,10.000000,0.100000,738298749.4339720010757446,621785935.2062258720397949,8.0745341614906838,368826851.1822563409805298,284179000.3031828999519348,0.6211180124223602
