UE idx,lambdaBS,lambdaUE,numBlockers,powFactor,rate_before_handoff,rate_after_handoff,rate_mmW
1,25,40,400,1000,308672371.3641769886016846,256183374.5825510621070862,7796014560.2780055999755859
