UE idx,lambdaBS,lambdaUE,numBlockers,rate_before_handoff,rate_after_handoff,rate_before_handoff_affected,rate_after_handoff_affected,rate_mmW
1,25,200,400,2.573638e+08,256955683.1330387592315674,252797426.7165326178073883,251986793.9157578051090240,567348185.4958373308181763
