UE idx,lambdaBS,lambdaUE,numBlockers,powFactor,rate_before_handoff,rate_after_handoff,rate_mmW
1,25,50,400,1000,319771732.7106441855430603,272824897.9353531002998352,4962020621.5503168106079102
