lambdaBS,lambdaUE,numBlockers,deployRange,minRatereq,powerFac,lower_bound_thresh,lb_rate_before_handoff,scs_1,scs_2,mmW_rate_1,mmW_rate_2,users_not_bb
25,1000,400,60.000000,400000000.000000,100.000000,0.100000,0.3967027548007861,11772732.6658568382263184,88227267.3341431617736816,836491160.6255590915679932,844508198.2213498353958130,13.2302405498281779
