UE idx,lambdaBS,lambdaUE,numBlockers,rate_before_handoff,rate_after_handoff,rate_before_handoff_affected,rate_after_handoff_affected,rate_mmW
1,25,220,400,2.595892e+08,259169300.7165410220623016,249864858.9137487113475800,248405218.5506415367126465,1463288515.7371203899383545
