UE idx,lambdaBS,lambdaUE,numBlockers,powFactor,rate_before_handoff,rate_after_handoff,rate_mmW
1,25,30,400,1000,360014714.1495535969734192,326612493.7226406335830688,6941563673.7744922637939453
