UE idx,lambdaBS,lambdaUE,numBlockers,rate_before_handoff,rate_after_handoff,rate_before_handoff_affected,rate_after_handoff_affected,rate_mmW
1,25,250,400,2.844108e+08,284073550.9631316065788269,286475452.8585976362228394,285689461.1973749399185181,615655146.5858477354049683
