UE idx,lambdaBS,lambdaUE,numBlockers,rate_before_handoff,rate_after_handoff,rate_before_handoff_affected,rate_after_handoff_affected,rate_mmW
1,25,230,400,2.330511e+08,232577902.2293505668640137,204541888.8520422875881195,203776783.1439891457557678,777401071.5756012201309204
