UE idx,lambdaBS,lambdaUE,numBlockers,powFactor,rate_before_handoff,rate_after_handoff,rate_mmW
1,25,50,400,1000,282814117.7605721354484558,243210036.3768914341926575,8137503085.4998750686645508
