UE idx,lambdaBS,lambdaUE,numBlockers,powFactor,rate_before_handoff,rate_after_handoff,rate_mmW
1,25,50,400,1,326240090.0035728216171265,287935042.5128176808357239,4929244600.4657030105590820
