UE idx,lambdaBS,lambdaUE,numBlockers,powFactor,rate_before_handoff,rate_after_handoff,rate_mmW
1,25,50,400,30,225750685.9831546545028687,251738449.9313196241855621,5750119.4063059417530894
