UE idx,lambdaBS,lambdaUE,numBlockers,powFactor,rate_before_handoff,rate_after_handoff,rate_mmW
1,25,50,400,40,209004356.4873965680599213,230430436.0306361913681030,116579527.8915269672870636
