UE idx,lambdaBS,lambdaUE,numBlockers,powFactor,rate_before_handoff,rate_after_handoff,rate_mmW
1,25,40,400,1000,321696883.9124694466590881,265117793.4124986529350281,8200532857.6772041320800781
