UE idx,lambdaBS,lambdaUE,numBlockers,rate_before_handoff,rate_after_handoff,rate_before_handoff_affected,rate_after_handoff_affected,rate_mmW
1,25,200,400,2.605314e+08,260894439.0366647243499756,228717790.7655868530273438,228552768.7536726891994476,1374720690.8702759742736816
