lambdaBS,lambdaUE,numBlockers,deployRange,minRatereq,powerFac,lower_bound_thresh,lb_rate_before_handoff,scs_1,scs_2,mmW_rate_1,mmW_rate_2,users_not_bb
25,1000,400,60.000000,400000000.000000,100.000000,0.100000,0.5109420432498426,31499080.0573333352804184,68500919.9426666647195816,1600281280.8697488307952881,1430925763.4156286716461182,5.6313993174061432
