lambdaBS,lambdaUE,numBlockers,deployRange,minRatereq,powerFac,lower_bound_thresh,lb_rate_before_handoff,scs_1,scs_2,mmW_rate_1,mmW_rate_2,users_not_bb
25,1000,400,80.000000,400000000.000000,1.000000,0.100000,0.7808035363723231,55174383.3504996001720428,44825616.6495003998279572,899049497.3141292333602905,1055803139.2293657064437866,4.0852575488454708
