UE idx,lambdaBS,lambdaUE,numBlockers,powFactor,rate_before_handoff,rate_after_handoff,rate_mmW
1,25,50,400,1000,307449575.2400991916656494,244236313.4132452309131622,7245421110.3618249893188477
