lambdaBS,lambdaUE,numBlockers,deployRange,minRatereq,powerFac,lower_bound_thresh,lb_rate_before_handoff,scs_1,scs_2,mmW_rate_1,mmW_rate_2,users_not_bb
25,1000,400,20.000000,400000000.000000,1.000000,0.100000,0.4304372785679157,18687340.1940310895442963,81312659.8059689104557037,470628405.4134383797645569,340542056.1707313060760498,8.1632653061224492
