lambdaBS,lambdaUE,numBlockers,deployRange,minRatereq,powerFac,lower_bound_thresh,lb_rate_before_handoff,scs_1,scs_2,mmW_rate_1,mmW_rate_2,users_not_bb
25,1000,400,100.000000,400000000.000000,100.000000,0.100000,0.2767413828391575,-26471869.2987888008356094,126471869.2987888008356094,-1016358155.8922325372695923,-1073686822.8532674312591553,16.5551839464882953
