UE idx,lambdaBS,lambdaUE,numBlockers,powFactor,rate_before_handoff,rate_after_handoff,rate_mmW
1,25,50,400,1000,302911275.8027616739273071,227506708.5203681886196136,9214328565.8533973693847656
