UE idx,lambdaBS,lambdaUE,numBlockers,rate_before_handoff,rate_after_handoff,rate_before_handoff_affected,rate_after_handoff_affected,rate_mmW
1,25,250,400,2.788511e+08,278563624.2845810055732727,247699230.9870924353599548,246908417.3759100139141083,1186092706.7176773548126221
