UE idx,lambdaBS,lambdaUE,numBlockers,rate_before_handoff,rate_after_handoff,rate_before_handoff_affected,rate_after_handoff_affected,rate_mmW
1,25,250,400,2.655658e+08,265107722.9203219711780548,248153709.8817774355411530,247417884.0443675518035889,436767991.1502627134323120
