UE idx,lambdaBS,lambdaUE,numBlockers,rate_before_handoff,rate_after_handoff,rate_before_handoff_affected,rate_after_handoff_affected,rate_mmW
1,25,240,400,2.443276e+08,241332073.4509548842906952,227848079.2386632561683655,221967345.5590295195579529,2221966478.3550310134887695
