lambdaBS,lambdaUE,numBlockers,deployRange,minRatereq,powerFac,lower_bound_thresh,lb_rate_before_handoff,scs_1,scs_2,mmW_rate_1,mmW_rate_2,users_not_bb
25,1000,400,20.000000,400000000.000000,100.000000,0.100000,0.4981739195776684,29743411.6389079988002777,70256588.3610920011997223,1356680009.4951901435852051,1244943837.9496057033538818,7.1082390953150245
