UE idx,lambdaBS,lambdaUE,numBlockers,rate_before_handoff,rate_after_handoff,rate_before_handoff_affected,rate_after_handoff_affected,rate_mmW
1,25,250,400,2.648893e+08,265705027.1801174283027649,254263906.9346776008605957,254000591.9085077047348022,1743923382.0026783943176270
