UE idx,lambdaBS,lambdaUE,numBlockers,powFactor,rate_before_handoff,rate_after_handoff,rate_mmW
1,25,50,400,100,326240090.0035728216171265,281939793.9739596843719482,6911603227.6545228958129883
