UE idx,lambdaBS,lambdaUE,numBlockers,powFactor,rate_before_handoff,rate_after_handoff,rate_before_handoff_affected,rate_after_handoff_affected,rate_mmW
1,25,150,400,10,169796997.9322716295719147,262908240.6089053750038147,112609822.2684569656848907,150959729.4010762572288513,623134149.7571943998336792
