UE idx,lambdaBS,lambdaUE,numBlockers,rate_before_handoff,rate_after_handoff,rate_before_handoff_affected,rate_after_handoff_affected,rate_mmW
1,25,150,400,2.619504e+08,261765982.4322813749313354,265705253.9139507114887238,263082206.9251103103160858,1329289809.7201187610626221
