UEIdx,lambdaBS,lambdaUE,numBlockers,GroupCount,mean_rate_before_handoff,std_rate_before_handoff,mean_rate_after_handoff,std_rate_after_handoff,mean_rate_before_handoff_affected,std_rate_before_handoff_affected,mean_rate_after_handoff_affected,std_rate_after_handoff_affected,mean_rate_mmW,std_rate_mmW
1,25,200,400,99,273014519.191919,22557578.8567548,272492567.34693,22572002.2709513,257087683.562277,27438966.9941907,255925966.146473,27514466.8855296,997104261.379506,724237506.674358
1,25,210,400,99,269133346.464646,24218630.2779463,268582679.516532,24286111.4253192,252881653.033852,26127978.8139567,251649239.458673,25873806.0347795,1095354496.59773,945399373.558954
1,25,220,400,99,260894745.454545,23578639.8620129,260466814.044815,23539586.8831918,245731818.509163,26870282.4002577,244612392.801929,26645816.0345114,1144606762.77816,914522385.590574
1,25,230,400,99,261139031.313131,24079936.1792524,260670424.794246,24065294.4360555,244018393.348489,26100916.1878144,242806777.895582,25757656.5019728,1152299191.72508,924539895.409795
1,25,240,400,99,256146075.757576,24774608.0227732,255653239.227335,24767941.212044,240541430.571592,28442951.6579005,239340053.593639,28235208.8628485,1041779209.38744,888796237.094488
1,25,250,400,99,252493003.030303,26168311.7548354,252048070.907418,26162139.6545933,237569517.796643,29873617.3502455,236523557.600074,29620531.5269759,1031027401.72184,799941896.978744
