UEIdx,lambdaBS,lambdaUE,numBlockers,deployRange,discoveryDelay,failureDetectionDelay,connectionSetupDelay,signalingAfterRachDelay,frameHopCount,frameDeliveryDelay,minRatereq,powerFac,lower_bound_thresh,GroupCount,mean_meanOutageDuration_wo_CF,std_meanOutageDuration_wo_CF,mean_outageProbability_wo_CF,std_outageProbability_wo_CF,mean_meanOutageDuration,std_meanOutageDuration,mean_outageProbability,std_outageProbability
1,25,1000,314,100,0.02,0,0.05,0,0,0,400000000,10,0.1,94,0.369217327849425,0.250840213129606,0.013172692654498,0.0108336032015699,0.0307910205074101,0.109324951585156,0.00135695982242184,0.00534568164272099
2,25,1000,314,100,0.02,0,0.05,0,0,0,400000000,10,0.1,94,0.362228445281815,0.247519494449296,0.0142082887078364,0.0118940189363406,0.034145746144822,0.121822051090592,0.00144782072732154,0.00577781420894985
3,25,1000,314,100,0.02,0,0.05,0,0,0,400000000,10,0.1,94,0.362540743678241,0.252825850516617,0.014308951284477,0.0125631525652762,0.0300473539905961,0.111636957476438,0.00128959700112927,0.0052707090933502
4,25,1000,314,100,0.02,0,0.05,0,0,0,400000000,10,0.1,94,0.364356237879984,0.243493514033914,0.014749033771183,0.0119984557363336,0.0320539164892998,0.119060704740808,0.00131906937197944,0.00553549231423165
5,25,1000,314,100,0.02,0,0.05,0,0,0,400000000,10,0.1,94,0.37144623583247,0.24827609722299,0.0146261851339037,0.0119505956790515,0.0361983586137037,0.133580496164339,0.0011688245681342,0.00471185194259562
6,25,1000,314,100,0.02,0,0.05,0,0,0,400000000,10,0.1,94,0.37262834597018,0.257158232719597,0.013896792878477,0.0125130460648528,0.0400850507818152,0.148309533250256,0.00186032037443274,0.00773648228351747
