UEIdx,lambdaBS,lambdaUE,numBlockers,discoveryDelay,failureDetectionDelay,connectionSetupDelay,signalingAfterRachDelay,frameHopCount,frameDeliveryDelay,minRatereq,powerFac,lower_bound_thresh,GroupCount,mean_meanOutageDuration_wo_CF,std_meanOutageDuration_wo_CF,mean_outageProbability_wo_CF,std_outageProbability_wo_CF,mean_meanOutageDuration,std_meanOutageDuration,mean_outageProbability,std_outageProbability
1,25,225,4000,0.02,0,0.05,0,0,0,400000000,100,0,10,0.695724969790643,0.0431177103375359,0.244033456619914,0.0758703908718562,0.317946810120669,0.346476723642179,0.119888946018264,0.139780659415974
1,25,225,4000,0.02,0,0.05,0,0,0,400000000,100,0.05,98,0.626047593804699,0.138700654265013,0.230595298995387,0.0822090006271354,0.139937691384518,0.264135875217627,0.0546733133594702,0.109142302288303
1,25,225,4000,0.02,0,0.05,0,0,0,400000000,100,0.1,98,0.626047593804699,0.138700654265013,0.230595298995387,0.0822090006271354,0.139937691384518,0.264135875217627,0.0546733133594702,0.109142302288303
1,25,225,4000,0.02,0,0.05,0,0,0,400000000,100,1,10,0.695724969790643,0.0431177103375359,0.244033456619914,0.0758703908718562,0.246770902939259,0.329191620563932,0.0937911133850797,0.134760270823386
