UEIdx,lambdaBS,lambdaUE,numBlockers,deployRange,discoveryDelay,failureDetectionDelay,connectionSetupDelay,signalingAfterRachDelay,frameHopCount,frameDeliveryDelay,minRatereq,powerFac,lower_bound_thresh,GroupCount,mean_meanOutageDuration_wo_CF,std_meanOutageDuration_wo_CF,mean_outageProbability_wo_CF,std_outageProbability_wo_CF,mean_meanOutageDuration,std_meanOutageDuration,mean_outageProbability,std_outageProbability
1,25,1000,314,100,0.02,0,0.05,0,0,0,400000000,10,0.1,56,0.312980709425556,0.266157923288753,0.00874210197863727,0.00902013405957766,0.0186618684057275,0.0806598331862287,0.000663601190144484,0.00319634183943641
2,25,1000,314,100,0.02,0,0.05,0,0,0,400000000,10,0.1,56,0.298228046910943,0.250040398509034,0.0111466061613228,0.0106918177740077,0.0137416058209675,0.0690347368905975,0.000448582728715287,0.00219117044974115
3,25,1000,314,100,0.02,0,0.05,0,0,0,400000000,10,0.1,56,0.308656408629502,0.256095528884135,0.0122083979810864,0.0125131432613833,0.0140935993690067,0.0706060137677726,0.00054446620026817,0.0030573853067596
4,25,1000,314,100,0.02,0,0.05,0,0,0,400000000,10,0.1,56,0.296638031412645,0.244005664043461,0.0119313568959214,0.0112876214849274,0.0160604246474526,0.0830771198756983,0.000909719209504402,0.00553265636639223
5,25,1000,314,100,0.02,0,0.05,0,0,0,400000000,10,0.1,56,0.305176727043164,0.242667712586152,0.0105167969441651,0.00953391464892096,0.0137433807801246,0.0661293541388709,0.000384081176531316,0.00176874374337825
6,25,1000,314,100,0.02,0,0.05,0,0,0,400000000,10,0.1,56,0.330527981424171,0.312743832277254,0.0126826447988252,0.0131332570072337,0.0170155295270292,0.0805708841584198,0.000470314066647998,0.00240131587713266
7,25,1000,314,100,0.02,0,0.05,0,0,0,400000000,10,0.1,56,0.291621407740521,0.242525113435306,0.0108507603334601,0.0112421733182757,0.0142581913217863,0.0719668394109666,0.000239141717343936,0.000829534831134901
8,25,1000,314,100,0.02,0,0.05,0,0,0,400000000,10,0.1,56,0.309979561009608,0.259851246217618,0.0118956652285535,0.011673869968473,0.0142617903961265,0.0690996689976521,0.000527492185321961,0.00276990828427178
