UEIdx,lambdaBS,lambdaUE,numBlockers,deployRange,discoveryDelay,failureDetectionDelay,connectionSetupDelay,signalingAfterRachDelay,frameHopCount,frameDeliveryDelay,minRatereq,powerFac,lower_bound_thresh,GroupCount,mean_meanOutageDuration_wo_CF,std_meanOutageDuration_wo_CF,mean_outageProbability_wo_CF,std_outageProbability_wo_CF,mean_meanOutageDuration,std_meanOutageDuration,mean_outageProbability,std_outageProbability
1,25,1000,314,100,0.02,0,0.05,0,0,0,400000000,10,0.1,74,0.360133769967396,0.266577461792045,0.0114751875361711,0.0109207881996951,0.0152064072562139,0.0703068917121882,0.000530563152902181,0.00278446717582774
2,25,1000,314,100,0.02,0,0.05,0,0,0,400000000,10,0.1,74,0.344930707739611,0.248426796251174,0.0128228357224608,0.010614373682077,0.0112195287959612,0.060090823743459,0.000367846475334136,0.00190733337486905
3,25,1000,314,100,0.02,0,0.05,0,0,0,400000000,10,0.1,74,0.355589306003193,0.254957501440623,0.0141552394029168,0.0129689825936354,0.0116437649340815,0.0614656151623503,0.000440406948626415,0.00266023789226297
4,25,1000,314,100,0.02,0,0.05,0,0,0,400000000,10,0.1,74,0.336291662868758,0.238366916326597,0.0126049266303062,0.0104968721252752,0.0131158616787367,0.0723039923087341,0.000716814616652018,0.00481455104237416
5,25,1000,314,100,0.02,0,0.05,0,0,0,400000000,10,0.1,74,0.345761520911366,0.24009026982508,0.0120252526811554,0.0100782488515105,0.0113984026080982,0.0575579028380503,0.000319034482239958,0.00153960980884456
6,25,1000,314,100,0.02,0,0.05,0,0,0,400000000,10,0.1,74,0.377795955415525,0.298919380854697,0.0150109278064715,0.0132728245222187,0.0136460767127145,0.0701929876227861,0.000384291821832772,0.00208993377138932
7,25,1000,314,100,0.02,0,0.05,0,0,0,400000000,10,0.1,74,0.328142640841094,0.238120423896024,0.0117449237535396,0.0111212922302406,0.0120768953632371,0.0626165011979412,0.000209350560872934,0.000721977565769502
8,25,1000,314,100,0.02,0,0.05,0,0,0,400000000,10,0.1,74,0.351408513244202,0.255007897758222,0.0137802833780468,0.0118450462741049,0.0116129750472965,0.0601667750548529,0.000427561747000455,0.00241082199102993
