UE idx,lambdaBS,lambdaUE_sub6,numBlockers,discoveryDelay,failureDetectionDelay,connectionSetupDelay,signalingAfterRachDelay,frameHopCount,frameDeliveryDelay,minRatereq,minRatereq_sub6,outageDuration_wo_CF_Analysis,outageDurationAnalysis,outageProbability_wo_CF_Analysis,outageProbabilityAnalysis,meanOutageDuration_wo_CF,outageProbability_wo_CF,meanOutageDuration,outageProbability
1,100,10,4000,0.05,0,0.05,0,0,0,1000000000,1000000,0.144381353,0.144381353,0.030153893,0.030153893,0.16755828,0.057249079,0.133452772,0.045596364
2,100,10,4000,0.05,0,0.05,0,0,0,1000000000,1000000,0.206058258,0.206058258,0.061883557,0.061883557,0.183675417,0.107143993,0.131597869,0.076765423
3,100,10,4000,0.05,0,0.05,0,0,0,1000000000,1000000,0.156768852,0.156768852,0.035963844,0.035963844,0.118278883,0.047311553,0.086671894,0.034668758
4,100,10,4000,0.05,0,0.05,0,0,0,1000000000,1000000,0.32606124,0.32606124,0.137716717,0.137716717,0.287572947,0.179733092,0.261341232,0.16333827
5,100,10,4000,0.05,0,0.05,0,0,0,1000000000,1000000,0.212313975,0.212313975,0.065445802,0.065445802,0.158564446,0.06871126,0.089926067,0.038967962
6,100,10,4000,0.05,0,0.05,0,0,0,1000000000,1000000,0.211301024,0.211301024,0.064865324,0.064865324,0.214654379,0.127003841,0.151172914,0.089443974
,,,,,,,,,,,,,,,,,0.097858803,,0.074796792
