UE idx,lambdaBS,numBlockers,discoveryDelay,failureDetectionDelay,connectionSetupDelay,signalingAfterRachDelay,frameHopCount,frameDeliveryDelay,minRatereq,outageDuration_wo_CF_Analysis,outageDurationAnalysis,outageProbability_wo_CF_Analysis,outageProbabilityAnalysis,meanOutageDuration_wo_CF,outageProbability_wo_CF,meanOutageDuration,outageProbability
1,50,4000,0.020000,0.000000,0.010000,0.000000,0.000000,0.000000,1000000000.000000,0.7925240845625455,0.0000000000000000,0.2591146273086973,0.0000000000000000,0.6633169725033830,0.3438192974142535,0.0000964729903593,0.0000500051666696
1,50,4000,0.020000,0.000000,0.020000,0.000000,0.000000,0.000000,1000000000.000000,0.5468189010982528,0.0000000000000000,0.2639094574030884,0.0000000000000000,0.6774800402535666,0.3489022207305868,0.0001294598058310,0.0000666718000030
1,50,4000,0.020000,0.000000,0.050000,0.000000,0.000000,0.000000,1000000000.000000,0.5870472326314662,0.0000000000000000,0.2779286679880591,0.0000000000000000,0.7211740008630166,0.3641928704358233,0.0002310330693127,0.0001166717000029
1,50,4000,0.050000,0.000000,0.010000,0.000000,0.000000,0.000000,1000000000.000000,0.8334314736334602,0.0000000000000000,0.2698253174995821,0.0000000000000000,0.7066390705204425,0.3592081941812248,0.0001967312786943,0.0001000050666696
1,50,4000,0.050000,0.000000,0.020000,0.000000,0.000000,0.000000,1000000000.000000,0.5772122986616136,0.0000000000000000,0.2745508306097920,0.0000000000000000,0.7211740008630166,0.3641928704358233,0.0002310330693127,0.0001166717000029
1,50,4000,0.050000,0.000000,0.050000,0.000000,0.000000,0.000000,1000000000.000000,0.6180307262448201,0.0000000000000000,0.2883673709480132,0.0000000000000000,0.7608940814417835,0.3779107271160858,0.0003355804362473,0.0001666716166695
