UE idx,lambdaBS,lambdaUE,deployRange,minRatereq,powerFac,lower_bound_thresh,pp_below
233,25,500,1000.000000,400000000.000000,10.000000,0.100000,56.6523605150214635
