UE idx,lambdaBS,lambdaUE,deployRange,minRatereq,powerFac,lower_bound_thresh,pp_below
175,25,500,1000.000000,400000000.000000,10.000000,0.100000,73.7142857142857082
