UE idx,lambdaBS,lambdaUE,deployRange,minRatereq,powerFac,lower_bound_thresh,pp_below
291,25,500,1000.000000,400000000.000000,10.000000,0.100000,41.9243986254295535
