UE idx,lambdaBS,lambdaUE,deployRange,minRatereq,powerFac,lower_bound_thresh,pp_below
204,25,500,1000.000000,400000000.000000,10.000000,0.100000,41.6666666666666714
