UE idx,lambdaBS,lambdaUE,deployRange,minRatereq,powerFac,lower_bound_thresh,pp_below
262,25,500,1000.000000,400000000.000000,10.000000,0.100000,45.4198473282442734
