UE idx,lambdaBS,lambdaUE,deployRange,minRatereq,powerFac,lower_bound_thresh,pp_below
30,25,250,1000.000000,400000000.000000,10.000000,0.100000,0.0000000000000000
